2026-01-04 15:57:58 [restartedMain] INFO  c.e.a.AiHealthCheckApplication - Starting AiHealthCheckApplication using Java 17.0.17 with PID 28620 (D:\桌面\云计算\build\classes\java\main started by lenovo in D:\桌面\云计算)
2026-01-04 15:57:58 [restartedMain] DEBUG c.e.a.AiHealthCheckApplication - Running with Spring Boot v3.2.0, Spring v6.1.1
2026-01-04 15:57:58 [restartedMain] INFO  c.e.a.AiHealthCheckApplication - No active profile set, falling back to 1 default profile: "default"
2026-01-04 15:57:58 [restartedMain] INFO  o.s.b.d.e.DevToolsPropertyDefaultsPostProcessor - Devtools property defaults active! Set 'spring.devtools.add-properties' to 'false' to disable
2026-01-04 15:57:58 [restartedMain] INFO  o.s.b.d.e.DevToolsPropertyDefaultsPostProcessor - For additional web related logging consider setting the 'logging.level.web' property to 'DEBUG'
2026-01-04 15:57:59 [restartedMain] INFO  o.s.d.r.c.RepositoryConfigurationDelegate - Bootstrapping Spring Data JPA repositories in DEFAULT mode.
2026-01-04 15:58:00 [restartedMain] INFO  o.s.d.r.c.RepositoryConfigurationDelegate - Finished Spring Data repository scanning in 243 ms. Found 19 JPA repository interfaces.
2026-01-04 15:58:02 [restartedMain] INFO  o.s.b.w.e.tomcat.TomcatWebServer - Tomcat initialized with port 8080 (http)
2026-01-04 15:58:02 [restartedMain] INFO  o.a.catalina.core.StandardService - Starting service [Tomcat]
2026-01-04 15:58:02 [restartedMain] INFO  o.a.catalina.core.StandardEngine - Starting Servlet engine: [Apache Tomcat/10.1.16]
2026-01-04 15:58:02 [restartedMain] INFO  o.a.c.c.C.[Tomcat].[localhost].[/] - Initializing Spring embedded WebApplicationContext
2026-01-04 15:58:02 [restartedMain] INFO  o.s.b.w.s.c.ServletWebServerApplicationContext - Root WebApplicationContext: initialization completed in 3989 ms
2026-01-04 15:58:02 [restartedMain] DEBUG o.s.o.j.LocalContainerEntityManagerFactoryBean - Building JPA container EntityManagerFactory for persistence unit 'default'
2026-01-04 15:58:02 [restartedMain] INFO  o.h.jpa.internal.util.LogHelper - HHH000204: Processing PersistenceUnitInfo [name: default]
2026-01-04 15:58:02 [restartedMain] INFO  org.hibernate.Version - HHH000412: Hibernate ORM core version 6.3.1.Final
2026-01-04 15:58:03 [restartedMain] INFO  o.h.c.i.RegionFactoryInitiator - HHH000026: Second-level cache disabled
2026-01-04 15:58:03 [restartedMain] INFO  o.s.o.j.p.SpringPersistenceUnitInfo - No LoadTimeWeaver setup: ignoring JPA class transformer
2026-01-04 15:58:03 [restartedMain] INFO  com.zaxxer.hikari.HikariDataSource - HikariPool-1 - Starting...
2026-01-04 15:58:04 [restartedMain] INFO  com.zaxxer.hikari.pool.HikariPool - HikariPool-1 - Added connection com.mysql.cj.jdbc.ConnectionImpl@318d624b
2026-01-04 15:58:04 [restartedMain] INFO  com.zaxxer.hikari.HikariDataSource - HikariPool-1 - Start completed.
2026-01-04 15:58:04 [restartedMain] WARN  org.hibernate.orm.deprecation - HHH90000025: MySQL8Dialect does not need to be specified explicitly using 'hibernate.dialect' (remove the property setting and it will be selected by default)
2026-01-04 15:58:04 [restartedMain] WARN  org.hibernate.orm.deprecation - HHH90000026: MySQL8Dialect has been deprecated; use org.hibernate.dialect.MySQLDialect instead
2026-01-04 15:58:04 [restartedMain] DEBUG o.h.t.d.sql.spi.DdlTypeRegistry - addDescriptor(12, org.hibernate.type.descriptor.sql.internal.CapacityDependentDdlType@179483aa) replaced previous registration(org.hibernate.type.descriptor.sql.internal.CapacityDependentDdlType@5646a93a)
2026-01-04 15:58:04 [restartedMain] DEBUG o.h.t.d.sql.spi.DdlTypeRegistry - addDescriptor(-9, org.hibernate.type.descriptor.sql.internal.CapacityDependentDdlType@33d1389b) replaced previous registration(org.hibernate.type.descriptor.sql.internal.CapacityDependentDdlType@462b1a58)
2026-01-04 15:58:04 [restartedMain] DEBUG o.h.t.d.sql.spi.DdlTypeRegistry - addDescriptor(-3, org.hibernate.type.descriptor.sql.internal.CapacityDependentDdlType@759158e4) replaced previous registration(org.hibernate.type.descriptor.sql.internal.CapacityDependentDdlType@167d3015)
2026-01-04 15:58:04 [restartedMain] DEBUG o.h.t.d.sql.spi.DdlTypeRegistry - addDescriptor(4003, org.hibernate.type.descriptor.sql.internal.DdlTypeImpl@2cd2c7a1) replaced previous registration(org.hibernate.type.descriptor.sql.internal.DdlTypeImpl@32b5f1b9)
2026-01-04 15:58:04 [restartedMain] DEBUG o.h.t.d.sql.spi.DdlTypeRegistry - addDescriptor(4001, org.hibernate.type.descriptor.sql.internal.DdlTypeImpl@4d9cd973) replaced previous registration(org.hibernate.type.descriptor.sql.internal.DdlTypeImpl@329eb54d)
2026-01-04 15:58:04 [restartedMain] DEBUG o.h.t.d.sql.spi.DdlTypeRegistry - addDescriptor(4002, org.hibernate.type.descriptor.sql.internal.DdlTypeImpl@84b8370) replaced previous registration(org.hibernate.type.descriptor.sql.internal.DdlTypeImpl@15ee93f9)
2026-01-04 15:58:04 [restartedMain] DEBUG o.h.t.d.sql.spi.DdlTypeRegistry - addDescriptor(2004, org.hibernate.type.descriptor.sql.internal.CapacityDependentDdlType@3e128776) replaced previous registration(org.hibernate.type.descriptor.sql.internal.DdlTypeImpl@79617924)
2026-01-04 15:58:04 [restartedMain] DEBUG o.h.t.d.sql.spi.DdlTypeRegistry - addDescriptor(2005, org.hibernate.type.descriptor.sql.internal.CapacityDependentDdlType@2de5357b) replaced previous registration(org.hibernate.type.descriptor.sql.internal.DdlTypeImpl@4cf51a65)
2026-01-04 15:58:04 [restartedMain] DEBUG o.h.t.d.sql.spi.DdlTypeRegistry - addDescriptor(2011, org.hibernate.type.descriptor.sql.internal.CapacityDependentDdlType@66f60dba) replaced previous registration(org.hibernate.type.descriptor.sql.internal.DdlTypeImpl@14acf019)
2026-01-04 15:58:07 [restartedMain] INFO  o.h.e.t.j.p.i.JtaPlatformInitiator - HHH000489: No JTA platform available (set 'hibernate.transaction.jta.platform' to enable JTA platform integration)
2026-01-04 15:58:07 [restartedMain] DEBUG org.hibernate.SQL - 
    alter table doctors 
       modify column level varchar(10) not null
2026-01-04 15:58:07 [restartedMain] INFO  o.s.o.j.LocalContainerEntityManagerFactoryBean - Initialized JPA EntityManagerFactory for persistence unit 'default'
2026-01-04 15:58:07 [restartedMain] INFO  c.e.a.config.LoggingConfig - ==============================
2026-01-04 15:58:07 [restartedMain] INFO  c.e.a.config.LoggingConfig - AI健康检查系统启动
2026-01-04 15:58:07 [restartedMain] INFO  c.e.a.config.LoggingConfig - 日志级别配置完成
2026-01-04 15:58:07 [restartedMain] INFO  c.e.a.config.LoggingConfig - 日志文件: logs/application.log
2026-01-04 15:58:07 [restartedMain] INFO  c.e.a.config.LoggingConfig - ==============================
2026-01-04 15:58:08 [restartedMain] DEBUG o.s.d.j.r.c.JpaMetamodelMappingContextFactoryBean - Initializing JpaMetamodelMappingContext…
2026-01-04 15:58:08 [restartedMain] DEBUG o.s.d.j.r.c.JpaMetamodelMappingContextFactoryBean - Finished initializing JpaMetamodelMappingContext
2026-01-04 15:58:08 [restartedMain] DEBUG o.s.o.j.SharedEntityManagerCreator$SharedEntityManagerInvocationHandler - Creating new EntityManager for shared EntityManager invocation
2026-01-04 15:58:08 [restartedMain] DEBUG o.s.o.j.SharedEntityManagerCreator$SharedEntityManagerInvocationHandler - Creating new EntityManager for shared EntityManager invocation
2026-01-04 15:58:08 [restartedMain] DEBUG o.s.o.j.SharedEntityManagerCreator$SharedEntityManagerInvocationHandler - Creating new EntityManager for shared EntityManager invocation
2026-01-04 15:58:08 [restartedMain] DEBUG o.s.d.j.repository.query.NamedQuery - Looking up named query ModelFile.findByIsActiveTrue
2026-01-04 15:58:08 [restartedMain] DEBUG o.s.d.j.repository.query.NamedQuery - Did not find named query ModelFile.findByIsActiveTrue
2026-01-04 15:58:08 [restartedMain] DEBUG o.s.o.j.SharedEntityManagerCreator$SharedEntityManagerInvocationHandler - Creating new EntityManager for shared EntityManager invocation
2026-01-04 15:58:08 [restartedMain] DEBUG o.s.d.j.repository.query.NamedQuery - Looking up named query ModelFile.findByName
2026-01-04 15:58:08 [restartedMain] DEBUG o.s.d.j.repository.query.NamedQuery - Did not find named query ModelFile.findByName
2026-01-04 15:58:08 [restartedMain] DEBUG o.s.o.j.SharedEntityManagerCreator$SharedEntityManagerInvocationHandler - Creating new EntityManager for shared EntityManager invocation
2026-01-04 15:58:08 [restartedMain] DEBUG o.s.d.j.repository.query.NamedQuery - Looking up named query ModelFile.findByModelType
2026-01-04 15:58:08 [restartedMain] DEBUG o.s.d.j.repository.query.NamedQuery - Did not find named query ModelFile.findByModelType
2026-01-04 15:58:08 [restartedMain] DEBUG o.s.o.j.SharedEntityManagerCreator$SharedEntityManagerInvocationHandler - Creating new EntityManager for shared EntityManager invocation
2026-01-04 15:58:08 [restartedMain] DEBUG o.s.d.j.repository.query.NamedQuery - Looking up named query ModelFile.findByIsActive
2026-01-04 15:58:08 [restartedMain] DEBUG o.s.d.j.repository.query.NamedQuery - Did not find named query ModelFile.findByIsActive
2026-01-04 15:58:08 [restartedMain] DEBUG o.s.o.j.SharedEntityManagerCreator$SharedEntityManagerInvocationHandler - Creating new EntityManager for shared EntityManager invocation
2026-01-04 15:58:08 [restartedMain] DEBUG o.s.o.j.SharedEntityManagerCreator$SharedEntityManagerInvocationHandler - Creating new EntityManager for shared EntityManager invocation
2026-01-04 15:58:08 [restartedMain] DEBUG o.s.o.j.SharedEntityManagerCreator$SharedEntityManagerInvocationHandler - Creating new EntityManager for shared EntityManager invocation
2026-01-04 15:58:08 [restartedMain] DEBUG o.s.d.j.repository.query.NamedQuery - Looking up named query User.existsByAccount
2026-01-04 15:58:08 [restartedMain] DEBUG o.s.d.j.repository.query.NamedQuery - Did not find named query User.existsByAccount
2026-01-04 15:58:08 [restartedMain] DEBUG o.s.o.j.SharedEntityManagerCreator$SharedEntityManagerInvocationHandler - Creating new EntityManager for shared EntityManager invocation
2026-01-04 15:58:08 [restartedMain] DEBUG o.s.d.j.repository.query.NamedQuery - Looking up named query User.findByAccount
2026-01-04 15:58:08 [restartedMain] DEBUG o.s.d.j.repository.query.NamedQuery - Did not find named query User.findByAccount
2026-01-04 15:58:08 [restartedMain] DEBUG o.s.o.j.SharedEntityManagerCreator$SharedEntityManagerInvocationHandler - Creating new EntityManager for shared EntityManager invocation
2026-01-04 15:58:08 [restartedMain] DEBUG o.s.d.j.repository.query.NamedQuery - Looking up named query User.findByAccountAndPassword
2026-01-04 15:58:08 [restartedMain] DEBUG o.s.d.j.repository.query.NamedQuery - Did not find named query User.findByAccountAndPassword
2026-01-04 15:58:08 [restartedMain] DEBUG o.s.o.j.SharedEntityManagerCreator$SharedEntityManagerInvocationHandler - Creating new EntityManager for shared EntityManager invocation
2026-01-04 15:58:08 [restartedMain] TRACE o.s.t.a.AnnotationTransactionAttributeSource - Adding transactional method 'com.example.aihealthcheck.service.UserService.count' with attribute: PROPAGATION_REQUIRED,ISOLATION_DEFAULT
2026-01-04 15:58:08 [restartedMain] TRACE o.s.t.a.AnnotationTransactionAttributeSource - Adding transactional method 'com.example.aihealthcheck.service.UserService.delete' with attribute: PROPAGATION_REQUIRED,ISOLATION_DEFAULT
2026-01-04 15:58:08 [restartedMain] TRACE o.s.t.a.AnnotationTransactionAttributeSource - Adding transactional method 'com.example.aihealthcheck.service.UserService.save' with attribute: PROPAGATION_REQUIRED,ISOLATION_DEFAULT
2026-01-04 15:58:08 [restartedMain] TRACE o.s.t.a.AnnotationTransactionAttributeSource - Adding transactional method 'com.example.aihealthcheck.service.UserService.exists' with attribute: PROPAGATION_REQUIRED,ISOLATION_DEFAULT
2026-01-04 15:58:08 [restartedMain] TRACE o.s.t.a.AnnotationTransactionAttributeSource - Adding transactional method 'com.example.aihealthcheck.service.UserService.findById' with attribute: PROPAGATION_REQUIRED,ISOLATION_DEFAULT
2026-01-04 15:58:08 [restartedMain] TRACE o.s.t.a.AnnotationTransactionAttributeSource - Adding transactional method 'com.example.aihealthcheck.service.UserService.login' with attribute: PROPAGATION_REQUIRED,ISOLATION_DEFAULT
2026-01-04 15:58:08 [restartedMain] TRACE o.s.t.a.AnnotationTransactionAttributeSource - Adding transactional method 'com.example.aihealthcheck.service.UserService.countUsersByCategory' with attribute: PROPAGATION_REQUIRED,ISOLATION_DEFAULT
2026-01-04 15:58:08 [restartedMain] TRACE o.s.t.a.AnnotationTransactionAttributeSource - Adding transactional method 'com.example.aihealthcheck.service.UserService.resetPassword' with attribute: PROPAGATION_REQUIRED,ISOLATION_DEFAULT
2026-01-04 15:58:08 [restartedMain] TRACE o.s.t.a.AnnotationTransactionAttributeSource - Adding transactional method 'com.example.aihealthcheck.service.UserService.getDoctors' with attribute: PROPAGATION_REQUIRED,ISOLATION_DEFAULT
2026-01-04 15:58:08 [restartedMain] TRACE o.s.t.a.AnnotationTransactionAttributeSource - Adding transactional method 'com.example.aihealthcheck.service.UserService.registerUser' with attribute: PROPAGATION_REQUIRED,ISOLATION_DEFAULT
2026-01-04 15:58:08 [restartedMain] TRACE o.s.t.a.AnnotationTransactionAttributeSource - Adding transactional method 'com.example.aihealthcheck.service.UserService.searchUsers' with attribute: PROPAGATION_REQUIRED,ISOLATION_DEFAULT
2026-01-04 15:58:08 [restartedMain] TRACE o.s.t.a.AnnotationTransactionAttributeSource - Adding transactional method 'com.example.aihealthcheck.service.UserService.findByAccount' with attribute: PROPAGATION_REQUIRED,ISOLATION_DEFAULT
2026-01-04 15:58:08 [restartedMain] TRACE o.s.t.a.AnnotationTransactionAttributeSource - Adding transactional method 'com.example.aihealthcheck.service.UserService.deleteUser' with attribute: PROPAGATION_REQUIRED,ISOLATION_DEFAULT
2026-01-04 15:58:08 [restartedMain] TRACE o.s.t.a.AnnotationTransactionAttributeSource - Adding transactional method 'com.example.aihealthcheck.service.UserService.getUsersByCategory' with attribute: PROPAGATION_REQUIRED,ISOLATION_DEFAULT
2026-01-04 15:58:08 [restartedMain] TRACE o.s.t.a.AnnotationTransactionAttributeSource - Adding transactional method 'com.example.aihealthcheck.service.UserService.updateUser' with attribute: PROPAGATION_REQUIRED,ISOLATION_DEFAULT
2026-01-04 15:58:08 [restartedMain] TRACE o.s.t.a.AnnotationTransactionAttributeSource - Adding transactional method 'com.example.aihealthcheck.service.UserService.getUserById' with attribute: PROPAGATION_REQUIRED,ISOLATION_DEFAULT
2026-01-04 15:58:08 [restartedMain] TRACE o.s.t.a.AnnotationTransactionAttributeSource - Adding transactional method 'com.example.aihealthcheck.service.UserService.createUser' with attribute: PROPAGATION_REQUIRED,ISOLATION_DEFAULT
2026-01-04 15:58:08 [restartedMain] TRACE o.s.t.a.AnnotationTransactionAttributeSource - Adding transactional method 'com.example.aihealthcheck.service.UserService.getAllUsers' with attribute: PROPAGATION_REQUIRED,ISOLATION_DEFAULT
2026-01-04 15:58:08 [restartedMain] TRACE o.s.t.a.AnnotationTransactionAttributeSource - Adding transactional method 'com.example.aihealthcheck.service.UserService.validateCredentials' with attribute: PROPAGATION_REQUIRED,ISOLATION_DEFAULT
2026-01-04 15:58:08 [restartedMain] TRACE o.s.t.a.AnnotationTransactionAttributeSource - Adding transactional method 'com.example.aihealthcheck.service.UserService.existsByAccount' with attribute: PROPAGATION_REQUIRED,ISOLATION_DEFAULT
2026-01-04 15:58:08 [restartedMain] TRACE o.s.t.a.AnnotationTransactionAttributeSource - Adding transactional method 'com.example.aihealthcheck.service.UserService.getPatients' with attribute: PROPAGATION_REQUIRED,ISOLATION_DEFAULT
2026-01-04 15:58:08 [restartedMain] TRACE o.s.t.a.AnnotationTransactionAttributeSource - Adding transactional method 'com.example.aihealthcheck.service.UserService.changePassword' with attribute: PROPAGATION_REQUIRED,ISOLATION_DEFAULT
2026-01-04 15:58:08 [restartedMain] DEBUG o.s.o.j.SharedEntityManagerCreator$SharedEntityManagerInvocationHandler - Creating new EntityManager for shared EntityManager invocation
2026-01-04 15:58:08 [restartedMain] DEBUG o.s.o.j.SharedEntityManagerCreator$SharedEntityManagerInvocationHandler - Creating new EntityManager for shared EntityManager invocation
2026-01-04 15:58:08 [restartedMain] INFO  o.s.d.j.r.query.QueryEnhancerFactory - Hibernate is in classpath; If applicable, HQL parser will be used.
2026-01-04 15:58:09 [restartedMain] DEBUG o.s.d.j.repository.query.NamedQuery - Did not find named query HealthBlood.findHighRiskRecordsByUserId.count
2026-01-04 15:58:09 [restartedMain] DEBUG o.s.o.j.SharedEntityManagerCreator$SharedEntityManagerInvocationHandler - Creating new EntityManager for shared EntityManager invocation
2026-01-04 15:58:09 [restartedMain] DEBUG o.s.d.j.repository.query.NamedQuery - Looking up named query HealthBlood.findByUserIdOrderByCheckDateDesc
2026-01-04 15:58:09 [restartedMain] DEBUG o.s.d.j.repository.query.NamedQuery - Did not find named query HealthBlood.findByUserIdOrderByCheckDateDesc
2026-01-04 15:58:09 [restartedMain] DEBUG o.s.o.j.SharedEntityManagerCreator$SharedEntityManagerInvocationHandler - Creating new EntityManager for shared EntityManager invocation
2026-01-04 15:58:09 [restartedMain] DEBUG o.s.d.j.repository.query.NamedQuery - Looking up named query HealthBlood.countByUserId
2026-01-04 15:58:09 [restartedMain] DEBUG o.s.d.j.repository.query.NamedQuery - Did not find named query HealthBlood.countByUserId
2026-01-04 15:58:09 [restartedMain] DEBUG o.s.o.j.SharedEntityManagerCreator$SharedEntityManagerInvocationHandler - Creating new EntityManager for shared EntityManager invocation
2026-01-04 15:58:09 [restartedMain] DEBUG o.s.d.j.repository.query.NamedQuery - Did not find named query HealthBlood.existsPrediction.count
2026-01-04 15:58:09 [restartedMain] DEBUG o.s.o.j.SharedEntityManagerCreator$SharedEntityManagerInvocationHandler - Creating new EntityManager for shared EntityManager invocation
2026-01-04 15:58:09 [restartedMain] DEBUG o.s.d.j.repository.query.NamedQuery - Did not find named query HealthBlood.countPredictionsByUserId.count
2026-01-04 15:58:09 [restartedMain] DEBUG o.s.o.j.SharedEntityManagerCreator$SharedEntityManagerInvocationHandler - Creating new EntityManager for shared EntityManager invocation
2026-01-04 15:58:09 [restartedMain] DEBUG o.s.d.j.repository.query.NamedQuery - Looking up named query HealthBlood.findByUserId
2026-01-04 15:58:09 [restartedMain] DEBUG o.s.d.j.repository.query.NamedQuery - Did not find named query HealthBlood.findByUserId
2026-01-04 15:58:09 [restartedMain] DEBUG o.s.o.j.SharedEntityManagerCreator$SharedEntityManagerInvocationHandler - Creating new EntityManager for shared EntityManager invocation
2026-01-04 15:58:09 [restartedMain] DEBUG o.s.d.j.repository.query.NamedQuery - Did not find named query HealthBlood.findLatestPredictionsByUserId.count
2026-01-04 15:58:09 [restartedMain] DEBUG o.s.o.j.SharedEntityManagerCreator$SharedEntityManagerInvocationHandler - Creating new EntityManager for shared EntityManager invocation
2026-01-04 15:58:09 [restartedMain] DEBUG o.s.d.j.repository.query.NamedQuery - Looking up named query HealthBlood.countByUserIdAndRiskLevel
2026-01-04 15:58:09 [restartedMain] DEBUG o.s.d.j.repository.query.NamedQuery - Did not find named query HealthBlood.countByUserIdAndRiskLevel
2026-01-04 15:58:09 [restartedMain] DEBUG o.s.o.j.SharedEntityManagerCreator$SharedEntityManagerInvocationHandler - Creating new EntityManager for shared EntityManager invocation
2026-01-04 15:58:09 [restartedMain] DEBUG o.s.d.j.repository.query.NamedQuery - Did not find named query HealthBlood.findByUserIdAndDateRange.count
2026-01-04 15:58:09 [restartedMain] DEBUG o.s.o.j.SharedEntityManagerCreator$SharedEntityManagerInvocationHandler - Creating new EntityManager for shared EntityManager invocation
2026-01-04 15:58:09 [restartedMain] DEBUG o.s.d.j.repository.query.NamedQuery - Did not find named query HealthBlood.findHighRiskRecords.count
2026-01-04 15:58:09 [restartedMain] DEBUG o.s.o.j.SharedEntityManagerCreator$SharedEntityManagerInvocationHandler - Creating new EntityManager for shared EntityManager invocation
2026-01-04 15:58:10 [restartedMain] DEBUG o.s.d.j.repository.query.NamedQuery - Looking up named query HealthBlood.findByRiskLevel
2026-01-04 15:58:10 [restartedMain] DEBUG o.s.d.j.repository.query.NamedQuery - Did not find named query HealthBlood.findByRiskLevel
2026-01-04 15:58:10 [restartedMain] DEBUG o.s.o.j.SharedEntityManagerCreator$SharedEntityManagerInvocationHandler - Creating new EntityManager for shared EntityManager invocation
2026-01-04 15:58:10 [restartedMain] DEBUG o.s.d.j.repository.query.NamedQuery - Looking up named query HealthBlood.findByUserIdAndCheckDate
2026-01-04 15:58:10 [restartedMain] DEBUG o.s.d.j.repository.query.NamedQuery - Did not find named query HealthBlood.findByUserIdAndCheckDate
2026-01-04 15:58:10 [restartedMain] DEBUG o.s.o.j.SharedEntityManagerCreator$SharedEntityManagerInvocationHandler - Creating new EntityManager for shared EntityManager invocation
2026-01-04 15:58:10 [restartedMain] DEBUG o.s.d.j.repository.query.NamedQuery - Looking up named query HealthBlood.findByRiskLevelAndUserId
2026-01-04 15:58:10 [restartedMain] DEBUG o.s.d.j.repository.query.NamedQuery - Did not find named query HealthBlood.findByRiskLevelAndUserId
2026-01-04 15:58:10 [restartedMain] DEBUG o.s.o.j.SharedEntityManagerCreator$SharedEntityManagerInvocationHandler - Creating new EntityManager for shared EntityManager invocation
2026-01-04 15:58:10 [restartedMain] DEBUG o.s.o.j.SharedEntityManagerCreator$SharedEntityManagerInvocationHandler - Creating new EntityManager for shared EntityManager invocation
2026-01-04 15:58:10 [restartedMain] DEBUG o.s.o.j.SharedEntityManagerCreator$SharedEntityManagerInvocationHandler - Creating new EntityManager for shared EntityManager invocation
2026-01-04 15:58:10 [restartedMain] DEBUG o.s.d.j.repository.query.NamedQuery - Looking up named query HealthUrine.findByUserIdAndCheckDate
2026-01-04 15:58:10 [restartedMain] DEBUG o.s.d.j.repository.query.NamedQuery - Did not find named query HealthUrine.findByUserIdAndCheckDate
2026-01-04 15:58:10 [restartedMain] DEBUG o.s.o.j.SharedEntityManagerCreator$SharedEntityManagerInvocationHandler - Creating new EntityManager for shared EntityManager invocation
2026-01-04 15:58:10 [restartedMain] DEBUG o.s.d.j.repository.query.NamedQuery - Looking up named query HealthUrine.findByRiskLevel
2026-01-04 15:58:10 [restartedMain] DEBUG o.s.d.j.repository.query.NamedQuery - Did not find named query HealthUrine.findByRiskLevel
2026-01-04 15:58:10 [restartedMain] DEBUG o.s.o.j.SharedEntityManagerCreator$SharedEntityManagerInvocationHandler - Creating new EntityManager for shared EntityManager invocation
2026-01-04 15:58:10 [restartedMain] DEBUG o.s.d.j.repository.query.NamedQuery - Looking up named query HealthUrine.countByUserIdAndRiskLevel
2026-01-04 15:58:10 [restartedMain] DEBUG o.s.d.j.repository.query.NamedQuery - Did not find named query HealthUrine.countByUserIdAndRiskLevel
2026-01-04 15:58:10 [restartedMain] DEBUG o.s.o.j.SharedEntityManagerCreator$SharedEntityManagerInvocationHandler - Creating new EntityManager for shared EntityManager invocation
2026-01-04 15:58:10 [restartedMain] DEBUG o.s.d.j.repository.query.NamedQuery - Looking up named query HealthUrine.findByUserId
2026-01-04 15:58:10 [restartedMain] DEBUG o.s.d.j.repository.query.NamedQuery - Did not find named query HealthUrine.findByUserId
2026-01-04 15:58:10 [restartedMain] DEBUG o.s.o.j.SharedEntityManagerCreator$SharedEntityManagerInvocationHandler - Creating new EntityManager for shared EntityManager invocation
2026-01-04 15:58:10 [restartedMain] DEBUG o.s.d.j.repository.query.NamedQuery - Looking up named query HealthUrine.findByRiskLevelAndUserId
2026-01-04 15:58:10 [restartedMain] DEBUG o.s.d.j.repository.query.NamedQuery - Did not find named query HealthUrine.findByRiskLevelAndUserId
2026-01-04 15:58:10 [restartedMain] DEBUG o.s.o.j.SharedEntityManagerCreator$SharedEntityManagerInvocationHandler - Creating new EntityManager for shared EntityManager invocation
2026-01-04 15:58:10 [restartedMain] DEBUG o.s.d.j.repository.query.NamedQuery - Did not find named query HealthUrine.findHighRiskRecords.count
2026-01-04 15:58:10 [restartedMain] DEBUG o.s.o.j.SharedEntityManagerCreator$SharedEntityManagerInvocationHandler - Creating new EntityManager for shared EntityManager invocation
2026-01-04 15:58:10 [restartedMain] DEBUG o.s.d.j.repository.query.NamedQuery - Did not find named query HealthUrine.existsPrediction.count
2026-01-04 15:58:10 [restartedMain] DEBUG o.s.o.j.SharedEntityManagerCreator$SharedEntityManagerInvocationHandler - Creating new EntityManager for shared EntityManager invocation
2026-01-04 15:58:10 [restartedMain] DEBUG o.s.d.j.repository.query.NamedQuery - Looking up named query HealthUrine.findByUserIdOrderByCheckDateDesc
2026-01-04 15:58:10 [restartedMain] DEBUG o.s.d.j.repository.query.NamedQuery - Did not find named query HealthUrine.findByUserIdOrderByCheckDateDesc
2026-01-04 15:58:10 [restartedMain] DEBUG o.s.o.j.SharedEntityManagerCreator$SharedEntityManagerInvocationHandler - Creating new EntityManager for shared EntityManager invocation
2026-01-04 15:58:10 [restartedMain] DEBUG o.s.d.j.repository.query.NamedQuery - Looking up named query HealthUrine.countByUserId
2026-01-04 15:58:10 [restartedMain] DEBUG o.s.d.j.repository.query.NamedQuery - Did not find named query HealthUrine.countByUserId
2026-01-04 15:58:10 [restartedMain] DEBUG o.s.o.j.SharedEntityManagerCreator$SharedEntityManagerInvocationHandler - Creating new EntityManager for shared EntityManager invocation
2026-01-04 15:58:10 [restartedMain] DEBUG o.s.d.j.repository.query.NamedQuery - Did not find named query HealthUrine.findByUserIdAndDateRange.count
2026-01-04 15:58:10 [restartedMain] DEBUG o.s.o.j.SharedEntityManagerCreator$SharedEntityManagerInvocationHandler - Creating new EntityManager for shared EntityManager invocation
2026-01-04 15:58:10 [restartedMain] DEBUG o.s.o.j.SharedEntityManagerCreator$SharedEntityManagerInvocationHandler - Creating new EntityManager for shared EntityManager invocation
2026-01-04 15:58:10 [restartedMain] DEBUG o.s.o.j.SharedEntityManagerCreator$SharedEntityManagerInvocationHandler - Creating new EntityManager for shared EntityManager invocation
2026-01-04 15:58:10 [restartedMain] DEBUG o.s.d.j.repository.query.NamedQuery - Looking up named query HealthLiver.findByUserId
2026-01-04 15:58:10 [restartedMain] DEBUG o.s.d.j.repository.query.NamedQuery - Did not find named query HealthLiver.findByUserId
2026-01-04 15:58:10 [restartedMain] DEBUG o.s.o.j.SharedEntityManagerCreator$SharedEntityManagerInvocationHandler - Creating new EntityManager for shared EntityManager invocation
2026-01-04 15:58:10 [restartedMain] DEBUG o.s.d.j.repository.query.NamedQuery - Looking up named query HealthLiver.findByRiskLevel
2026-01-04 15:58:10 [restartedMain] DEBUG o.s.d.j.repository.query.NamedQuery - Did not find named query HealthLiver.findByRiskLevel
2026-01-04 15:58:10 [restartedMain] DEBUG o.s.o.j.SharedEntityManagerCreator$SharedEntityManagerInvocationHandler - Creating new EntityManager for shared EntityManager invocation
2026-01-04 15:58:10 [restartedMain] DEBUG o.s.d.j.repository.query.NamedQuery - Looking up named query HealthLiver.findByUserIdAndCheckDate
2026-01-04 15:58:10 [restartedMain] DEBUG o.s.d.j.repository.query.NamedQuery - Did not find named query HealthLiver.findByUserIdAndCheckDate
2026-01-04 15:58:10 [restartedMain] DEBUG o.s.o.j.SharedEntityManagerCreator$SharedEntityManagerInvocationHandler - Creating new EntityManager for shared EntityManager invocation
2026-01-04 15:58:10 [restartedMain] DEBUG o.s.d.j.repository.query.NamedQuery - Did not find named query HealthLiver.findByUserIdAndDateRange.count
2026-01-04 15:58:10 [restartedMain] DEBUG o.s.o.j.SharedEntityManagerCreator$SharedEntityManagerInvocationHandler - Creating new EntityManager for shared EntityManager invocation
2026-01-04 15:58:10 [restartedMain] DEBUG o.s.d.j.repository.query.NamedQuery - Looking up named query HealthLiver.findByUserIdOrderByCheckDateDesc
2026-01-04 15:58:10 [restartedMain] DEBUG o.s.d.j.repository.query.NamedQuery - Did not find named query HealthLiver.findByUserIdOrderByCheckDateDesc
2026-01-04 15:58:10 [restartedMain] DEBUG o.s.o.j.SharedEntityManagerCreator$SharedEntityManagerInvocationHandler - Creating new EntityManager for shared EntityManager invocation
2026-01-04 15:58:10 [restartedMain] DEBUG o.s.d.j.repository.query.NamedQuery - Did not find named query HealthLiver.existsPrediction.count
2026-01-04 15:58:10 [restartedMain] DEBUG o.s.o.j.SharedEntityManagerCreator$SharedEntityManagerInvocationHandler - Creating new EntityManager for shared EntityManager invocation
2026-01-04 15:58:10 [restartedMain] DEBUG o.s.o.j.SharedEntityManagerCreator$SharedEntityManagerInvocationHandler - Creating new EntityManager for shared EntityManager invocation
2026-01-04 15:58:10 [restartedMain] DEBUG o.s.o.j.SharedEntityManagerCreator$SharedEntityManagerInvocationHandler - Creating new EntityManager for shared EntityManager invocation
2026-01-04 15:58:10 [restartedMain] DEBUG o.s.d.j.repository.query.NamedQuery - Looking up named query HealthKidney.findByUserId
2026-01-04 15:58:10 [restartedMain] DEBUG o.s.d.j.repository.query.NamedQuery - Did not find named query HealthKidney.findByUserId
2026-01-04 15:58:10 [restartedMain] DEBUG o.s.o.j.SharedEntityManagerCreator$SharedEntityManagerInvocationHandler - Creating new EntityManager for shared EntityManager invocation
2026-01-04 15:58:10 [restartedMain] DEBUG o.s.d.j.repository.query.NamedQuery - Looking up named query HealthKidney.findByUserIdAndCheckDate
2026-01-04 15:58:10 [restartedMain] DEBUG o.s.d.j.repository.query.NamedQuery - Did not find named query HealthKidney.findByUserIdAndCheckDate
2026-01-04 15:58:10 [restartedMain] DEBUG o.s.o.j.SharedEntityManagerCreator$SharedEntityManagerInvocationHandler - Creating new EntityManager for shared EntityManager invocation
2026-01-04 15:58:10 [restartedMain] DEBUG o.s.d.j.repository.query.NamedQuery - Looking up named query HealthKidney.findByRiskLevel
2026-01-04 15:58:10 [restartedMain] DEBUG o.s.d.j.repository.query.NamedQuery - Did not find named query HealthKidney.findByRiskLevel
2026-01-04 15:58:10 [restartedMain] DEBUG o.s.o.j.SharedEntityManagerCreator$SharedEntityManagerInvocationHandler - Creating new EntityManager for shared EntityManager invocation
2026-01-04 15:58:10 [restartedMain] DEBUG o.s.d.j.repository.query.NamedQuery - Did not find named query HealthKidney.existsPrediction.count
2026-01-04 15:58:10 [restartedMain] DEBUG o.s.o.j.SharedEntityManagerCreator$SharedEntityManagerInvocationHandler - Creating new EntityManager for shared EntityManager invocation
2026-01-04 15:58:10 [restartedMain] DEBUG o.s.d.j.repository.query.NamedQuery - Looking up named query HealthKidney.findByUserIdOrderByCheckDateDesc
2026-01-04 15:58:10 [restartedMain] DEBUG o.s.d.j.repository.query.NamedQuery - Did not find named query HealthKidney.findByUserIdOrderByCheckDateDesc
2026-01-04 15:58:10 [restartedMain] DEBUG o.s.o.j.SharedEntityManagerCreator$SharedEntityManagerInvocationHandler - Creating new EntityManager for shared EntityManager invocation
2026-01-04 15:58:10 [restartedMain] DEBUG o.s.d.j.repository.query.NamedQuery - Did not find named query HealthKidney.findByUserIdAndDateRange.count
2026-01-04 15:58:10 [restartedMain] DEBUG o.s.o.j.SharedEntityManagerCreator$SharedEntityManagerInvocationHandler - Creating new EntityManager for shared EntityManager invocation
2026-01-04 15:58:10 [restartedMain] DEBUG o.s.o.j.SharedEntityManagerCreator$SharedEntityManagerInvocationHandler - Creating new EntityManager for shared EntityManager invocation
2026-01-04 15:58:10 [restartedMain] DEBUG o.s.o.j.SharedEntityManagerCreator$SharedEntityManagerInvocationHandler - Creating new EntityManager for shared EntityManager invocation
2026-01-04 15:58:10 [restartedMain] DEBUG o.s.d.j.repository.query.NamedQuery - Looking up named query Department.findByDeptName
2026-01-04 15:58:10 [restartedMain] DEBUG o.s.d.j.repository.query.NamedQuery - Did not find named query Department.findByDeptName
2026-01-04 15:58:10 [restartedMain] DEBUG o.s.o.j.SharedEntityManagerCreator$SharedEntityManagerInvocationHandler - Creating new EntityManager for shared EntityManager invocation
2026-01-04 15:58:10 [restartedMain] DEBUG o.s.d.j.repository.query.NamedQuery - Looking up named query Department.findAllByOrderByDeptNameAsc
2026-01-04 15:58:10 [restartedMain] DEBUG o.s.d.j.repository.query.NamedQuery - Did not find named query Department.findAllByOrderByDeptNameAsc
2026-01-04 15:58:10 [restartedMain] DEBUG o.s.o.j.SharedEntityManagerCreator$SharedEntityManagerInvocationHandler - Creating new EntityManager for shared EntityManager invocation
2026-01-04 15:58:10 [restartedMain] DEBUG o.s.d.j.repository.query.NamedQuery - Looking up named query Department.existsByDeptCode
2026-01-04 15:58:10 [restartedMain] DEBUG o.s.d.j.repository.query.NamedQuery - Did not find named query Department.existsByDeptCode
2026-01-04 15:58:10 [restartedMain] DEBUG o.s.o.j.SharedEntityManagerCreator$SharedEntityManagerInvocationHandler - Creating new EntityManager for shared EntityManager invocation
2026-01-04 15:58:10 [restartedMain] DEBUG o.s.d.j.repository.query.NamedQuery - Looking up named query Department.findByDeptCode
2026-01-04 15:58:10 [restartedMain] DEBUG o.s.d.j.repository.query.NamedQuery - Did not find named query Department.findByDeptCode
2026-01-04 15:58:10 [restartedMain] DEBUG o.s.o.j.SharedEntityManagerCreator$SharedEntityManagerInvocationHandler - Creating new EntityManager for shared EntityManager invocation
2026-01-04 15:58:10 [restartedMain] DEBUG o.s.d.j.repository.query.NamedQuery - Did not find named query Department.searchByKeyword.count
2026-01-04 15:58:10 [restartedMain] DEBUG o.s.o.j.SharedEntityManagerCreator$SharedEntityManagerInvocationHandler - Creating new EntityManager for shared EntityManager invocation
2026-01-04 15:58:10 [restartedMain] DEBUG o.s.o.j.SharedEntityManagerCreator$SharedEntityManagerInvocationHandler - Creating new EntityManager for shared EntityManager invocation
2026-01-04 15:58:10 [restartedMain] DEBUG o.s.o.j.SharedEntityManagerCreator$SharedEntityManagerInvocationHandler - Creating new EntityManager for shared EntityManager invocation
2026-01-04 15:58:10 [restartedMain] DEBUG o.s.d.j.repository.query.NamedQuery - Did not find named query Doctor.countByDeptId.count
2026-01-04 15:58:10 [restartedMain] DEBUG o.s.o.j.SharedEntityManagerCreator$SharedEntityManagerInvocationHandler - Creating new EntityManager for shared EntityManager invocation
2026-01-04 15:58:10 [restartedMain] DEBUG o.s.d.j.repository.query.NamedQuery - Did not find named query Doctor.findByDeptCodeAndName.count
2026-01-04 15:58:10 [restartedMain] DEBUG o.s.o.j.SharedEntityManagerCreator$SharedEntityManagerInvocationHandler - Creating new EntityManager for shared EntityManager invocation
2026-01-04 15:58:10 [restartedMain] DEBUG o.s.d.j.repository.query.NamedQuery - Did not find named query Doctor.findByDeptCode.count
2026-01-04 15:58:10 [restartedMain] DEBUG o.s.o.j.SharedEntityManagerCreator$SharedEntityManagerInvocationHandler - Creating new EntityManager for shared EntityManager invocation
2026-01-04 15:58:10 [restartedMain] DEBUG o.s.d.j.repository.query.NamedQuery - Did not find named query Doctor.findAllOrderByFee.count
2026-01-04 15:58:10 [restartedMain] DEBUG o.s.o.j.SharedEntityManagerCreator$SharedEntityManagerInvocationHandler - Creating new EntityManager for shared EntityManager invocation
2026-01-04 15:58:10 [restartedMain] DEBUG o.s.d.j.repository.query.NamedQuery - Looking up named query Doctor.findByLevel
2026-01-04 15:58:10 [restartedMain] DEBUG o.s.d.j.repository.query.NamedQuery - Did not find named query Doctor.findByLevel
2026-01-04 15:58:10 [restartedMain] DEBUG o.s.o.j.SharedEntityManagerCreator$SharedEntityManagerInvocationHandler - Creating new EntityManager for shared EntityManager invocation
2026-01-04 15:58:10 [restartedMain] DEBUG o.s.d.j.repository.query.NamedQuery - Looking up named query Doctor.findByUserId
2026-01-04 15:58:10 [restartedMain] DEBUG o.s.d.j.repository.query.NamedQuery - Did not find named query Doctor.findByUserId
2026-01-04 15:58:10 [restartedMain] DEBUG o.s.o.j.SharedEntityManagerCreator$SharedEntityManagerInvocationHandler - Creating new EntityManager for shared EntityManager invocation
2026-01-04 15:58:10 [restartedMain] DEBUG o.s.d.j.repository.query.NamedQuery - Looking up named query Doctor.findByDoctorCode
2026-01-04 15:58:10 [restartedMain] DEBUG o.s.d.j.repository.query.NamedQuery - Did not find named query Doctor.findByDoctorCode
2026-01-04 15:58:10 [restartedMain] DEBUG o.s.o.j.SharedEntityManagerCreator$SharedEntityManagerInvocationHandler - Creating new EntityManager for shared EntityManager invocation
2026-01-04 15:58:10 [restartedMain] DEBUG o.s.d.j.repository.query.NamedQuery - Looking up named query Doctor.findByDepartment
2026-01-04 15:58:10 [restartedMain] DEBUG o.s.d.j.repository.query.NamedQuery - Did not find named query Doctor.findByDepartment
2026-01-04 15:58:10 [restartedMain] DEBUG o.s.o.j.SharedEntityManagerCreator$SharedEntityManagerInvocationHandler - Creating new EntityManager for shared EntityManager invocation
2026-01-04 15:58:10 [restartedMain] DEBUG o.s.d.j.repository.query.NamedQuery - Looking up named query Doctor.findByDepartment
2026-01-04 15:58:10 [restartedMain] DEBUG o.s.d.j.repository.query.NamedQuery - Did not find named query Doctor.findByDepartment
2026-01-04 15:58:10 [restartedMain] DEBUG o.s.o.j.SharedEntityManagerCreator$SharedEntityManagerInvocationHandler - Creating new EntityManager for shared EntityManager invocation
2026-01-04 15:58:10 [restartedMain] DEBUG o.s.d.j.repository.query.NamedQuery - Did not find named query Doctor.findAllOrderByName.count
2026-01-04 15:58:10 [restartedMain] DEBUG o.s.o.j.SharedEntityManagerCreator$SharedEntityManagerInvocationHandler - Creating new EntityManager for shared EntityManager invocation
2026-01-04 15:58:10 [restartedMain] DEBUG o.s.o.j.SharedEntityManagerCreator$SharedEntityManagerInvocationHandler - Creating new EntityManager for shared EntityManager invocation
2026-01-04 15:58:10 [restartedMain] DEBUG o.s.o.j.SharedEntityManagerCreator$SharedEntityManagerInvocationHandler - Creating new EntityManager for shared EntityManager invocation
2026-01-04 15:58:10 [restartedMain] DEBUG o.s.d.j.repository.query.NamedQuery - Did not find named query HealthBloodItem.findDistinctUserIdsByDate.count
2026-01-04 15:58:10 [restartedMain] DEBUG o.s.o.j.SharedEntityManagerCreator$SharedEntityManagerInvocationHandler - Creating new EntityManager for shared EntityManager invocation
2026-01-04 15:58:10 [restartedMain] DEBUG o.s.d.j.repository.query.NamedQuery - Did not find named query HealthBloodItem.findByUserId.count
2026-01-04 15:58:10 [restartedMain] DEBUG o.s.o.j.SharedEntityManagerCreator$SharedEntityManagerInvocationHandler - Creating new EntityManager for shared EntityManager invocation
2026-01-04 15:58:10 [restartedMain] DEBUG o.s.d.j.repository.query.NamedQuery - Did not find named query HealthBloodItem.findByUserIdAndCheckDate.count
2026-01-04 15:58:10 [restartedMain] DEBUG o.s.o.j.SharedEntityManagerCreator$SharedEntityManagerInvocationHandler - Creating new EntityManager for shared EntityManager invocation
2026-01-04 15:58:10 [restartedMain] DEBUG o.s.d.j.repository.query.NamedQuery - Did not find named query HealthBloodItem.countDistinctDatesByUserId.count
2026-01-04 15:58:10 [restartedMain] DEBUG o.s.o.j.SharedEntityManagerCreator$SharedEntityManagerInvocationHandler - Creating new EntityManager for shared EntityManager invocation
2026-01-04 15:58:10 [restartedMain] DEBUG o.s.d.j.repository.query.NamedQuery - Did not find named query HealthBloodItem.findDistinctUserIdsByCreatedAtBetween.count
2026-01-04 15:58:10 [restartedMain] DEBUG o.s.o.j.SharedEntityManagerCreator$SharedEntityManagerInvocationHandler - Creating new EntityManager for shared EntityManager invocation
2026-01-04 15:58:10 [restartedMain] DEBUG o.s.d.j.repository.query.NamedQuery - Did not find named query HealthBloodItem.existsByUserIdAndCheckDate.count
2026-01-04 15:58:10 [restartedMain] DEBUG o.s.o.j.SharedEntityManagerCreator$SharedEntityManagerInvocationHandler - Creating new EntityManager for shared EntityManager invocation
2026-01-04 15:58:10 [restartedMain] DEBUG o.s.d.j.repository.query.NamedQuery - Did not find named query HealthBloodItem.findByUserIdAndFeatureName.count
2026-01-04 15:58:10 [restartedMain] DEBUG o.s.o.j.SharedEntityManagerCreator$SharedEntityManagerInvocationHandler - Creating new EntityManager for shared EntityManager invocation
2026-01-04 15:58:10 [restartedMain] DEBUG o.s.d.j.repository.query.NamedQuery - Did not find named query HealthBloodItem.findTopByUserIdOrderByCheckDateDesc.count
2026-01-04 15:58:10 [restartedMain] DEBUG o.s.o.j.SharedEntityManagerCreator$SharedEntityManagerInvocationHandler - Creating new EntityManager for shared EntityManager invocation
2026-01-04 15:58:10 [restartedMain] DEBUG o.s.d.j.repository.query.NamedQuery - Did not find named query HealthBloodItem.findDistinctDatesByUserId.count
2026-01-04 15:58:10 [restartedMain] DEBUG o.s.o.j.SharedEntityManagerCreator$SharedEntityManagerInvocationHandler - Creating new EntityManager for shared EntityManager invocation
2026-01-04 15:58:10 [restartedMain] DEBUG o.s.d.j.repository.query.NamedQuery - Did not find named query HealthBloodItem.findByUserIdAndCheckDateAndItemName.count
2026-01-04 15:58:10 [restartedMain] DEBUG o.s.o.j.SharedEntityManagerCreator$SharedEntityManagerInvocationHandler - Creating new EntityManager for shared EntityManager invocation
2026-01-04 15:58:10 [restartedMain] DEBUG o.s.o.j.SharedEntityManagerCreator$SharedEntityManagerInvocationHandler - Creating new EntityManager for shared EntityManager invocation
2026-01-04 15:58:10 [restartedMain] DEBUG o.s.o.j.SharedEntityManagerCreator$SharedEntityManagerInvocationHandler - Creating new EntityManager for shared EntityManager invocation
2026-01-04 15:58:10 [restartedMain] DEBUG o.s.d.j.repository.query.NamedQuery - Did not find named query HealthUrineItem.findByUserIdAndCheckDateAndItemName.count
2026-01-04 15:58:10 [restartedMain] DEBUG o.s.o.j.SharedEntityManagerCreator$SharedEntityManagerInvocationHandler - Creating new EntityManager for shared EntityManager invocation
2026-01-04 15:58:10 [restartedMain] DEBUG o.s.d.j.repository.query.NamedQuery - Did not find named query HealthUrineItem.findDistinctDatesByUserId.count
2026-01-04 15:58:10 [restartedMain] DEBUG o.s.o.j.SharedEntityManagerCreator$SharedEntityManagerInvocationHandler - Creating new EntityManager for shared EntityManager invocation
2026-01-04 15:58:10 [restartedMain] DEBUG o.s.d.j.repository.query.NamedQuery - Did not find named query HealthUrineItem.findByUserId.count
2026-01-04 15:58:10 [restartedMain] DEBUG o.s.o.j.SharedEntityManagerCreator$SharedEntityManagerInvocationHandler - Creating new EntityManager for shared EntityManager invocation
2026-01-04 15:58:10 [restartedMain] DEBUG o.s.d.j.repository.query.NamedQuery - Did not find named query HealthUrineItem.findDistinctUserIdsByDate.count
2026-01-04 15:58:10 [restartedMain] DEBUG o.s.o.j.SharedEntityManagerCreator$SharedEntityManagerInvocationHandler - Creating new EntityManager for shared EntityManager invocation
2026-01-04 15:58:10 [restartedMain] DEBUG o.s.d.j.repository.query.NamedQuery - Did not find named query HealthUrineItem.findTopByUserIdOrderByCheckDateDesc.count
2026-01-04 15:58:10 [restartedMain] DEBUG o.s.o.j.SharedEntityManagerCreator$SharedEntityManagerInvocationHandler - Creating new EntityManager for shared EntityManager invocation
2026-01-04 15:58:10 [restartedMain] DEBUG o.s.d.j.repository.query.NamedQuery - Did not find named query HealthUrineItem.findDistinctUserIdsByCreatedAtBetween.count
2026-01-04 15:58:10 [restartedMain] DEBUG o.s.o.j.SharedEntityManagerCreator$SharedEntityManagerInvocationHandler - Creating new EntityManager for shared EntityManager invocation
2026-01-04 15:58:10 [restartedMain] DEBUG o.s.d.j.repository.query.NamedQuery - Did not find named query HealthUrineItem.existsByUserIdAndCheckDate.count
2026-01-04 15:58:10 [restartedMain] DEBUG o.s.o.j.SharedEntityManagerCreator$SharedEntityManagerInvocationHandler - Creating new EntityManager for shared EntityManager invocation
2026-01-04 15:58:10 [restartedMain] DEBUG o.s.d.j.repository.query.NamedQuery - Did not find named query HealthUrineItem.findByUserIdAndCheckDate.count
2026-01-04 15:58:10 [restartedMain] DEBUG o.s.o.j.SharedEntityManagerCreator$SharedEntityManagerInvocationHandler - Creating new EntityManager for shared EntityManager invocation
2026-01-04 15:58:10 [restartedMain] DEBUG o.s.o.j.SharedEntityManagerCreator$SharedEntityManagerInvocationHandler - Creating new EntityManager for shared EntityManager invocation
2026-01-04 15:58:10 [restartedMain] DEBUG o.s.o.j.SharedEntityManagerCreator$SharedEntityManagerInvocationHandler - Creating new EntityManager for shared EntityManager invocation
2026-01-04 15:58:10 [restartedMain] DEBUG o.s.d.j.repository.query.NamedQuery - Did not find named query HealthLiverItem.findDistinctDatesByUserId.count
2026-01-04 15:58:10 [restartedMain] DEBUG o.s.o.j.SharedEntityManagerCreator$SharedEntityManagerInvocationHandler - Creating new EntityManager for shared EntityManager invocation
2026-01-04 15:58:10 [restartedMain] DEBUG o.s.d.j.repository.query.NamedQuery - Did not find named query HealthLiverItem.findByUserIdAndCheckDateAndItemName.count
2026-01-04 15:58:10 [restartedMain] DEBUG o.s.o.j.SharedEntityManagerCreator$SharedEntityManagerInvocationHandler - Creating new EntityManager for shared EntityManager invocation
2026-01-04 15:58:10 [restartedMain] DEBUG o.s.d.j.repository.query.NamedQuery - Did not find named query HealthLiverItem.findByUserId.count
2026-01-04 15:58:10 [restartedMain] DEBUG o.s.o.j.SharedEntityManagerCreator$SharedEntityManagerInvocationHandler - Creating new EntityManager for shared EntityManager invocation
2026-01-04 15:58:10 [restartedMain] DEBUG o.s.d.j.repository.query.NamedQuery - Did not find named query HealthLiverItem.findDistinctUserIdsByDate.count
2026-01-04 15:58:10 [restartedMain] DEBUG o.s.o.j.SharedEntityManagerCreator$SharedEntityManagerInvocationHandler - Creating new EntityManager for shared EntityManager invocation
2026-01-04 15:58:10 [restartedMain] DEBUG o.s.d.j.repository.query.NamedQuery - Did not find named query HealthLiverItem.findByUserIdAndCheckDate.count
2026-01-04 15:58:10 [restartedMain] DEBUG o.s.o.j.SharedEntityManagerCreator$SharedEntityManagerInvocationHandler - Creating new EntityManager for shared EntityManager invocation
2026-01-04 15:58:10 [restartedMain] DEBUG o.s.d.j.repository.query.NamedQuery - Did not find named query HealthLiverItem.findTopByUserIdOrderByCheckDateDesc.count
2026-01-04 15:58:10 [restartedMain] DEBUG o.s.o.j.SharedEntityManagerCreator$SharedEntityManagerInvocationHandler - Creating new EntityManager for shared EntityManager invocation
2026-01-04 15:58:10 [restartedMain] DEBUG o.s.d.j.repository.query.NamedQuery - Did not find named query HealthLiverItem.findDistinctUserIdsByCreatedAtBetween.count
2026-01-04 15:58:10 [restartedMain] DEBUG o.s.o.j.SharedEntityManagerCreator$SharedEntityManagerInvocationHandler - Creating new EntityManager for shared EntityManager invocation
2026-01-04 15:58:10 [restartedMain] DEBUG o.s.d.j.repository.query.NamedQuery - Did not find named query HealthLiverItem.existsByUserIdAndCheckDate.count
2026-01-04 15:58:10 [restartedMain] DEBUG o.s.o.j.SharedEntityManagerCreator$SharedEntityManagerInvocationHandler - Creating new EntityManager for shared EntityManager invocation
2026-01-04 15:58:10 [restartedMain] DEBUG o.s.o.j.SharedEntityManagerCreator$SharedEntityManagerInvocationHandler - Creating new EntityManager for shared EntityManager invocation
2026-01-04 15:58:10 [restartedMain] DEBUG o.s.o.j.SharedEntityManagerCreator$SharedEntityManagerInvocationHandler - Creating new EntityManager for shared EntityManager invocation
2026-01-04 15:58:10 [restartedMain] DEBUG o.s.d.j.repository.query.NamedQuery - Did not find named query HealthKidneyItem.findByUserIdAndCheckDateAndItemName.count
2026-01-04 15:58:10 [restartedMain] DEBUG o.s.o.j.SharedEntityManagerCreator$SharedEntityManagerInvocationHandler - Creating new EntityManager for shared EntityManager invocation
2026-01-04 15:58:10 [restartedMain] DEBUG o.s.d.j.repository.query.NamedQuery - Did not find named query HealthKidneyItem.findDistinctDatesByUserId.count
2026-01-04 15:58:10 [restartedMain] DEBUG o.s.o.j.SharedEntityManagerCreator$SharedEntityManagerInvocationHandler - Creating new EntityManager for shared EntityManager invocation
2026-01-04 15:58:10 [restartedMain] DEBUG o.s.d.j.repository.query.NamedQuery - Did not find named query HealthKidneyItem.findTopByUserIdOrderByCheckDateDesc.count
2026-01-04 15:58:10 [restartedMain] DEBUG o.s.o.j.SharedEntityManagerCreator$SharedEntityManagerInvocationHandler - Creating new EntityManager for shared EntityManager invocation
2026-01-04 15:58:10 [restartedMain] DEBUG o.s.d.j.repository.query.NamedQuery - Did not find named query HealthKidneyItem.findDistinctUserIdsByCreatedAtBetween.count
2026-01-04 15:58:10 [restartedMain] DEBUG o.s.o.j.SharedEntityManagerCreator$SharedEntityManagerInvocationHandler - Creating new EntityManager for shared EntityManager invocation
2026-01-04 15:58:10 [restartedMain] DEBUG o.s.d.j.repository.query.NamedQuery - Did not find named query HealthKidneyItem.existsByUserIdAndCheckDate.count
2026-01-04 15:58:10 [restartedMain] DEBUG o.s.o.j.SharedEntityManagerCreator$SharedEntityManagerInvocationHandler - Creating new EntityManager for shared EntityManager invocation
2026-01-04 15:58:10 [restartedMain] DEBUG o.s.d.j.repository.query.NamedQuery - Did not find named query HealthKidneyItem.findByUserIdAndCheckDate.count
2026-01-04 15:58:10 [restartedMain] DEBUG o.s.o.j.SharedEntityManagerCreator$SharedEntityManagerInvocationHandler - Creating new EntityManager for shared EntityManager invocation
2026-01-04 15:58:10 [restartedMain] DEBUG o.s.d.j.repository.query.NamedQuery - Did not find named query HealthKidneyItem.findByUserId.count
2026-01-04 15:58:10 [restartedMain] DEBUG o.s.o.j.SharedEntityManagerCreator$SharedEntityManagerInvocationHandler - Creating new EntityManager for shared EntityManager invocation
2026-01-04 15:58:10 [restartedMain] DEBUG o.s.d.j.repository.query.NamedQuery - Did not find named query HealthKidneyItem.findDistinctUserIdsByDate.count
2026-01-04 15:58:10 [restartedMain] DEBUG o.s.o.j.SharedEntityManagerCreator$SharedEntityManagerInvocationHandler - Creating new EntityManager for shared EntityManager invocation
2026-01-04 15:58:10 [restartedMain] DEBUG o.s.o.j.SharedEntityManagerCreator$SharedEntityManagerInvocationHandler - Creating new EntityManager for shared EntityManager invocation
2026-01-04 15:58:10 [restartedMain] DEBUG o.s.o.j.SharedEntityManagerCreator$SharedEntityManagerInvocationHandler - Creating new EntityManager for shared EntityManager invocation
2026-01-04 15:58:11 [restartedMain] DEBUG o.s.d.j.repository.query.NamedQuery - Did not find named query DoctorAdvice.findLatestDraftByPatient.count
2026-01-04 15:58:11 [restartedMain] DEBUG o.s.o.j.SharedEntityManagerCreator$SharedEntityManagerInvocationHandler - Creating new EntityManager for shared EntityManager invocation
2026-01-04 15:58:11 [restartedMain] DEBUG o.s.d.j.repository.query.NamedQuery - Looking up named query DoctorAdvice.findTopByPatientUserIdOrderByUpdatedAtDesc
2026-01-04 15:58:11 [restartedMain] DEBUG o.s.d.j.repository.query.NamedQuery - Did not find named query DoctorAdvice.findTopByPatientUserIdOrderByUpdatedAtDesc
2026-01-04 15:58:11 [restartedMain] DEBUG o.s.o.j.SharedEntityManagerCreator$SharedEntityManagerInvocationHandler - Creating new EntityManager for shared EntityManager invocation
2026-01-04 15:58:11 [restartedMain] DEBUG o.s.d.j.repository.query.NamedQuery - Did not find named query DoctorAdvice.findByPatientUserId.count
2026-01-04 15:58:11 [restartedMain] DEBUG o.s.o.j.SharedEntityManagerCreator$SharedEntityManagerInvocationHandler - Creating new EntityManager for shared EntityManager invocation
2026-01-04 15:58:11 [restartedMain] DEBUG o.s.d.j.repository.query.NamedQuery - Did not find named query DoctorAdvice.findByPatientAndDoctor.count
2026-01-04 15:58:11 [restartedMain] DEBUG o.s.o.j.SharedEntityManagerCreator$SharedEntityManagerInvocationHandler - Creating new EntityManager for shared EntityManager invocation
2026-01-04 15:58:11 [restartedMain] DEBUG o.s.o.j.SharedEntityManagerCreator$SharedEntityManagerInvocationHandler - Creating new EntityManager for shared EntityManager invocation
2026-01-04 15:58:11 [restartedMain] DEBUG o.s.o.j.SharedEntityManagerCreator$SharedEntityManagerInvocationHandler - Creating new EntityManager for shared EntityManager invocation
2026-01-04 15:58:11 [restartedMain] DEBUG o.s.d.j.repository.query.NamedQuery - Did not find named query Appointment.findLastSuccessfulAppointment.count
2026-01-04 15:58:11 [restartedMain] DEBUG o.s.o.j.SharedEntityManagerCreator$SharedEntityManagerInvocationHandler - Creating new EntityManager for shared EntityManager invocation
2026-01-04 15:58:11 [restartedMain] DEBUG o.s.d.j.repository.query.NamedQuery - Did not find named query Appointment.findLastAppointmentWithDoctor.count
2026-01-04 15:58:11 [restartedMain] DEBUG o.s.o.j.SharedEntityManagerCreator$SharedEntityManagerInvocationHandler - Creating new EntityManager for shared EntityManager invocation
2026-01-04 15:58:11 [restartedMain] DEBUG o.s.d.j.repository.query.NamedQuery - Did not find named query Appointment.findByDoctorIdAndAppointmentDate.count
2026-01-04 15:58:11 [restartedMain] DEBUG o.s.o.j.SharedEntityManagerCreator$SharedEntityManagerInvocationHandler - Creating new EntityManager for shared EntityManager invocation
2026-01-04 15:58:11 [restartedMain] DEBUG o.s.o.j.SharedEntityManagerCreator$SharedEntityManagerInvocationHandler - Creating new EntityManager for shared EntityManager invocation
2026-01-04 15:58:11 [restartedMain] DEBUG o.s.o.j.SharedEntityManagerCreator$SharedEntityManagerInvocationHandler - Creating new EntityManager for shared EntityManager invocation
2026-01-04 15:58:11 [restartedMain] DEBUG o.s.d.j.repository.query.NamedQuery - Looking up named query ItemMappingConfig.findByFeatureName
2026-01-04 15:58:11 [restartedMain] DEBUG o.s.d.j.repository.query.NamedQuery - Did not find named query ItemMappingConfig.findByFeatureName
2026-01-04 15:58:11 [restartedMain] DEBUG o.s.o.j.SharedEntityManagerCreator$SharedEntityManagerInvocationHandler - Creating new EntityManager for shared EntityManager invocation
2026-01-04 15:58:11 [restartedMain] DEBUG o.s.d.j.repository.query.NamedQuery - Did not find named query ItemMappingConfig.findAllFeatureNames.count
2026-01-04 15:58:11 [restartedMain] DEBUG o.s.o.j.SharedEntityManagerCreator$SharedEntityManagerInvocationHandler - Creating new EntityManager for shared EntityManager invocation
2026-01-04 15:58:11 [restartedMain] DEBUG o.s.d.j.repository.query.NamedQuery - Did not find named query ItemMappingConfig.findByChineseName.count
2026-01-04 15:58:11 [restartedMain] DEBUG o.s.o.j.SharedEntityManagerCreator$SharedEntityManagerInvocationHandler - Creating new EntityManager for shared EntityManager invocation
2026-01-04 15:58:11 [restartedMain] DEBUG o.s.d.j.repository.query.NamedQuery - Did not find named query ItemMappingConfig.findByKeyword.count
2026-01-04 15:58:11 [restartedMain] DEBUG o.s.o.j.SharedEntityManagerCreator$SharedEntityManagerInvocationHandler - Creating new EntityManager for shared EntityManager invocation
2026-01-04 15:58:11 [restartedMain] DEBUG o.s.d.j.repository.query.NamedQuery - Did not find named query ItemMappingConfig.findByFeatureNames.count
2026-01-04 15:58:11 [restartedMain] DEBUG o.s.o.j.SharedEntityManagerCreator$SharedEntityManagerInvocationHandler - Creating new EntityManager for shared EntityManager invocation
2026-01-04 15:58:11 [restartedMain] DEBUG o.s.d.j.repository.query.NamedQuery - Looking up named query ItemMappingConfig.findByCategory
2026-01-04 15:58:11 [restartedMain] DEBUG o.s.d.j.repository.query.NamedQuery - Did not find named query ItemMappingConfig.findByCategory
2026-01-04 15:58:11 [restartedMain] DEBUG o.s.o.j.SharedEntityManagerCreator$SharedEntityManagerInvocationHandler - Creating new EntityManager for shared EntityManager invocation
2026-01-04 15:58:11 [restartedMain] DEBUG o.s.d.j.repository.query.NamedQuery - Did not find named query ItemMappingConfig.findByCategoryAndValueType.count
2026-01-04 15:58:11 [restartedMain] DEBUG o.s.o.j.SharedEntityManagerCreator$SharedEntityManagerInvocationHandler - Creating new EntityManager for shared EntityManager invocation
2026-01-04 15:58:11 [restartedMain] DEBUG o.s.o.j.SharedEntityManagerCreator$SharedEntityManagerInvocationHandler - Creating new EntityManager for shared EntityManager invocation
2026-01-04 15:58:11 [restartedMain] DEBUG o.s.o.j.SharedEntityManagerCreator$SharedEntityManagerInvocationHandler - Creating new EntityManager for shared EntityManager invocation
2026-01-04 15:58:11 [restartedMain] DEBUG o.s.d.j.repository.query.NamedQuery - Did not find named query HealthFeatures.findByUserIdAndCheckDate.count
2026-01-04 15:58:11 [restartedMain] DEBUG o.s.o.j.SharedEntityManagerCreator$SharedEntityManagerInvocationHandler - Creating new EntityManager for shared EntityManager invocation
2026-01-04 15:58:11 [restartedMain] DEBUG o.s.d.j.repository.query.NamedQuery - Did not find named query HealthFeatures.existsByUserIdAndCheckDate.count
2026-01-04 15:58:11 [restartedMain] DEBUG o.s.o.j.SharedEntityManagerCreator$SharedEntityManagerInvocationHandler - Creating new EntityManager for shared EntityManager invocation
2026-01-04 15:58:11 [restartedMain] DEBUG o.s.d.j.repository.query.NamedQuery - Did not find named query HealthFeatures.findUrineFeaturesByUserId.count
2026-01-04 15:58:11 [restartedMain] DEBUG o.s.o.j.SharedEntityManagerCreator$SharedEntityManagerInvocationHandler - Creating new EntityManager for shared EntityManager invocation
2026-01-04 15:58:11 [restartedMain] DEBUG o.s.d.j.repository.query.NamedQuery - Did not find named query HealthFeatures.findByUserId.count
2026-01-04 15:58:11 [restartedMain] DEBUG o.s.o.j.SharedEntityManagerCreator$SharedEntityManagerInvocationHandler - Creating new EntityManager for shared EntityManager invocation
2026-01-04 15:58:11 [restartedMain] DEBUG o.s.d.j.repository.query.NamedQuery - Did not find named query HealthFeatures.countByUserId.count
2026-01-04 15:58:11 [restartedMain] DEBUG o.s.o.j.SharedEntityManagerCreator$SharedEntityManagerInvocationHandler - Creating new EntityManager for shared EntityManager invocation
2026-01-04 15:58:11 [restartedMain] DEBUG o.s.d.j.repository.query.NamedQuery - Did not find named query HealthFeatures.findBloodFeaturesByUserId.count
2026-01-04 15:58:11 [restartedMain] DEBUG o.s.o.j.SharedEntityManagerCreator$SharedEntityManagerInvocationHandler - Creating new EntityManager for shared EntityManager invocation
2026-01-04 15:58:11 [restartedMain] DEBUG o.s.d.j.repository.query.NamedQuery - Did not find named query HealthFeatures.findLiverFeaturesByUserId.count
2026-01-04 15:58:11 [restartedMain] DEBUG o.s.o.j.SharedEntityManagerCreator$SharedEntityManagerInvocationHandler - Creating new EntityManager for shared EntityManager invocation
2026-01-04 15:58:11 [restartedMain] DEBUG o.s.d.j.repository.query.NamedQuery - Did not find named query HealthFeatures.findKidneyFeaturesByUserId.count
2026-01-04 15:58:11 [restartedMain] DEBUG o.s.o.j.SharedEntityManagerCreator$SharedEntityManagerInvocationHandler - Creating new EntityManager for shared EntityManager invocation
2026-01-04 15:58:11 [restartedMain] TRACE o.s.t.a.AnnotationTransactionAttributeSource - Adding transactional method 'com.example.aihealthcheck.service.FeatureExtractionService.extractFeaturesForUserAndDate' with attribute: PROPAGATION_REQUIRED,ISOLATION_DEFAULT
2026-01-04 15:58:11 [restartedMain] TRACE o.s.t.a.AnnotationTransactionAttributeSource - Adding transactional method 'com.example.aihealthcheck.service.FeatureExtractionService.extractFeaturesForUser' with attribute: PROPAGATION_REQUIRED,ISOLATION_DEFAULT
2026-01-04 15:58:11 [restartedMain] TRACE o.s.t.a.AnnotationTransactionAttributeSource - Adding transactional method 'com.example.aihealthcheck.service.prediction.ModelPredictionService.triggerAllModelPredictions' with attribute: PROPAGATION_REQUIRED,ISOLATION_DEFAULT
2026-01-04 15:58:11 [restartedMain] TRACE o.s.t.a.AnnotationTransactionAttributeSource - Adding transactional method 'com.example.aihealthcheck.service.prediction.ModelPredictionService.savePredictionResult' with attribute: PROPAGATION_REQUIRED,ISOLATION_DEFAULT
2026-01-04 15:58:11 [restartedMain] TRACE o.s.t.a.AnnotationTransactionAttributeSource - Adding transactional method 'com.example.aihealthcheck.service.HealthDataExcelService.processHealthDataExcel' with attribute: PROPAGATION_REQUIRED,ISOLATION_DEFAULT
2026-01-04 15:58:11 [restartedMain] DEBUG o.s.o.j.SharedEntityManagerCreator$SharedEntityManagerInvocationHandler - Creating new EntityManager for shared EntityManager invocation
2026-01-04 15:58:11 [restartedMain] DEBUG o.s.o.j.SharedEntityManagerCreator$SharedEntityManagerInvocationHandler - Creating new EntityManager for shared EntityManager invocation
2026-01-04 15:58:11 [restartedMain] DEBUG o.s.d.j.repository.query.NamedQuery - Did not find named query HealthIndicator.countByUserId.count
2026-01-04 15:58:11 [restartedMain] DEBUG o.s.o.j.SharedEntityManagerCreator$SharedEntityManagerInvocationHandler - Creating new EntityManager for shared EntityManager invocation
2026-01-04 15:58:11 [restartedMain] DEBUG o.s.d.j.repository.query.NamedQuery - Did not find named query HealthIndicator.findByUserIdAndCheckDate.count
2026-01-04 15:58:11 [restartedMain] DEBUG o.s.o.j.SharedEntityManagerCreator$SharedEntityManagerInvocationHandler - Creating new EntityManager for shared EntityManager invocation
2026-01-04 15:58:11 [restartedMain] DEBUG o.s.d.j.repository.query.NamedQuery - Did not find named query HealthIndicator.findByUserId.count
2026-01-04 15:58:11 [restartedMain] DEBUG o.s.o.j.SharedEntityManagerCreator$SharedEntityManagerInvocationHandler - Creating new EntityManager for shared EntityManager invocation
2026-01-04 15:58:11 [restartedMain] DEBUG o.s.o.j.SharedEntityManagerCreator$SharedEntityManagerInvocationHandler - Creating new EntityManager for shared EntityManager invocation
2026-01-04 15:58:11 [restartedMain] DEBUG o.s.o.j.SharedEntityManagerCreator$SharedEntityManagerInvocationHandler - Creating new EntityManager for shared EntityManager invocation
2026-01-04 15:58:11 [restartedMain] DEBUG o.s.d.j.repository.query.NamedQuery - Did not find named query HealthRecord.findByUserIdAndDateRange.count
2026-01-04 15:58:11 [restartedMain] DEBUG o.s.o.j.SharedEntityManagerCreator$SharedEntityManagerInvocationHandler - Creating new EntityManager for shared EntityManager invocation
2026-01-04 15:58:11 [restartedMain] DEBUG o.s.d.j.repository.query.NamedQuery - Did not find named query HealthRecord.countByUserId.count
2026-01-04 15:58:11 [restartedMain] DEBUG o.s.o.j.SharedEntityManagerCreator$SharedEntityManagerInvocationHandler - Creating new EntityManager for shared EntityManager invocation
2026-01-04 15:58:11 [restartedMain] DEBUG o.s.d.j.repository.query.NamedQuery - Did not find named query HealthRecord.findByUserAccountOrderByCreatedAtDesc.count
2026-01-04 15:58:11 [restartedMain] DEBUG o.s.o.j.SharedEntityManagerCreator$SharedEntityManagerInvocationHandler - Creating new EntityManager for shared EntityManager invocation
2026-01-04 15:58:11 [restartedMain] DEBUG o.s.d.j.repository.query.NamedQuery - Did not find named query HealthRecord.findByUserIdOrderByCreatedAtDesc.count
2026-01-04 15:58:11 [restartedMain] DEBUG o.s.o.j.SharedEntityManagerCreator$SharedEntityManagerInvocationHandler - Creating new EntityManager for shared EntityManager invocation
2026-01-04 15:58:11 [restartedMain] DEBUG o.s.d.j.repository.query.NamedQuery - Looking up named query HealthRecord.findByUserOrderByCreatedAtDesc
2026-01-04 15:58:11 [restartedMain] DEBUG o.s.d.j.repository.query.NamedQuery - Did not find named query HealthRecord.findByUserOrderByCreatedAtDesc
2026-01-04 15:58:11 [restartedMain] DEBUG o.s.o.j.SharedEntityManagerCreator$SharedEntityManagerInvocationHandler - Creating new EntityManager for shared EntityManager invocation
2026-01-04 15:58:11 [restartedMain] TRACE o.s.t.a.AnnotationTransactionAttributeSource - Adding transactional method 'com.example.aihealthcheck.service.HealthRecordService.save' with attribute: PROPAGATION_REQUIRED,ISOLATION_DEFAULT
2026-01-04 15:58:11 [restartedMain] TRACE o.s.t.a.AnnotationTransactionAttributeSource - Adding transactional method 'com.example.aihealthcheck.service.HealthRecordService.createHealthRecord' with attribute: PROPAGATION_REQUIRED,ISOLATION_DEFAULT
2026-01-04 15:58:11 [restartedMain] DEBUG o.s.o.j.SharedEntityManagerCreator$SharedEntityManagerInvocationHandler - Creating new EntityManager for shared EntityManager invocation
2026-01-04 15:58:11 [restartedMain] DEBUG o.s.o.j.SharedEntityManagerCreator$SharedEntityManagerInvocationHandler - Creating new EntityManager for shared EntityManager invocation
2026-01-04 15:58:11 [restartedMain] DEBUG o.s.d.j.repository.query.NamedQuery - Did not find named query HealthPrediction.findByUserIdAndRiskLevel.count
2026-01-04 15:58:11 [restartedMain] DEBUG o.s.o.j.SharedEntityManagerCreator$SharedEntityManagerInvocationHandler - Creating new EntityManager for shared EntityManager invocation
2026-01-04 15:58:11 [restartedMain] DEBUG o.s.d.j.repository.query.NamedQuery - Did not find named query HealthPrediction.countByUserIdAndRiskLevel.count
2026-01-04 15:58:11 [restartedMain] DEBUG o.s.o.j.SharedEntityManagerCreator$SharedEntityManagerInvocationHandler - Creating new EntityManager for shared EntityManager invocation
2026-01-04 15:58:11 [restartedMain] DEBUG o.s.d.j.repository.query.NamedQuery - Did not find named query HealthPrediction.findByUserId.count
2026-01-04 15:58:11 [restartedMain] DEBUG o.s.o.j.SharedEntityManagerCreator$SharedEntityManagerInvocationHandler - Creating new EntityManager for shared EntityManager invocation
2026-01-04 15:58:11 [restartedMain] DEBUG o.s.d.j.repository.query.NamedQuery - Did not find named query HealthPrediction.findByUserIdAndCheckDate.count
2026-01-04 15:58:11 [restartedMain] DEBUG o.s.o.j.SharedEntityManagerCreator$SharedEntityManagerInvocationHandler - Creating new EntityManager for shared EntityManager invocation
2026-01-04 15:58:11 [restartedMain] DEBUG o.s.d.j.repository.query.NamedQuery - Did not find named query HealthPrediction.existsByUserIdAndCheckDate.count
2026-01-04 15:58:11 [restartedMain] DEBUG o.s.o.j.SharedEntityManagerCreator$SharedEntityManagerInvocationHandler - Creating new EntityManager for shared EntityManager invocation
2026-01-04 15:58:11 [restartedMain] WARN  o.s.b.a.o.j.JpaBaseConfiguration$JpaWebConfiguration - spring.jpa.open-in-view is enabled by default. Therefore, database queries may be performed during view rendering. Explicitly configure spring.jpa.open-in-view to disable this warning
2026-01-04 15:58:11 [restartedMain] DEBUG o.s.w.s.m.m.a.RequestMappingHandlerMapping - 76 mappings in 'requestMappingHandlerMapping'
2026-01-04 15:58:12 [restartedMain] DEBUG o.s.w.s.h.SimpleUrlHandlerMapping - Patterns [/webjars/**, /**] in 'resourceHandlerMapping'
2026-01-04 15:58:12 [restartedMain] DEBUG o.s.w.s.m.m.a.RequestMappingHandlerAdapter - ControllerAdvice beans: 0 @ModelAttribute, 0 @InitBinder, 1 RequestBodyAdvice, 1 ResponseBodyAdvice
2026-01-04 15:58:12 [restartedMain] DEBUG o.s.w.s.m.m.a.ExceptionHandlerExceptionResolver - ControllerAdvice beans: 0 @ExceptionHandler, 1 ResponseBodyAdvice
2026-01-04 15:58:12 [restartedMain] INFO  o.s.b.d.a.OptionalLiveReloadServer - LiveReload server is running on port 35729
2026-01-04 15:58:12 [restartedMain] INFO  o.s.b.w.e.tomcat.TomcatWebServer - Tomcat started on port 8080 (http) with context path ''
2026-01-04 15:58:12 [restartedMain] INFO  c.e.a.AiHealthCheckApplication - Started AiHealthCheckApplication in 15.609 seconds (process running for 16.818)
2026-01-04 15:58:12 [restartedMain] DEBUG o.s.orm.jpa.JpaTransactionManager - Creating new transaction with name [org.springframework.data.jpa.repository.support.SimpleJpaRepository.count]: PROPAGATION_REQUIRED,ISOLATION_DEFAULT,readOnly
2026-01-04 15:58:12 [restartedMain] DEBUG o.s.orm.jpa.JpaTransactionManager - Opened new EntityManager [SessionImpl(1065574497<open>)] for JPA transaction
2026-01-04 15:58:12 [restartedMain] DEBUG o.s.jdbc.datasource.DataSourceUtils - Setting JDBC Connection [HikariProxyConnection@1434128443 wrapping com.mysql.cj.jdbc.ConnectionImpl@318d624b] read-only
2026-01-04 15:58:12 [restartedMain] DEBUG o.s.orm.jpa.JpaTransactionManager - Exposing JPA transaction as JDBC [org.springframework.orm.jpa.vendor.HibernateJpaDialect$HibernateConnectionHandle@3d62488e]
2026-01-04 15:58:12 [restartedMain] TRACE o.s.t.i.TransactionInterceptor - Getting transaction for [org.springframework.data.jpa.repository.support.SimpleJpaRepository.count]
2026-01-04 15:58:12 [restartedMain] DEBUG org.hibernate.SQL - 
    /* select
        count(*) 
    from
        ModelFile x */ select
            count(*) 
        from
            model_files mf1_0
2026-01-04 15:58:12 [restartedMain] TRACE o.s.t.i.TransactionInterceptor - Completing transaction for [org.springframework.data.jpa.repository.support.SimpleJpaRepository.count]
2026-01-04 15:58:12 [restartedMain] DEBUG o.s.orm.jpa.JpaTransactionManager - Initiating transaction commit
2026-01-04 15:58:12 [restartedMain] DEBUG o.s.orm.jpa.JpaTransactionManager - Committing JPA transaction on EntityManager [SessionImpl(1065574497<open>)]
2026-01-04 15:58:12 [restartedMain] DEBUG o.s.jdbc.datasource.DataSourceUtils - Resetting read-only flag of JDBC Connection [HikariProxyConnection@1434128443 wrapping com.mysql.cj.jdbc.ConnectionImpl@318d624b]
2026-01-04 15:58:12 [restartedMain] DEBUG o.s.orm.jpa.JpaTransactionManager - Closing JPA EntityManager [SessionImpl(1065574497<open>)] after transaction
2026-01-04 15:58:19 [http-nio-8080-exec-1] INFO  o.a.c.c.C.[Tomcat].[localhost].[/] - Initializing Spring DispatcherServlet 'dispatcherServlet'
2026-01-04 15:58:19 [http-nio-8080-exec-1] INFO  o.s.web.servlet.DispatcherServlet - Initializing Servlet 'dispatcherServlet'
2026-01-04 15:58:19 [http-nio-8080-exec-1] DEBUG o.s.web.servlet.DispatcherServlet - Detected StandardServletMultipartResolver
2026-01-04 15:58:19 [http-nio-8080-exec-1] DEBUG o.s.web.servlet.DispatcherServlet - Detected AcceptHeaderLocaleResolver
2026-01-04 15:58:19 [http-nio-8080-exec-1] DEBUG o.s.web.servlet.DispatcherServlet - Detected FixedThemeResolver
2026-01-04 15:58:19 [http-nio-8080-exec-1] DEBUG o.s.web.servlet.DispatcherServlet - Detected org.springframework.web.servlet.view.DefaultRequestToViewNameTranslator@3afd9e77
2026-01-04 15:58:19 [http-nio-8080-exec-1] DEBUG o.s.web.servlet.DispatcherServlet - Detected org.springframework.web.servlet.support.SessionFlashMapManager@10327f34
2026-01-04 15:58:19 [http-nio-8080-exec-1] DEBUG o.s.web.servlet.DispatcherServlet - enableLoggingRequestDetails='false': request parameters and headers will be masked to prevent unsafe logging of potentially sensitive data
2026-01-04 15:58:19 [http-nio-8080-exec-1] INFO  o.s.web.servlet.DispatcherServlet - Completed initialization in 1 ms
2026-01-04 15:58:19 [http-nio-8080-exec-2] DEBUG o.s.web.servlet.DispatcherServlet - GET "/api/doctors/call/me", parameters={}
2026-01-04 15:58:19 [http-nio-8080-exec-1] DEBUG o.s.web.servlet.DispatcherServlet - GET "/api/doctors/checklist/me", parameters={}
2026-01-04 15:58:19 [http-nio-8080-exec-2] DEBUG o.s.w.s.m.m.a.RequestMappingHandlerMapping - Mapped to com.example.aihealthcheck.controller.DoctorController#getMyCall(HttpSession)
2026-01-04 15:58:19 [http-nio-8080-exec-1] DEBUG o.s.w.s.m.m.a.RequestMappingHandlerMapping - Mapped to com.example.aihealthcheck.controller.DoctorController#getMyChecklist(HttpSession)
2026-01-04 15:58:19 [http-nio-8080-exec-1] DEBUG o.s.o.j.s.OpenEntityManagerInViewInterceptor - Opening JPA EntityManager in OpenEntityManagerInViewInterceptor
2026-01-04 15:58:19 [http-nio-8080-exec-2] DEBUG o.s.o.j.s.OpenEntityManagerInViewInterceptor - Opening JPA EntityManager in OpenEntityManagerInViewInterceptor
2026-01-04 15:58:19 [http-nio-8080-exec-1] DEBUG o.s.w.s.m.m.a.HttpEntityMethodProcessor - Using 'application/json', given [*/*] and supported [application/json, application/*+json]
2026-01-04 15:58:19 [http-nio-8080-exec-2] DEBUG o.s.w.s.m.m.a.HttpEntityMethodProcessor - Using 'application/json', given [*/*] and supported [application/json, application/*+json]
2026-01-04 15:58:19 [http-nio-8080-exec-1] DEBUG o.s.w.s.m.m.a.HttpEntityMethodProcessor - Writing [{success=false, message=未登录}]
2026-01-04 15:58:19 [http-nio-8080-exec-2] DEBUG o.s.w.s.m.m.a.HttpEntityMethodProcessor - Writing [{success=false, message=未登录}]
2026-01-04 15:58:19 [http-nio-8080-exec-2] DEBUG o.s.o.j.s.OpenEntityManagerInViewInterceptor - Closing JPA EntityManager in OpenEntityManagerInViewInterceptor
2026-01-04 15:58:19 [http-nio-8080-exec-1] DEBUG o.s.o.j.s.OpenEntityManagerInViewInterceptor - Closing JPA EntityManager in OpenEntityManagerInViewInterceptor
2026-01-04 15:58:19 [http-nio-8080-exec-1] DEBUG o.s.web.servlet.DispatcherServlet - Completed 401 UNAUTHORIZED
2026-01-04 15:58:19 [http-nio-8080-exec-2] DEBUG o.s.web.servlet.DispatcherServlet - Completed 401 UNAUTHORIZED
2026-01-04 15:58:29 [http-nio-8080-exec-4] DEBUG o.s.web.servlet.DispatcherServlet - GET "/api/doctors/checklist/me", parameters={}
2026-01-04 15:58:29 [http-nio-8080-exec-3] DEBUG o.s.web.servlet.DispatcherServlet - GET "/api/doctors/call/me", parameters={}
2026-01-04 15:58:29 [http-nio-8080-exec-4] DEBUG o.s.w.s.m.m.a.RequestMappingHandlerMapping - Mapped to com.example.aihealthcheck.controller.DoctorController#getMyChecklist(HttpSession)
2026-01-04 15:58:29 [http-nio-8080-exec-3] DEBUG o.s.w.s.m.m.a.RequestMappingHandlerMapping - Mapped to com.example.aihealthcheck.controller.DoctorController#getMyCall(HttpSession)
2026-01-04 15:58:29 [http-nio-8080-exec-4] DEBUG o.s.o.j.s.OpenEntityManagerInViewInterceptor - Opening JPA EntityManager in OpenEntityManagerInViewInterceptor
2026-01-04 15:58:29 [http-nio-8080-exec-3] DEBUG o.s.o.j.s.OpenEntityManagerInViewInterceptor - Opening JPA EntityManager in OpenEntityManagerInViewInterceptor
2026-01-04 15:58:29 [http-nio-8080-exec-3] DEBUG o.s.w.s.m.m.a.HttpEntityMethodProcessor - Using 'application/json', given [*/*] and supported [application/json, application/*+json]
2026-01-04 15:58:29 [http-nio-8080-exec-4] DEBUG o.s.w.s.m.m.a.HttpEntityMethodProcessor - Using 'application/json', given [*/*] and supported [application/json, application/*+json]
2026-01-04 15:58:29 [http-nio-8080-exec-4] DEBUG o.s.w.s.m.m.a.HttpEntityMethodProcessor - Writing [{success=false, message=未登录}]
2026-01-04 15:58:29 [http-nio-8080-exec-3] DEBUG o.s.w.s.m.m.a.HttpEntityMethodProcessor - Writing [{success=false, message=未登录}]
2026-01-04 15:58:29 [http-nio-8080-exec-4] DEBUG o.s.o.j.s.OpenEntityManagerInViewInterceptor - Closing JPA EntityManager in OpenEntityManagerInViewInterceptor
2026-01-04 15:58:29 [http-nio-8080-exec-3] DEBUG o.s.o.j.s.OpenEntityManagerInViewInterceptor - Closing JPA EntityManager in OpenEntityManagerInViewInterceptor
2026-01-04 15:58:29 [http-nio-8080-exec-4] DEBUG o.s.web.servlet.DispatcherServlet - Completed 401 UNAUTHORIZED
2026-01-04 15:58:29 [http-nio-8080-exec-3] DEBUG o.s.web.servlet.DispatcherServlet - Completed 401 UNAUTHORIZED
2026-01-04 15:58:39 [http-nio-8080-exec-5] DEBUG o.s.web.servlet.DispatcherServlet - GET "/api/doctors/call/me", parameters={}
2026-01-04 15:58:39 [http-nio-8080-exec-6] DEBUG o.s.web.servlet.DispatcherServlet - GET "/api/doctors/checklist/me", parameters={}
2026-01-04 15:58:39 [http-nio-8080-exec-6] DEBUG o.s.w.s.m.m.a.RequestMappingHandlerMapping - Mapped to com.example.aihealthcheck.controller.DoctorController#getMyChecklist(HttpSession)
2026-01-04 15:58:39 [http-nio-8080-exec-5] DEBUG o.s.w.s.m.m.a.RequestMappingHandlerMapping - Mapped to com.example.aihealthcheck.controller.DoctorController#getMyCall(HttpSession)
2026-01-04 15:58:39 [http-nio-8080-exec-6] DEBUG o.s.o.j.s.OpenEntityManagerInViewInterceptor - Opening JPA EntityManager in OpenEntityManagerInViewInterceptor
2026-01-04 15:58:39 [http-nio-8080-exec-5] DEBUG o.s.o.j.s.OpenEntityManagerInViewInterceptor - Opening JPA EntityManager in OpenEntityManagerInViewInterceptor
2026-01-04 15:58:39 [http-nio-8080-exec-5] DEBUG o.s.w.s.m.m.a.HttpEntityMethodProcessor - Using 'application/json', given [*/*] and supported [application/json, application/*+json]
2026-01-04 15:58:39 [http-nio-8080-exec-6] DEBUG o.s.w.s.m.m.a.HttpEntityMethodProcessor - Using 'application/json', given [*/*] and supported [application/json, application/*+json]
2026-01-04 15:58:39 [http-nio-8080-exec-6] DEBUG o.s.w.s.m.m.a.HttpEntityMethodProcessor - Writing [{success=false, message=未登录}]
2026-01-04 15:58:39 [http-nio-8080-exec-5] DEBUG o.s.w.s.m.m.a.HttpEntityMethodProcessor - Writing [{success=false, message=未登录}]
2026-01-04 15:58:39 [http-nio-8080-exec-5] DEBUG o.s.o.j.s.OpenEntityManagerInViewInterceptor - Closing JPA EntityManager in OpenEntityManagerInViewInterceptor
2026-01-04 15:58:39 [http-nio-8080-exec-6] DEBUG o.s.o.j.s.OpenEntityManagerInViewInterceptor - Closing JPA EntityManager in OpenEntityManagerInViewInterceptor
2026-01-04 15:58:39 [http-nio-8080-exec-6] DEBUG o.s.web.servlet.DispatcherServlet - Completed 401 UNAUTHORIZED
2026-01-04 15:58:39 [http-nio-8080-exec-5] DEBUG o.s.web.servlet.DispatcherServlet - Completed 401 UNAUTHORIZED
2026-01-04 15:58:40 [http-nio-8080-exec-7] DEBUG o.s.web.servlet.DispatcherServlet - GET "/user", parameters={}
2026-01-04 15:58:40 [http-nio-8080-exec-7] DEBUG o.s.w.s.m.m.a.RequestMappingHandlerMapping - Mapped to com.example.aihealthcheck.controller.HomeController#user()
2026-01-04 15:58:40 [http-nio-8080-exec-7] DEBUG o.s.o.j.s.OpenEntityManagerInViewInterceptor - Opening JPA EntityManager in OpenEntityManagerInViewInterceptor
2026-01-04 15:58:40 [http-nio-8080-exec-7] DEBUG o.s.w.s.v.ContentNegotiatingViewResolver - Selected 'text/html' given [text/html, application/xhtml+xml, image/avif, image/webp, image/apng, application/xml;q=0.9, */*;q=0.8, application/signed-exchange;v=b3;q=0.7]
2026-01-04 15:58:41 [http-nio-8080-exec-7] DEBUG o.s.o.j.s.OpenEntityManagerInViewInterceptor - Closing JPA EntityManager in OpenEntityManagerInViewInterceptor
2026-01-04 15:58:41 [http-nio-8080-exec-7] DEBUG o.s.web.servlet.DispatcherServlet - Completed 200 OK
2026-01-04 15:58:41 [http-nio-8080-exec-8] DEBUG o.s.web.servlet.DispatcherServlet - GET "/css/common.css", parameters={}
2026-01-04 15:58:41 [http-nio-8080-exec-9] DEBUG o.s.web.servlet.DispatcherServlet - GET "/css/user.css", parameters={}
2026-01-04 15:58:41 [http-nio-8080-exec-9] DEBUG o.s.w.s.h.SimpleUrlHandlerMapping - Mapped to ResourceHttpRequestHandler [classpath [META-INF/resources/], classpath [resources/], classpath [static/], classpath [public/], ServletContext [/]]
2026-01-04 15:58:41 [http-nio-8080-exec-8] DEBUG o.s.w.s.h.SimpleUrlHandlerMapping - Mapped to ResourceHttpRequestHandler [classpath [META-INF/resources/], classpath [resources/], classpath [static/], classpath [public/], ServletContext [/]]
2026-01-04 15:58:41 [http-nio-8080-exec-9] DEBUG o.s.o.j.s.OpenEntityManagerInViewInterceptor - Opening JPA EntityManager in OpenEntityManagerInViewInterceptor
2026-01-04 15:58:41 [http-nio-8080-exec-8] DEBUG o.s.o.j.s.OpenEntityManagerInViewInterceptor - Opening JPA EntityManager in OpenEntityManagerInViewInterceptor
2026-01-04 15:58:41 [http-nio-8080-exec-8] DEBUG o.s.o.j.s.OpenEntityManagerInViewInterceptor - Closing JPA EntityManager in OpenEntityManagerInViewInterceptor
2026-01-04 15:58:41 [http-nio-8080-exec-9] DEBUG o.s.o.j.s.OpenEntityManagerInViewInterceptor - Closing JPA EntityManager in OpenEntityManagerInViewInterceptor
2026-01-04 15:58:41 [http-nio-8080-exec-9] DEBUG o.s.web.servlet.DispatcherServlet - Completed 200 OK
2026-01-04 15:58:41 [http-nio-8080-exec-8] DEBUG o.s.web.servlet.DispatcherServlet - Completed 200 OK
2026-01-04 15:58:41 [http-nio-8080-exec-10] DEBUG o.s.web.servlet.DispatcherServlet - GET "/js/common.js", parameters={}
2026-01-04 15:58:41 [http-nio-8080-exec-1] DEBUG o.s.web.servlet.DispatcherServlet - GET "/js/user.js", parameters={}
2026-01-04 15:58:41 [http-nio-8080-exec-2] DEBUG o.s.web.servlet.DispatcherServlet - GET "/images/%E6%AC%A2%E8%BF%8E%E6%A8%AA%E5%B9%85.jpg", parameters={}
2026-01-04 15:58:41 [http-nio-8080-exec-10] DEBUG o.s.w.s.h.SimpleUrlHandlerMapping - Mapped to ResourceHttpRequestHandler [classpath [META-INF/resources/], classpath [resources/], classpath [static/], classpath [public/], ServletContext [/]]
2026-01-04 15:58:41 [http-nio-8080-exec-1] DEBUG o.s.w.s.h.SimpleUrlHandlerMapping - Mapped to ResourceHttpRequestHandler [classpath [META-INF/resources/], classpath [resources/], classpath [static/], classpath [public/], ServletContext [/]]
2026-01-04 15:58:41 [http-nio-8080-exec-10] DEBUG o.s.o.j.s.OpenEntityManagerInViewInterceptor - Opening JPA EntityManager in OpenEntityManagerInViewInterceptor
2026-01-04 15:58:41 [http-nio-8080-exec-1] DEBUG o.s.o.j.s.OpenEntityManagerInViewInterceptor - Opening JPA EntityManager in OpenEntityManagerInViewInterceptor
2026-01-04 15:58:41 [http-nio-8080-exec-2] DEBUG o.s.w.s.h.SimpleUrlHandlerMapping - Mapped to ResourceHttpRequestHandler [classpath [META-INF/resources/], classpath [resources/], classpath [static/], classpath [public/], ServletContext [/]]
2026-01-04 15:58:41 [http-nio-8080-exec-2] DEBUG o.s.o.j.s.OpenEntityManagerInViewInterceptor - Opening JPA EntityManager in OpenEntityManagerInViewInterceptor
2026-01-04 15:58:41 [http-nio-8080-exec-2] DEBUG o.s.w.s.r.ResourceHttpRequestHandler - Resource not found
2026-01-04 15:58:41 [http-nio-8080-exec-10] DEBUG o.s.o.j.s.OpenEntityManagerInViewInterceptor - Closing JPA EntityManager in OpenEntityManagerInViewInterceptor
2026-01-04 15:58:41 [http-nio-8080-exec-10] DEBUG o.s.web.servlet.DispatcherServlet - Completed 200 OK
2026-01-04 15:58:41 [http-nio-8080-exec-1] DEBUG o.s.o.j.s.OpenEntityManagerInViewInterceptor - Closing JPA EntityManager in OpenEntityManagerInViewInterceptor
2026-01-04 15:58:41 [http-nio-8080-exec-1] DEBUG o.s.web.servlet.DispatcherServlet - Completed 200 OK
2026-01-04 15:58:41 [http-nio-8080-exec-2] DEBUG o.s.w.s.m.s.DefaultHandlerExceptionResolver - Resolved [org.springframework.web.servlet.resource.NoResourceFoundException: No static resource images/%E6%AC%A2%E8%BF%8E%E6%A8%AA%E5%B9%85.jpg.]
2026-01-04 15:58:41 [http-nio-8080-exec-2] DEBUG o.s.o.j.s.OpenEntityManagerInViewInterceptor - Closing JPA EntityManager in OpenEntityManagerInViewInterceptor
2026-01-04 15:58:41 [http-nio-8080-exec-2] DEBUG o.s.web.servlet.DispatcherServlet - Completed 404 NOT_FOUND
2026-01-04 15:58:41 [http-nio-8080-exec-2] DEBUG o.s.web.servlet.DispatcherServlet - "ERROR" dispatch for GET "/error", parameters={}
2026-01-04 15:58:41 [http-nio-8080-exec-2] DEBUG o.s.w.s.m.m.a.RequestMappingHandlerMapping - Mapped to org.springframework.boot.autoconfigure.web.servlet.error.BasicErrorController#error(HttpServletRequest)
2026-01-04 15:58:41 [http-nio-8080-exec-2] DEBUG o.s.o.j.s.OpenEntityManagerInViewInterceptor - Opening JPA EntityManager in OpenEntityManagerInViewInterceptor
2026-01-04 15:58:41 [http-nio-8080-exec-2] DEBUG o.s.w.s.m.m.a.HttpEntityMethodProcessor - Using 'application/json;q=0.8', given [image/avif, image/webp, image/apng, image/svg+xml, image/*, */*;q=0.8] and supported [application/json, application/*+json]
2026-01-04 15:58:41 [http-nio-8080-exec-2] DEBUG o.s.w.s.m.m.a.HttpEntityMethodProcessor - Writing [{timestamp=Sun Jan 04 15:58:41 CST 2026, status=404, error=Not Found, trace=org.springframework.web. (truncated)...]
2026-01-04 15:58:41 [http-nio-8080-exec-2] DEBUG o.s.o.j.s.OpenEntityManagerInViewInterceptor - Closing JPA EntityManager in OpenEntityManagerInViewInterceptor
2026-01-04 15:58:41 [http-nio-8080-exec-2] DEBUG o.s.web.servlet.DispatcherServlet - Exiting from "ERROR" dispatch, status 404
2026-01-04 15:58:41 [http-nio-8080-exec-4] DEBUG o.s.web.servlet.DispatcherServlet - GET "/api/departments", parameters={}
2026-01-04 15:58:41 [http-nio-8080-exec-4] DEBUG o.s.w.s.m.m.a.RequestMappingHandlerMapping - Mapped to com.example.aihealthcheck.controller.DepartmentController#getAllDepartments()
2026-01-04 15:58:41 [http-nio-8080-exec-3] DEBUG o.s.web.servlet.DispatcherServlet - GET "/api/doctors/call/me", parameters={}
2026-01-04 15:58:41 [http-nio-8080-exec-6] DEBUG o.s.web.servlet.DispatcherServlet - GET "/api/doctors/checklist/me", parameters={}
2026-01-04 15:58:41 [http-nio-8080-exec-4] DEBUG o.s.o.j.s.OpenEntityManagerInViewInterceptor - Opening JPA EntityManager in OpenEntityManagerInViewInterceptor
2026-01-04 15:58:41 [http-nio-8080-exec-6] DEBUG o.s.w.s.m.m.a.RequestMappingHandlerMapping - Mapped to com.example.aihealthcheck.controller.DoctorController#getMyChecklist(HttpSession)
2026-01-04 15:58:41 [http-nio-8080-exec-6] DEBUG o.s.o.j.s.OpenEntityManagerInViewInterceptor - Opening JPA EntityManager in OpenEntityManagerInViewInterceptor
2026-01-04 15:58:41 [http-nio-8080-exec-3] DEBUG o.s.w.s.m.m.a.RequestMappingHandlerMapping - Mapped to com.example.aihealthcheck.controller.DoctorController#getMyCall(HttpSession)
2026-01-04 15:58:41 [http-nio-8080-exec-3] DEBUG o.s.o.j.s.OpenEntityManagerInViewInterceptor - Opening JPA EntityManager in OpenEntityManagerInViewInterceptor
2026-01-04 15:58:41 [http-nio-8080-exec-3] DEBUG o.s.w.s.m.m.a.HttpEntityMethodProcessor - Using 'application/json', given [*/*] and supported [application/json, application/*+json]
2026-01-04 15:58:41 [http-nio-8080-exec-6] DEBUG o.s.w.s.m.m.a.HttpEntityMethodProcessor - Using 'application/json', given [*/*] and supported [application/json, application/*+json]
2026-01-04 15:58:41 [http-nio-8080-exec-3] DEBUG o.s.w.s.m.m.a.HttpEntityMethodProcessor - Writing [{success=false, message=未登录}]
2026-01-04 15:58:41 [http-nio-8080-exec-6] DEBUG o.s.w.s.m.m.a.HttpEntityMethodProcessor - Writing [{success=false, message=未登录}]
2026-01-04 15:58:41 [http-nio-8080-exec-4] TRACE o.s.t.i.TransactionInterceptor - No need to create transaction for [org.springframework.data.jpa.repository.support.SimpleJpaRepository.findAllByOrderByDeptNameAsc]: This method is not transactional.
2026-01-04 15:58:41 [http-nio-8080-exec-5] DEBUG o.s.web.servlet.DispatcherServlet - GET "/api/appointments/last-successful", parameters={}
2026-01-04 15:58:41 [http-nio-8080-exec-7] DEBUG o.s.web.servlet.DispatcherServlet - GET "/api/reports/me", parameters={}
2026-01-04 15:58:41 [http-nio-8080-exec-5] DEBUG o.s.w.s.m.m.a.RequestMappingHandlerMapping - Mapped to com.example.aihealthcheck.controller.user.AppointmentController#getLastSuccessfulAppointment(HttpSession)
2026-01-04 15:58:41 [http-nio-8080-exec-6] DEBUG o.s.o.j.s.OpenEntityManagerInViewInterceptor - Closing JPA EntityManager in OpenEntityManagerInViewInterceptor
2026-01-04 15:58:41 [http-nio-8080-exec-6] DEBUG o.s.web.servlet.DispatcherServlet - Completed 401 UNAUTHORIZED
2026-01-04 15:58:41 [http-nio-8080-exec-5] DEBUG o.s.o.j.s.OpenEntityManagerInViewInterceptor - Opening JPA EntityManager in OpenEntityManagerInViewInterceptor
2026-01-04 15:58:41 [http-nio-8080-exec-7] DEBUG o.s.w.s.m.m.a.RequestMappingHandlerMapping - Mapped to com.example.aihealthcheck.controller.user.ReportController#myReports(HttpSession)
2026-01-04 15:58:41 [http-nio-8080-exec-7] DEBUG o.s.o.j.s.OpenEntityManagerInViewInterceptor - Opening JPA EntityManager in OpenEntityManagerInViewInterceptor
2026-01-04 15:58:41 [http-nio-8080-exec-3] DEBUG o.s.o.j.s.OpenEntityManagerInViewInterceptor - Closing JPA EntityManager in OpenEntityManagerInViewInterceptor
2026-01-04 15:58:41 [http-nio-8080-exec-3] DEBUG o.s.web.servlet.DispatcherServlet - Completed 401 UNAUTHORIZED
2026-01-04 15:58:41 [http-nio-8080-exec-5] DEBUG o.s.w.s.m.m.a.HttpEntityMethodProcessor - Using 'application/json', given [*/*] and supported [application/json, application/*+json]
2026-01-04 15:58:41 [http-nio-8080-exec-7] DEBUG o.s.w.s.m.m.a.HttpEntityMethodProcessor - Using 'application/json', given [*/*] and supported [application/json, application/*+json]
2026-01-04 15:58:41 [http-nio-8080-exec-5] DEBUG o.s.w.s.m.m.a.HttpEntityMethodProcessor - Writing [{success=false, message=未登录}]
2026-01-04 15:58:41 [http-nio-8080-exec-7] DEBUG o.s.w.s.m.m.a.HttpEntityMethodProcessor - Writing [{success=false, message=未登录}]
2026-01-04 15:58:41 [http-nio-8080-exec-7] DEBUG o.s.o.j.s.OpenEntityManagerInViewInterceptor - Closing JPA EntityManager in OpenEntityManagerInViewInterceptor
2026-01-04 15:58:41 [http-nio-8080-exec-7] DEBUG o.s.web.servlet.DispatcherServlet - Completed 401 UNAUTHORIZED
2026-01-04 15:58:41 [http-nio-8080-exec-5] DEBUG o.s.o.j.s.OpenEntityManagerInViewInterceptor - Closing JPA EntityManager in OpenEntityManagerInViewInterceptor
2026-01-04 15:58:41 [http-nio-8080-exec-5] DEBUG o.s.web.servlet.DispatcherServlet - Completed 401 UNAUTHORIZED
2026-01-04 15:58:41 [http-nio-8080-exec-4] DEBUG org.hibernate.SQL - 
    /* <criteria> */ select
        d1_0.dept_id,
        d1_0.dept_code,
        d1_0.dept_name,
        d1_0.dept_type,
        d1_0.director_id,
        d1_0.introduction 
    from
        departments d1_0 
    order by
        d1_0.dept_name
2026-01-04 15:58:41 [http-nio-8080-exec-4] DEBUG o.s.w.s.m.m.a.HttpEntityMethodProcessor - Using 'application/json', given [*/*] and supported [application/json, application/*+json]
2026-01-04 15:58:41 [http-nio-8080-exec-4] DEBUG o.s.w.s.m.m.a.HttpEntityMethodProcessor - Writing [[DepartmentDTO(deptId=18, deptCode=KS018, deptName=中医科, deptType=中医科, introduction=中医诊疗专科，运用中医理论和方法治 (truncated)...]
2026-01-04 15:58:41 [http-nio-8080-exec-4] DEBUG o.s.o.j.s.OpenEntityManagerInViewInterceptor - Closing JPA EntityManager in OpenEntityManagerInViewInterceptor
2026-01-04 15:58:41 [http-nio-8080-exec-4] DEBUG o.s.web.servlet.DispatcherServlet - Completed 200 OK
2026-01-04 15:58:41 [http-nio-8080-exec-9] DEBUG o.s.web.servlet.DispatcherServlet - GET "/api/doctors?page=1&pageSize=6", parameters={masked}
2026-01-04 15:58:41 [http-nio-8080-exec-9] DEBUG o.s.w.s.m.m.a.RequestMappingHandlerMapping - Mapped to com.example.aihealthcheck.controller.DoctorController#getDoctors(String, String, String, Integer, Integer)
2026-01-04 15:58:41 [http-nio-8080-exec-9] DEBUG o.s.o.j.s.OpenEntityManagerInViewInterceptor - Opening JPA EntityManager in OpenEntityManagerInViewInterceptor
2026-01-04 15:58:41 [http-nio-8080-exec-9] TRACE o.s.t.i.TransactionInterceptor - No need to create transaction for [org.springframework.data.jpa.repository.support.SimpleJpaRepository.findByDeptCodeAndName]: This method is not transactional.
2026-01-04 15:58:41 [http-nio-8080-exec-9] DEBUG org.hibernate.SQL - 
    /* SELECT
        d 
    FROM
        Doctor d 
    WHERE
        (
            :deptCode IS NULL 
            OR :deptCode = '' 
            OR :deptCode = 'all' 
            OR d.department.deptCode = :deptCode
        ) 
        AND (
            :name IS NULL 
            OR :name = '' 
            OR d.realName LIKE :name_1
        ) */ select
            d1_0.doctor_id,
            d1_0.dept_id,
            d1_0.doctor_code,
            d1_0.level,
            d1_0.normal_fee,
            d1_0.real_name,
            d1_0.urgent_fee,
            d1_0.user_id 
        from
            doctors d1_0 
        join
            departments d2_0 
                on d2_0.dept_id=d1_0.dept_id 
        where
            (
                ? is null 
                or ?='' 
                or ?='all' 
                or d2_0.dept_code=?
            ) 
            and (
                ? is null 
                or ?='' 
                or d1_0.real_name like replace(?, '\\', '\\\\')
            )
2026-01-04 15:58:41 [http-nio-8080-exec-9] TRACE org.hibernate.orm.jdbc.bind - binding parameter (1:VARCHAR) <- [all]
2026-01-04 15:58:41 [http-nio-8080-exec-9] TRACE org.hibernate.orm.jdbc.bind - binding parameter (2:VARCHAR) <- [all]
2026-01-04 15:58:41 [http-nio-8080-exec-9] TRACE org.hibernate.orm.jdbc.bind - binding parameter (3:VARCHAR) <- [all]
2026-01-04 15:58:41 [http-nio-8080-exec-9] TRACE org.hibernate.orm.jdbc.bind - binding parameter (4:VARCHAR) <- [all]
2026-01-04 15:58:41 [http-nio-8080-exec-9] TRACE org.hibernate.orm.jdbc.bind - binding parameter (5:VARCHAR) <- []
2026-01-04 15:58:41 [http-nio-8080-exec-9] TRACE org.hibernate.orm.jdbc.bind - binding parameter (6:VARCHAR) <- []
2026-01-04 15:58:41 [http-nio-8080-exec-9] TRACE org.hibernate.orm.jdbc.bind - binding parameter (7:VARCHAR) <- [%%]
2026-01-04 15:58:41 [http-nio-8080-exec-9] DEBUG org.hibernate.SQL - 
    select
        d1_0.dept_id,
        d1_0.dept_code,
        d1_0.dept_name,
        d1_0.dept_type,
        d1_0.director_id,
        d1_0.introduction 
    from
        departments d1_0 
    where
        d1_0.dept_id=?
2026-01-04 15:58:41 [http-nio-8080-exec-9] TRACE org.hibernate.orm.jdbc.bind - binding parameter (1:INTEGER) <- [1]
2026-01-04 15:58:41 [http-nio-8080-exec-9] DEBUG o.s.jdbc.core.JdbcTemplate - Executing prepared SQL query
2026-01-04 15:58:41 [http-nio-8080-exec-9] DEBUG o.s.jdbc.core.JdbcTemplate - Executing prepared SQL statement [SELECT COUNT(*) FROM schedules WHERE doctor_id = ? AND work_day = ?]
2026-01-04 15:58:41 [http-nio-8080-exec-9] DEBUG o.s.jdbc.datasource.DataSourceUtils - Fetching JDBC Connection from DataSource
2026-01-04 15:58:41 [http-nio-8080-exec-9] DEBUG o.s.jdbc.core.JdbcTemplate - Executing prepared SQL query
2026-01-04 15:58:41 [http-nio-8080-exec-9] DEBUG o.s.jdbc.core.JdbcTemplate - Executing prepared SQL statement [SELECT COUNT(*) FROM schedules WHERE doctor_id = ? AND work_day = ?]
2026-01-04 15:58:41 [http-nio-8080-exec-9] DEBUG o.s.jdbc.datasource.DataSourceUtils - Fetching JDBC Connection from DataSource
2026-01-04 15:58:41 [http-nio-8080-exec-9] DEBUG o.s.jdbc.core.JdbcTemplate - Executing prepared SQL query
2026-01-04 15:58:41 [http-nio-8080-exec-9] DEBUG o.s.jdbc.core.JdbcTemplate - Executing prepared SQL statement [SELECT COUNT(*) FROM schedules WHERE doctor_id = ? AND work_day = ?]
2026-01-04 15:58:41 [http-nio-8080-exec-9] DEBUG o.s.jdbc.datasource.DataSourceUtils - Fetching JDBC Connection from DataSource
2026-01-04 15:58:41 [http-nio-8080-exec-9] DEBUG o.s.jdbc.core.JdbcTemplate - Executing prepared SQL query
2026-01-04 15:58:41 [http-nio-8080-exec-9] DEBUG o.s.jdbc.core.JdbcTemplate - Executing prepared SQL statement [SELECT COUNT(*) FROM schedules WHERE doctor_id = ? AND work_day = ?]
2026-01-04 15:58:41 [http-nio-8080-exec-9] DEBUG o.s.jdbc.datasource.DataSourceUtils - Fetching JDBC Connection from DataSource
2026-01-04 15:58:41 [http-nio-8080-exec-9] DEBUG o.s.jdbc.core.JdbcTemplate - Executing prepared SQL query
2026-01-04 15:58:41 [http-nio-8080-exec-9] DEBUG o.s.jdbc.core.JdbcTemplate - Executing prepared SQL statement [SELECT COUNT(*) FROM schedules WHERE doctor_id = ? AND work_day = ?]
2026-01-04 15:58:41 [http-nio-8080-exec-9] DEBUG o.s.jdbc.datasource.DataSourceUtils - Fetching JDBC Connection from DataSource
2026-01-04 15:58:41 [http-nio-8080-exec-9] DEBUG o.s.jdbc.core.JdbcTemplate - Executing prepared SQL query
2026-01-04 15:58:41 [http-nio-8080-exec-9] DEBUG o.s.jdbc.core.JdbcTemplate - Executing prepared SQL statement [SELECT COUNT(*) FROM schedules WHERE doctor_id = ? AND work_day = ?]
2026-01-04 15:58:41 [http-nio-8080-exec-9] DEBUG o.s.jdbc.datasource.DataSourceUtils - Fetching JDBC Connection from DataSource
2026-01-04 15:58:41 [http-nio-8080-exec-9] DEBUG o.s.jdbc.core.JdbcTemplate - Executing prepared SQL query
2026-01-04 15:58:41 [http-nio-8080-exec-9] DEBUG o.s.jdbc.core.JdbcTemplate - Executing prepared SQL statement [SELECT COUNT(*) FROM schedules WHERE doctor_id = ? AND work_day = ?]
2026-01-04 15:58:41 [http-nio-8080-exec-9] DEBUG o.s.jdbc.datasource.DataSourceUtils - Fetching JDBC Connection from DataSource
2026-01-04 15:58:41 [http-nio-8080-exec-9] DEBUG o.s.jdbc.core.JdbcTemplate - Executing prepared SQL query
2026-01-04 15:58:41 [http-nio-8080-exec-9] DEBUG o.s.jdbc.core.JdbcTemplate - Executing prepared SQL statement [SELECT COUNT(*) FROM schedules WHERE doctor_id = ? AND work_day = ?]
2026-01-04 15:58:41 [http-nio-8080-exec-9] DEBUG o.s.jdbc.datasource.DataSourceUtils - Fetching JDBC Connection from DataSource
2026-01-04 15:58:41 [http-nio-8080-exec-9] DEBUG o.s.jdbc.core.JdbcTemplate - Executing prepared SQL query
2026-01-04 15:58:41 [http-nio-8080-exec-9] DEBUG o.s.jdbc.core.JdbcTemplate - Executing prepared SQL statement [SELECT COUNT(*) FROM schedules WHERE doctor_id = ? AND work_day = ?]
2026-01-04 15:58:41 [http-nio-8080-exec-9] DEBUG o.s.jdbc.datasource.DataSourceUtils - Fetching JDBC Connection from DataSource
2026-01-04 15:58:41 [http-nio-8080-exec-9] DEBUG o.s.jdbc.core.JdbcTemplate - Executing prepared SQL query
2026-01-04 15:58:41 [http-nio-8080-exec-9] DEBUG o.s.jdbc.core.JdbcTemplate - Executing prepared SQL statement [SELECT COUNT(*) FROM schedules WHERE doctor_id = ? AND work_day = ?]
2026-01-04 15:58:41 [http-nio-8080-exec-9] DEBUG o.s.jdbc.datasource.DataSourceUtils - Fetching JDBC Connection from DataSource
2026-01-04 15:58:41 [http-nio-8080-exec-9] DEBUG o.s.jdbc.core.JdbcTemplate - Executing prepared SQL query
2026-01-04 15:58:41 [http-nio-8080-exec-9] DEBUG o.s.jdbc.core.JdbcTemplate - Executing prepared SQL statement [SELECT COUNT(*) FROM schedules WHERE doctor_id = ? AND work_day = ?]
2026-01-04 15:58:41 [http-nio-8080-exec-9] DEBUG o.s.jdbc.datasource.DataSourceUtils - Fetching JDBC Connection from DataSource
2026-01-04 15:58:41 [http-nio-8080-exec-9] DEBUG o.s.jdbc.core.JdbcTemplate - Executing prepared SQL query
2026-01-04 15:58:41 [http-nio-8080-exec-9] DEBUG o.s.jdbc.core.JdbcTemplate - Executing prepared SQL statement [SELECT COUNT(*) FROM schedules WHERE doctor_id = ? AND work_day = ?]
2026-01-04 15:58:41 [http-nio-8080-exec-9] DEBUG o.s.jdbc.datasource.DataSourceUtils - Fetching JDBC Connection from DataSource
2026-01-04 15:58:41 [http-nio-8080-exec-9] DEBUG o.s.jdbc.core.JdbcTemplate - Executing prepared SQL query
2026-01-04 15:58:41 [http-nio-8080-exec-9] DEBUG o.s.jdbc.core.JdbcTemplate - Executing prepared SQL statement [SELECT COUNT(*) FROM schedules WHERE doctor_id = ? AND work_day = ?]
2026-01-04 15:58:41 [http-nio-8080-exec-9] DEBUG o.s.jdbc.datasource.DataSourceUtils - Fetching JDBC Connection from DataSource
2026-01-04 15:58:41 [http-nio-8080-exec-9] DEBUG o.s.jdbc.core.JdbcTemplate - Executing prepared SQL query
2026-01-04 15:58:41 [http-nio-8080-exec-9] DEBUG o.s.jdbc.core.JdbcTemplate - Executing prepared SQL statement [SELECT COUNT(*) FROM schedules WHERE doctor_id = ? AND work_day = ?]
2026-01-04 15:58:41 [http-nio-8080-exec-9] DEBUG o.s.jdbc.datasource.DataSourceUtils - Fetching JDBC Connection from DataSource
2026-01-04 15:58:41 [http-nio-8080-exec-9] DEBUG o.s.jdbc.core.JdbcTemplate - Executing prepared SQL query
2026-01-04 15:58:41 [http-nio-8080-exec-9] DEBUG o.s.jdbc.core.JdbcTemplate - Executing prepared SQL statement [SELECT COUNT(*) FROM schedules WHERE doctor_id = ? AND work_day = ?]
2026-01-04 15:58:41 [http-nio-8080-exec-9] DEBUG o.s.jdbc.datasource.DataSourceUtils - Fetching JDBC Connection from DataSource
2026-01-04 15:58:41 [http-nio-8080-exec-9] DEBUG o.s.jdbc.core.JdbcTemplate - Executing prepared SQL query
2026-01-04 15:58:41 [http-nio-8080-exec-9] DEBUG o.s.jdbc.core.JdbcTemplate - Executing prepared SQL statement [SELECT COUNT(*) FROM schedules WHERE doctor_id = ? AND work_day = ?]
2026-01-04 15:58:41 [http-nio-8080-exec-9] DEBUG o.s.jdbc.datasource.DataSourceUtils - Fetching JDBC Connection from DataSource
2026-01-04 15:58:41 [http-nio-8080-exec-9] DEBUG o.s.jdbc.core.JdbcTemplate - Executing prepared SQL query
2026-01-04 15:58:41 [http-nio-8080-exec-9] DEBUG o.s.jdbc.core.JdbcTemplate - Executing prepared SQL statement [SELECT COUNT(*) FROM schedules WHERE doctor_id = ? AND work_day = ?]
2026-01-04 15:58:41 [http-nio-8080-exec-9] DEBUG o.s.jdbc.datasource.DataSourceUtils - Fetching JDBC Connection from DataSource
2026-01-04 15:58:41 [http-nio-8080-exec-9] DEBUG o.s.jdbc.core.JdbcTemplate - Executing prepared SQL query
2026-01-04 15:58:41 [http-nio-8080-exec-9] DEBUG o.s.jdbc.core.JdbcTemplate - Executing prepared SQL statement [SELECT COUNT(*) FROM schedules WHERE doctor_id = ? AND work_day = ?]
2026-01-04 15:58:41 [http-nio-8080-exec-9] DEBUG o.s.jdbc.datasource.DataSourceUtils - Fetching JDBC Connection from DataSource
2026-01-04 15:58:41 [http-nio-8080-exec-9] DEBUG org.hibernate.SQL - 
    select
        d1_0.dept_id,
        d1_0.dept_code,
        d1_0.dept_name,
        d1_0.dept_type,
        d1_0.director_id,
        d1_0.introduction 
    from
        departments d1_0 
    where
        d1_0.dept_id=?
2026-01-04 15:58:41 [http-nio-8080-exec-9] TRACE org.hibernate.orm.jdbc.bind - binding parameter (1:INTEGER) <- [2]
2026-01-04 15:58:41 [http-nio-8080-exec-9] DEBUG o.s.jdbc.core.JdbcTemplate - Executing prepared SQL query
2026-01-04 15:58:41 [http-nio-8080-exec-9] DEBUG o.s.jdbc.core.JdbcTemplate - Executing prepared SQL statement [SELECT COUNT(*) FROM schedules WHERE doctor_id = ? AND work_day = ?]
2026-01-04 15:58:41 [http-nio-8080-exec-9] DEBUG o.s.jdbc.datasource.DataSourceUtils - Fetching JDBC Connection from DataSource
2026-01-04 15:58:41 [http-nio-8080-exec-9] DEBUG o.s.jdbc.core.JdbcTemplate - Executing prepared SQL query
2026-01-04 15:58:41 [http-nio-8080-exec-9] DEBUG o.s.jdbc.core.JdbcTemplate - Executing prepared SQL statement [SELECT COUNT(*) FROM schedules WHERE doctor_id = ? AND work_day = ?]
2026-01-04 15:58:41 [http-nio-8080-exec-9] DEBUG o.s.jdbc.datasource.DataSourceUtils - Fetching JDBC Connection from DataSource
2026-01-04 15:58:41 [http-nio-8080-exec-9] DEBUG o.s.jdbc.core.JdbcTemplate - Executing prepared SQL query
2026-01-04 15:58:41 [http-nio-8080-exec-9] DEBUG o.s.jdbc.core.JdbcTemplate - Executing prepared SQL statement [SELECT COUNT(*) FROM schedules WHERE doctor_id = ? AND work_day = ?]
2026-01-04 15:58:41 [http-nio-8080-exec-9] DEBUG o.s.jdbc.datasource.DataSourceUtils - Fetching JDBC Connection from DataSource
2026-01-04 15:58:41 [http-nio-8080-exec-9] DEBUG o.s.jdbc.core.JdbcTemplate - Executing prepared SQL query
2026-01-04 15:58:41 [http-nio-8080-exec-9] DEBUG o.s.jdbc.core.JdbcTemplate - Executing prepared SQL statement [SELECT COUNT(*) FROM schedules WHERE doctor_id = ? AND work_day = ?]
2026-01-04 15:58:41 [http-nio-8080-exec-9] DEBUG o.s.jdbc.datasource.DataSourceUtils - Fetching JDBC Connection from DataSource
2026-01-04 15:58:41 [http-nio-8080-exec-9] DEBUG o.s.jdbc.core.JdbcTemplate - Executing prepared SQL query
2026-01-04 15:58:41 [http-nio-8080-exec-9] DEBUG o.s.jdbc.core.JdbcTemplate - Executing prepared SQL statement [SELECT COUNT(*) FROM schedules WHERE doctor_id = ? AND work_day = ?]
2026-01-04 15:58:41 [http-nio-8080-exec-9] DEBUG o.s.jdbc.datasource.DataSourceUtils - Fetching JDBC Connection from DataSource
2026-01-04 15:58:41 [http-nio-8080-exec-9] DEBUG o.s.jdbc.core.JdbcTemplate - Executing prepared SQL query
2026-01-04 15:58:41 [http-nio-8080-exec-9] DEBUG o.s.jdbc.core.JdbcTemplate - Executing prepared SQL statement [SELECT COUNT(*) FROM schedules WHERE doctor_id = ? AND work_day = ?]
2026-01-04 15:58:41 [http-nio-8080-exec-9] DEBUG o.s.jdbc.datasource.DataSourceUtils - Fetching JDBC Connection from DataSource
2026-01-04 15:58:41 [http-nio-8080-exec-9] DEBUG o.s.jdbc.core.JdbcTemplate - Executing prepared SQL query
2026-01-04 15:58:41 [http-nio-8080-exec-9] DEBUG o.s.jdbc.core.JdbcTemplate - Executing prepared SQL statement [SELECT COUNT(*) FROM schedules WHERE doctor_id = ? AND work_day = ?]
2026-01-04 15:58:41 [http-nio-8080-exec-9] DEBUG o.s.jdbc.datasource.DataSourceUtils - Fetching JDBC Connection from DataSource
2026-01-04 15:58:41 [http-nio-8080-exec-9] DEBUG o.s.jdbc.core.JdbcTemplate - Executing prepared SQL query
2026-01-04 15:58:41 [http-nio-8080-exec-9] DEBUG o.s.jdbc.core.JdbcTemplate - Executing prepared SQL statement [SELECT COUNT(*) FROM schedules WHERE doctor_id = ? AND work_day = ?]
2026-01-04 15:58:41 [http-nio-8080-exec-9] DEBUG o.s.jdbc.datasource.DataSourceUtils - Fetching JDBC Connection from DataSource
2026-01-04 15:58:41 [http-nio-8080-exec-9] DEBUG o.s.jdbc.core.JdbcTemplate - Executing prepared SQL query
2026-01-04 15:58:41 [http-nio-8080-exec-9] DEBUG o.s.jdbc.core.JdbcTemplate - Executing prepared SQL statement [SELECT COUNT(*) FROM schedules WHERE doctor_id = ? AND work_day = ?]
2026-01-04 15:58:41 [http-nio-8080-exec-9] DEBUG o.s.jdbc.datasource.DataSourceUtils - Fetching JDBC Connection from DataSource
2026-01-04 15:58:41 [http-nio-8080-exec-9] DEBUG o.s.jdbc.core.JdbcTemplate - Executing prepared SQL query
2026-01-04 15:58:41 [http-nio-8080-exec-9] DEBUG o.s.jdbc.core.JdbcTemplate - Executing prepared SQL statement [SELECT COUNT(*) FROM schedules WHERE doctor_id = ? AND work_day = ?]
2026-01-04 15:58:41 [http-nio-8080-exec-9] DEBUG o.s.jdbc.datasource.DataSourceUtils - Fetching JDBC Connection from DataSource
2026-01-04 15:58:41 [http-nio-8080-exec-9] DEBUG o.s.jdbc.core.JdbcTemplate - Executing prepared SQL query
2026-01-04 15:58:41 [http-nio-8080-exec-9] DEBUG o.s.jdbc.core.JdbcTemplate - Executing prepared SQL statement [SELECT COUNT(*) FROM schedules WHERE doctor_id = ? AND work_day = ?]
2026-01-04 15:58:41 [http-nio-8080-exec-9] DEBUG o.s.jdbc.datasource.DataSourceUtils - Fetching JDBC Connection from DataSource
2026-01-04 15:58:41 [http-nio-8080-exec-9] DEBUG o.s.jdbc.core.JdbcTemplate - Executing prepared SQL query
2026-01-04 15:58:41 [http-nio-8080-exec-9] DEBUG o.s.jdbc.core.JdbcTemplate - Executing prepared SQL statement [SELECT COUNT(*) FROM schedules WHERE doctor_id = ? AND work_day = ?]
2026-01-04 15:58:41 [http-nio-8080-exec-9] DEBUG o.s.jdbc.datasource.DataSourceUtils - Fetching JDBC Connection from DataSource
2026-01-04 15:58:41 [http-nio-8080-exec-9] DEBUG o.s.jdbc.core.JdbcTemplate - Executing prepared SQL query
2026-01-04 15:58:41 [http-nio-8080-exec-9] DEBUG o.s.jdbc.core.JdbcTemplate - Executing prepared SQL statement [SELECT COUNT(*) FROM schedules WHERE doctor_id = ? AND work_day = ?]
2026-01-04 15:58:41 [http-nio-8080-exec-9] DEBUG o.s.jdbc.datasource.DataSourceUtils - Fetching JDBC Connection from DataSource
2026-01-04 15:58:41 [http-nio-8080-exec-9] DEBUG o.s.jdbc.core.JdbcTemplate - Executing prepared SQL query
2026-01-04 15:58:41 [http-nio-8080-exec-9] DEBUG o.s.jdbc.core.JdbcTemplate - Executing prepared SQL statement [SELECT COUNT(*) FROM schedules WHERE doctor_id = ? AND work_day = ?]
2026-01-04 15:58:41 [http-nio-8080-exec-9] DEBUG o.s.jdbc.datasource.DataSourceUtils - Fetching JDBC Connection from DataSource
2026-01-04 15:58:41 [http-nio-8080-exec-9] DEBUG o.s.jdbc.core.JdbcTemplate - Executing prepared SQL query
2026-01-04 15:58:41 [http-nio-8080-exec-9] DEBUG o.s.jdbc.core.JdbcTemplate - Executing prepared SQL statement [SELECT COUNT(*) FROM schedules WHERE doctor_id = ? AND work_day = ?]
2026-01-04 15:58:41 [http-nio-8080-exec-9] DEBUG o.s.jdbc.datasource.DataSourceUtils - Fetching JDBC Connection from DataSource
2026-01-04 15:58:41 [http-nio-8080-exec-9] DEBUG o.s.jdbc.core.JdbcTemplate - Executing prepared SQL query
2026-01-04 15:58:41 [http-nio-8080-exec-9] DEBUG o.s.jdbc.core.JdbcTemplate - Executing prepared SQL statement [SELECT COUNT(*) FROM schedules WHERE doctor_id = ? AND work_day = ?]
2026-01-04 15:58:41 [http-nio-8080-exec-9] DEBUG o.s.jdbc.datasource.DataSourceUtils - Fetching JDBC Connection from DataSource
2026-01-04 15:58:41 [http-nio-8080-exec-9] DEBUG o.s.jdbc.core.JdbcTemplate - Executing prepared SQL query
2026-01-04 15:58:41 [http-nio-8080-exec-9] DEBUG o.s.jdbc.core.JdbcTemplate - Executing prepared SQL statement [SELECT COUNT(*) FROM schedules WHERE doctor_id = ? AND work_day = ?]
2026-01-04 15:58:41 [http-nio-8080-exec-9] DEBUG o.s.jdbc.datasource.DataSourceUtils - Fetching JDBC Connection from DataSource
2026-01-04 15:58:41 [http-nio-8080-exec-9] DEBUG o.s.jdbc.core.JdbcTemplate - Executing prepared SQL query
2026-01-04 15:58:41 [http-nio-8080-exec-9] DEBUG o.s.jdbc.core.JdbcTemplate - Executing prepared SQL statement [SELECT COUNT(*) FROM schedules WHERE doctor_id = ? AND work_day = ?]
2026-01-04 15:58:41 [http-nio-8080-exec-9] DEBUG o.s.jdbc.datasource.DataSourceUtils - Fetching JDBC Connection from DataSource
2026-01-04 15:58:41 [http-nio-8080-exec-9] DEBUG o.s.jdbc.core.JdbcTemplate - Executing prepared SQL query
2026-01-04 15:58:41 [http-nio-8080-exec-9] DEBUG o.s.jdbc.core.JdbcTemplate - Executing prepared SQL statement [SELECT COUNT(*) FROM schedules WHERE doctor_id = ? AND work_day = ?]
2026-01-04 15:58:41 [http-nio-8080-exec-9] DEBUG o.s.jdbc.datasource.DataSourceUtils - Fetching JDBC Connection from DataSource
2026-01-04 15:58:41 [http-nio-8080-exec-9] DEBUG o.s.jdbc.core.JdbcTemplate - Executing prepared SQL query
2026-01-04 15:58:41 [http-nio-8080-exec-9] DEBUG o.s.jdbc.core.JdbcTemplate - Executing prepared SQL statement [SELECT COUNT(*) FROM schedules WHERE doctor_id = ? AND work_day = ?]
2026-01-04 15:58:41 [http-nio-8080-exec-9] DEBUG o.s.jdbc.datasource.DataSourceUtils - Fetching JDBC Connection from DataSource
2026-01-04 15:58:41 [http-nio-8080-exec-9] DEBUG org.hibernate.SQL - 
    select
        d1_0.dept_id,
        d1_0.dept_code,
        d1_0.dept_name,
        d1_0.dept_type,
        d1_0.director_id,
        d1_0.introduction 
    from
        departments d1_0 
    where
        d1_0.dept_id=?
2026-01-04 15:58:41 [http-nio-8080-exec-9] TRACE org.hibernate.orm.jdbc.bind - binding parameter (1:INTEGER) <- [3]
2026-01-04 15:58:41 [http-nio-8080-exec-9] DEBUG o.s.jdbc.core.JdbcTemplate - Executing prepared SQL query
2026-01-04 15:58:41 [http-nio-8080-exec-9] DEBUG o.s.jdbc.core.JdbcTemplate - Executing prepared SQL statement [SELECT COUNT(*) FROM schedules WHERE doctor_id = ? AND work_day = ?]
2026-01-04 15:58:41 [http-nio-8080-exec-9] DEBUG o.s.jdbc.datasource.DataSourceUtils - Fetching JDBC Connection from DataSource
2026-01-04 15:58:41 [http-nio-8080-exec-9] DEBUG o.s.jdbc.core.JdbcTemplate - Executing prepared SQL query
2026-01-04 15:58:41 [http-nio-8080-exec-9] DEBUG o.s.jdbc.core.JdbcTemplate - Executing prepared SQL statement [SELECT COUNT(*) FROM schedules WHERE doctor_id = ? AND work_day = ?]
2026-01-04 15:58:41 [http-nio-8080-exec-9] DEBUG o.s.jdbc.datasource.DataSourceUtils - Fetching JDBC Connection from DataSource
2026-01-04 15:58:41 [http-nio-8080-exec-9] DEBUG o.s.jdbc.core.JdbcTemplate - Executing prepared SQL query
2026-01-04 15:58:41 [http-nio-8080-exec-9] DEBUG o.s.jdbc.core.JdbcTemplate - Executing prepared SQL statement [SELECT COUNT(*) FROM schedules WHERE doctor_id = ? AND work_day = ?]
2026-01-04 15:58:41 [http-nio-8080-exec-9] DEBUG o.s.jdbc.datasource.DataSourceUtils - Fetching JDBC Connection from DataSource
2026-01-04 15:58:41 [http-nio-8080-exec-9] DEBUG o.s.jdbc.core.JdbcTemplate - Executing prepared SQL query
2026-01-04 15:58:41 [http-nio-8080-exec-9] DEBUG o.s.jdbc.core.JdbcTemplate - Executing prepared SQL statement [SELECT COUNT(*) FROM schedules WHERE doctor_id = ? AND work_day = ?]
2026-01-04 15:58:41 [http-nio-8080-exec-9] DEBUG o.s.jdbc.datasource.DataSourceUtils - Fetching JDBC Connection from DataSource
2026-01-04 15:58:41 [http-nio-8080-exec-9] DEBUG o.s.jdbc.core.JdbcTemplate - Executing prepared SQL query
2026-01-04 15:58:41 [http-nio-8080-exec-9] DEBUG o.s.jdbc.core.JdbcTemplate - Executing prepared SQL statement [SELECT COUNT(*) FROM schedules WHERE doctor_id = ? AND work_day = ?]
2026-01-04 15:58:41 [http-nio-8080-exec-9] DEBUG o.s.jdbc.datasource.DataSourceUtils - Fetching JDBC Connection from DataSource
2026-01-04 15:58:41 [http-nio-8080-exec-9] DEBUG o.s.jdbc.core.JdbcTemplate - Executing prepared SQL query
2026-01-04 15:58:41 [http-nio-8080-exec-9] DEBUG o.s.jdbc.core.JdbcTemplate - Executing prepared SQL statement [SELECT COUNT(*) FROM schedules WHERE doctor_id = ? AND work_day = ?]
2026-01-04 15:58:41 [http-nio-8080-exec-9] DEBUG o.s.jdbc.datasource.DataSourceUtils - Fetching JDBC Connection from DataSource
2026-01-04 15:58:41 [http-nio-8080-exec-9] DEBUG o.s.jdbc.core.JdbcTemplate - Executing prepared SQL query
2026-01-04 15:58:41 [http-nio-8080-exec-9] DEBUG o.s.jdbc.core.JdbcTemplate - Executing prepared SQL statement [SELECT COUNT(*) FROM schedules WHERE doctor_id = ? AND work_day = ?]
2026-01-04 15:58:41 [http-nio-8080-exec-9] DEBUG o.s.jdbc.datasource.DataSourceUtils - Fetching JDBC Connection from DataSource
2026-01-04 15:58:41 [http-nio-8080-exec-9] DEBUG o.s.jdbc.core.JdbcTemplate - Executing prepared SQL query
2026-01-04 15:58:41 [http-nio-8080-exec-9] DEBUG o.s.jdbc.core.JdbcTemplate - Executing prepared SQL statement [SELECT COUNT(*) FROM schedules WHERE doctor_id = ? AND work_day = ?]
2026-01-04 15:58:41 [http-nio-8080-exec-9] DEBUG o.s.jdbc.datasource.DataSourceUtils - Fetching JDBC Connection from DataSource
2026-01-04 15:58:41 [http-nio-8080-exec-9] DEBUG o.s.jdbc.core.JdbcTemplate - Executing prepared SQL query
2026-01-04 15:58:41 [http-nio-8080-exec-9] DEBUG o.s.jdbc.core.JdbcTemplate - Executing prepared SQL statement [SELECT COUNT(*) FROM schedules WHERE doctor_id = ? AND work_day = ?]
2026-01-04 15:58:41 [http-nio-8080-exec-9] DEBUG o.s.jdbc.datasource.DataSourceUtils - Fetching JDBC Connection from DataSource
2026-01-04 15:58:41 [http-nio-8080-exec-9] DEBUG o.s.jdbc.core.JdbcTemplate - Executing prepared SQL query
2026-01-04 15:58:41 [http-nio-8080-exec-9] DEBUG o.s.jdbc.core.JdbcTemplate - Executing prepared SQL statement [SELECT COUNT(*) FROM schedules WHERE doctor_id = ? AND work_day = ?]
2026-01-04 15:58:41 [http-nio-8080-exec-9] DEBUG o.s.jdbc.datasource.DataSourceUtils - Fetching JDBC Connection from DataSource
2026-01-04 15:58:41 [http-nio-8080-exec-9] DEBUG o.s.jdbc.core.JdbcTemplate - Executing prepared SQL query
2026-01-04 15:58:41 [http-nio-8080-exec-9] DEBUG o.s.jdbc.core.JdbcTemplate - Executing prepared SQL statement [SELECT COUNT(*) FROM schedules WHERE doctor_id = ? AND work_day = ?]
2026-01-04 15:58:41 [http-nio-8080-exec-9] DEBUG o.s.jdbc.datasource.DataSourceUtils - Fetching JDBC Connection from DataSource
2026-01-04 15:58:41 [http-nio-8080-exec-9] DEBUG o.s.jdbc.core.JdbcTemplate - Executing prepared SQL query
2026-01-04 15:58:41 [http-nio-8080-exec-9] DEBUG o.s.jdbc.core.JdbcTemplate - Executing prepared SQL statement [SELECT COUNT(*) FROM schedules WHERE doctor_id = ? AND work_day = ?]
2026-01-04 15:58:41 [http-nio-8080-exec-9] DEBUG o.s.jdbc.datasource.DataSourceUtils - Fetching JDBC Connection from DataSource
2026-01-04 15:58:41 [http-nio-8080-exec-9] DEBUG o.s.jdbc.core.JdbcTemplate - Executing prepared SQL query
2026-01-04 15:58:41 [http-nio-8080-exec-9] DEBUG o.s.jdbc.core.JdbcTemplate - Executing prepared SQL statement [SELECT COUNT(*) FROM schedules WHERE doctor_id = ? AND work_day = ?]
2026-01-04 15:58:41 [http-nio-8080-exec-9] DEBUG o.s.jdbc.datasource.DataSourceUtils - Fetching JDBC Connection from DataSource
2026-01-04 15:58:41 [http-nio-8080-exec-9] DEBUG o.s.jdbc.core.JdbcTemplate - Executing prepared SQL query
2026-01-04 15:58:41 [http-nio-8080-exec-9] DEBUG o.s.jdbc.core.JdbcTemplate - Executing prepared SQL statement [SELECT COUNT(*) FROM schedules WHERE doctor_id = ? AND work_day = ?]
2026-01-04 15:58:41 [http-nio-8080-exec-9] DEBUG o.s.jdbc.datasource.DataSourceUtils - Fetching JDBC Connection from DataSource
2026-01-04 15:58:41 [http-nio-8080-exec-9] DEBUG o.s.jdbc.core.JdbcTemplate - Executing prepared SQL query
2026-01-04 15:58:41 [http-nio-8080-exec-9] DEBUG o.s.jdbc.core.JdbcTemplate - Executing prepared SQL statement [SELECT COUNT(*) FROM schedules WHERE doctor_id = ? AND work_day = ?]
2026-01-04 15:58:41 [http-nio-8080-exec-9] DEBUG o.s.jdbc.datasource.DataSourceUtils - Fetching JDBC Connection from DataSource
2026-01-04 15:58:41 [http-nio-8080-exec-9] DEBUG o.s.jdbc.core.JdbcTemplate - Executing prepared SQL query
2026-01-04 15:58:41 [http-nio-8080-exec-9] DEBUG o.s.jdbc.core.JdbcTemplate - Executing prepared SQL statement [SELECT COUNT(*) FROM schedules WHERE doctor_id = ? AND work_day = ?]
2026-01-04 15:58:41 [http-nio-8080-exec-9] DEBUG o.s.jdbc.datasource.DataSourceUtils - Fetching JDBC Connection from DataSource
2026-01-04 15:58:41 [http-nio-8080-exec-9] DEBUG o.s.jdbc.core.JdbcTemplate - Executing prepared SQL query
2026-01-04 15:58:41 [http-nio-8080-exec-9] DEBUG o.s.jdbc.core.JdbcTemplate - Executing prepared SQL statement [SELECT COUNT(*) FROM schedules WHERE doctor_id = ? AND work_day = ?]
2026-01-04 15:58:41 [http-nio-8080-exec-9] DEBUG o.s.jdbc.datasource.DataSourceUtils - Fetching JDBC Connection from DataSource
2026-01-04 15:58:41 [http-nio-8080-exec-9] DEBUG o.s.jdbc.core.JdbcTemplate - Executing prepared SQL query
2026-01-04 15:58:41 [http-nio-8080-exec-9] DEBUG o.s.jdbc.core.JdbcTemplate - Executing prepared SQL statement [SELECT COUNT(*) FROM schedules WHERE doctor_id = ? AND work_day = ?]
2026-01-04 15:58:41 [http-nio-8080-exec-9] DEBUG o.s.jdbc.datasource.DataSourceUtils - Fetching JDBC Connection from DataSource
2026-01-04 15:58:41 [http-nio-8080-exec-9] DEBUG org.hibernate.SQL - 
    select
        d1_0.dept_id,
        d1_0.dept_code,
        d1_0.dept_name,
        d1_0.dept_type,
        d1_0.director_id,
        d1_0.introduction 
    from
        departments d1_0 
    where
        d1_0.dept_id=?
2026-01-04 15:58:41 [http-nio-8080-exec-9] TRACE org.hibernate.orm.jdbc.bind - binding parameter (1:INTEGER) <- [4]
2026-01-04 15:58:41 [http-nio-8080-exec-9] DEBUG o.s.jdbc.core.JdbcTemplate - Executing prepared SQL query
2026-01-04 15:58:41 [http-nio-8080-exec-9] DEBUG o.s.jdbc.core.JdbcTemplate - Executing prepared SQL statement [SELECT COUNT(*) FROM schedules WHERE doctor_id = ? AND work_day = ?]
2026-01-04 15:58:41 [http-nio-8080-exec-9] DEBUG o.s.jdbc.datasource.DataSourceUtils - Fetching JDBC Connection from DataSource
2026-01-04 15:58:41 [http-nio-8080-exec-9] DEBUG o.s.jdbc.core.JdbcTemplate - Executing prepared SQL query
2026-01-04 15:58:41 [http-nio-8080-exec-9] DEBUG o.s.jdbc.core.JdbcTemplate - Executing prepared SQL statement [SELECT COUNT(*) FROM schedules WHERE doctor_id = ? AND work_day = ?]
2026-01-04 15:58:41 [http-nio-8080-exec-9] DEBUG o.s.jdbc.datasource.DataSourceUtils - Fetching JDBC Connection from DataSource
2026-01-04 15:58:41 [http-nio-8080-exec-9] DEBUG o.s.jdbc.core.JdbcTemplate - Executing prepared SQL query
2026-01-04 15:58:41 [http-nio-8080-exec-9] DEBUG o.s.jdbc.core.JdbcTemplate - Executing prepared SQL statement [SELECT COUNT(*) FROM schedules WHERE doctor_id = ? AND work_day = ?]
2026-01-04 15:58:41 [http-nio-8080-exec-9] DEBUG o.s.jdbc.datasource.DataSourceUtils - Fetching JDBC Connection from DataSource
2026-01-04 15:58:41 [http-nio-8080-exec-9] DEBUG o.s.jdbc.core.JdbcTemplate - Executing prepared SQL query
2026-01-04 15:58:41 [http-nio-8080-exec-9] DEBUG o.s.jdbc.core.JdbcTemplate - Executing prepared SQL statement [SELECT COUNT(*) FROM schedules WHERE doctor_id = ? AND work_day = ?]
2026-01-04 15:58:41 [http-nio-8080-exec-9] DEBUG o.s.jdbc.datasource.DataSourceUtils - Fetching JDBC Connection from DataSource
2026-01-04 15:58:41 [http-nio-8080-exec-9] DEBUG o.s.jdbc.core.JdbcTemplate - Executing prepared SQL query
2026-01-04 15:58:41 [http-nio-8080-exec-9] DEBUG o.s.jdbc.core.JdbcTemplate - Executing prepared SQL statement [SELECT COUNT(*) FROM schedules WHERE doctor_id = ? AND work_day = ?]
2026-01-04 15:58:41 [http-nio-8080-exec-9] DEBUG o.s.jdbc.datasource.DataSourceUtils - Fetching JDBC Connection from DataSource
2026-01-04 15:58:41 [http-nio-8080-exec-9] DEBUG o.s.jdbc.core.JdbcTemplate - Executing prepared SQL query
2026-01-04 15:58:41 [http-nio-8080-exec-9] DEBUG o.s.jdbc.core.JdbcTemplate - Executing prepared SQL statement [SELECT COUNT(*) FROM schedules WHERE doctor_id = ? AND work_day = ?]
2026-01-04 15:58:41 [http-nio-8080-exec-9] DEBUG o.s.jdbc.datasource.DataSourceUtils - Fetching JDBC Connection from DataSource
2026-01-04 15:58:41 [http-nio-8080-exec-9] DEBUG o.s.jdbc.core.JdbcTemplate - Executing prepared SQL query
2026-01-04 15:58:41 [http-nio-8080-exec-9] DEBUG o.s.jdbc.core.JdbcTemplate - Executing prepared SQL statement [SELECT COUNT(*) FROM schedules WHERE doctor_id = ? AND work_day = ?]
2026-01-04 15:58:41 [http-nio-8080-exec-9] DEBUG o.s.jdbc.datasource.DataSourceUtils - Fetching JDBC Connection from DataSource
2026-01-04 15:58:41 [http-nio-8080-exec-9] DEBUG o.s.jdbc.core.JdbcTemplate - Executing prepared SQL query
2026-01-04 15:58:41 [http-nio-8080-exec-9] DEBUG o.s.jdbc.core.JdbcTemplate - Executing prepared SQL statement [SELECT COUNT(*) FROM schedules WHERE doctor_id = ? AND work_day = ?]
2026-01-04 15:58:41 [http-nio-8080-exec-9] DEBUG o.s.jdbc.datasource.DataSourceUtils - Fetching JDBC Connection from DataSource
2026-01-04 15:58:41 [http-nio-8080-exec-9] DEBUG o.s.jdbc.core.JdbcTemplate - Executing prepared SQL query
2026-01-04 15:58:41 [http-nio-8080-exec-9] DEBUG o.s.jdbc.core.JdbcTemplate - Executing prepared SQL statement [SELECT COUNT(*) FROM schedules WHERE doctor_id = ? AND work_day = ?]
2026-01-04 15:58:41 [http-nio-8080-exec-9] DEBUG o.s.jdbc.datasource.DataSourceUtils - Fetching JDBC Connection from DataSource
2026-01-04 15:58:41 [http-nio-8080-exec-9] DEBUG o.s.jdbc.core.JdbcTemplate - Executing prepared SQL query
2026-01-04 15:58:41 [http-nio-8080-exec-9] DEBUG o.s.jdbc.core.JdbcTemplate - Executing prepared SQL statement [SELECT COUNT(*) FROM schedules WHERE doctor_id = ? AND work_day = ?]
2026-01-04 15:58:41 [http-nio-8080-exec-9] DEBUG o.s.jdbc.datasource.DataSourceUtils - Fetching JDBC Connection from DataSource
2026-01-04 15:58:41 [http-nio-8080-exec-9] DEBUG o.s.jdbc.core.JdbcTemplate - Executing prepared SQL query
2026-01-04 15:58:41 [http-nio-8080-exec-9] DEBUG o.s.jdbc.core.JdbcTemplate - Executing prepared SQL statement [SELECT COUNT(*) FROM schedules WHERE doctor_id = ? AND work_day = ?]
2026-01-04 15:58:41 [http-nio-8080-exec-9] DEBUG o.s.jdbc.datasource.DataSourceUtils - Fetching JDBC Connection from DataSource
2026-01-04 15:58:41 [http-nio-8080-exec-9] DEBUG o.s.jdbc.core.JdbcTemplate - Executing prepared SQL query
2026-01-04 15:58:41 [http-nio-8080-exec-9] DEBUG o.s.jdbc.core.JdbcTemplate - Executing prepared SQL statement [SELECT COUNT(*) FROM schedules WHERE doctor_id = ? AND work_day = ?]
2026-01-04 15:58:41 [http-nio-8080-exec-9] DEBUG o.s.jdbc.datasource.DataSourceUtils - Fetching JDBC Connection from DataSource
2026-01-04 15:58:41 [http-nio-8080-exec-9] DEBUG o.s.jdbc.core.JdbcTemplate - Executing prepared SQL query
2026-01-04 15:58:41 [http-nio-8080-exec-9] DEBUG o.s.jdbc.core.JdbcTemplate - Executing prepared SQL statement [SELECT COUNT(*) FROM schedules WHERE doctor_id = ? AND work_day = ?]
2026-01-04 15:58:41 [http-nio-8080-exec-9] DEBUG o.s.jdbc.datasource.DataSourceUtils - Fetching JDBC Connection from DataSource
2026-01-04 15:58:41 [http-nio-8080-exec-9] DEBUG o.s.jdbc.core.JdbcTemplate - Executing prepared SQL query
2026-01-04 15:58:41 [http-nio-8080-exec-9] DEBUG o.s.jdbc.core.JdbcTemplate - Executing prepared SQL statement [SELECT COUNT(*) FROM schedules WHERE doctor_id = ? AND work_day = ?]
2026-01-04 15:58:41 [http-nio-8080-exec-9] DEBUG o.s.jdbc.datasource.DataSourceUtils - Fetching JDBC Connection from DataSource
2026-01-04 15:58:41 [http-nio-8080-exec-9] DEBUG o.s.jdbc.core.JdbcTemplate - Executing prepared SQL query
2026-01-04 15:58:41 [http-nio-8080-exec-9] DEBUG o.s.jdbc.core.JdbcTemplate - Executing prepared SQL statement [SELECT COUNT(*) FROM schedules WHERE doctor_id = ? AND work_day = ?]
2026-01-04 15:58:41 [http-nio-8080-exec-9] DEBUG o.s.jdbc.datasource.DataSourceUtils - Fetching JDBC Connection from DataSource
2026-01-04 15:58:41 [http-nio-8080-exec-9] DEBUG o.s.jdbc.core.JdbcTemplate - Executing prepared SQL query
2026-01-04 15:58:41 [http-nio-8080-exec-9] DEBUG o.s.jdbc.core.JdbcTemplate - Executing prepared SQL statement [SELECT COUNT(*) FROM schedules WHERE doctor_id = ? AND work_day = ?]
2026-01-04 15:58:41 [http-nio-8080-exec-9] DEBUG o.s.jdbc.datasource.DataSourceUtils - Fetching JDBC Connection from DataSource
2026-01-04 15:58:41 [http-nio-8080-exec-9] DEBUG o.s.jdbc.core.JdbcTemplate - Executing prepared SQL query
2026-01-04 15:58:41 [http-nio-8080-exec-9] DEBUG o.s.jdbc.core.JdbcTemplate - Executing prepared SQL statement [SELECT COUNT(*) FROM schedules WHERE doctor_id = ? AND work_day = ?]
2026-01-04 15:58:41 [http-nio-8080-exec-9] DEBUG o.s.jdbc.datasource.DataSourceUtils - Fetching JDBC Connection from DataSource
2026-01-04 15:58:41 [http-nio-8080-exec-9] DEBUG o.s.jdbc.core.JdbcTemplate - Executing prepared SQL query
2026-01-04 15:58:41 [http-nio-8080-exec-9] DEBUG o.s.jdbc.core.JdbcTemplate - Executing prepared SQL statement [SELECT COUNT(*) FROM schedules WHERE doctor_id = ? AND work_day = ?]
2026-01-04 15:58:41 [http-nio-8080-exec-9] DEBUG o.s.jdbc.datasource.DataSourceUtils - Fetching JDBC Connection from DataSource
2026-01-04 15:58:41 [http-nio-8080-exec-9] DEBUG o.s.jdbc.core.JdbcTemplate - Executing prepared SQL query
2026-01-04 15:58:41 [http-nio-8080-exec-9] DEBUG o.s.jdbc.core.JdbcTemplate - Executing prepared SQL statement [SELECT COUNT(*) FROM schedules WHERE doctor_id = ? AND work_day = ?]
2026-01-04 15:58:41 [http-nio-8080-exec-9] DEBUG o.s.jdbc.datasource.DataSourceUtils - Fetching JDBC Connection from DataSource
2026-01-04 15:58:41 [http-nio-8080-exec-9] DEBUG o.s.jdbc.core.JdbcTemplate - Executing prepared SQL query
2026-01-04 15:58:41 [http-nio-8080-exec-9] DEBUG o.s.jdbc.core.JdbcTemplate - Executing prepared SQL statement [SELECT COUNT(*) FROM schedules WHERE doctor_id = ? AND work_day = ?]
2026-01-04 15:58:41 [http-nio-8080-exec-9] DEBUG o.s.jdbc.datasource.DataSourceUtils - Fetching JDBC Connection from DataSource
2026-01-04 15:58:41 [http-nio-8080-exec-9] DEBUG org.hibernate.SQL - 
    select
        d1_0.dept_id,
        d1_0.dept_code,
        d1_0.dept_name,
        d1_0.dept_type,
        d1_0.director_id,
        d1_0.introduction 
    from
        departments d1_0 
    where
        d1_0.dept_id=?
2026-01-04 15:58:41 [http-nio-8080-exec-9] TRACE org.hibernate.orm.jdbc.bind - binding parameter (1:INTEGER) <- [5]
2026-01-04 15:58:41 [http-nio-8080-exec-9] DEBUG o.s.jdbc.core.JdbcTemplate - Executing prepared SQL query
2026-01-04 15:58:41 [http-nio-8080-exec-9] DEBUG o.s.jdbc.core.JdbcTemplate - Executing prepared SQL statement [SELECT COUNT(*) FROM schedules WHERE doctor_id = ? AND work_day = ?]
2026-01-04 15:58:41 [http-nio-8080-exec-9] DEBUG o.s.jdbc.datasource.DataSourceUtils - Fetching JDBC Connection from DataSource
2026-01-04 15:58:41 [http-nio-8080-exec-9] DEBUG o.s.jdbc.core.JdbcTemplate - Executing prepared SQL query
2026-01-04 15:58:41 [http-nio-8080-exec-9] DEBUG o.s.jdbc.core.JdbcTemplate - Executing prepared SQL statement [SELECT COUNT(*) FROM schedules WHERE doctor_id = ? AND work_day = ?]
2026-01-04 15:58:41 [http-nio-8080-exec-9] DEBUG o.s.jdbc.datasource.DataSourceUtils - Fetching JDBC Connection from DataSource
2026-01-04 15:58:41 [http-nio-8080-exec-9] DEBUG o.s.jdbc.core.JdbcTemplate - Executing prepared SQL query
2026-01-04 15:58:41 [http-nio-8080-exec-9] DEBUG o.s.jdbc.core.JdbcTemplate - Executing prepared SQL statement [SELECT COUNT(*) FROM schedules WHERE doctor_id = ? AND work_day = ?]
2026-01-04 15:58:41 [http-nio-8080-exec-9] DEBUG o.s.jdbc.datasource.DataSourceUtils - Fetching JDBC Connection from DataSource
2026-01-04 15:58:41 [http-nio-8080-exec-9] DEBUG o.s.jdbc.core.JdbcTemplate - Executing prepared SQL query
2026-01-04 15:58:41 [http-nio-8080-exec-9] DEBUG o.s.jdbc.core.JdbcTemplate - Executing prepared SQL statement [SELECT COUNT(*) FROM schedules WHERE doctor_id = ? AND work_day = ?]
2026-01-04 15:58:41 [http-nio-8080-exec-9] DEBUG o.s.jdbc.datasource.DataSourceUtils - Fetching JDBC Connection from DataSource
2026-01-04 15:58:41 [http-nio-8080-exec-9] DEBUG o.s.jdbc.core.JdbcTemplate - Executing prepared SQL query
2026-01-04 15:58:41 [http-nio-8080-exec-9] DEBUG o.s.jdbc.core.JdbcTemplate - Executing prepared SQL statement [SELECT COUNT(*) FROM schedules WHERE doctor_id = ? AND work_day = ?]
2026-01-04 15:58:41 [http-nio-8080-exec-9] DEBUG o.s.jdbc.datasource.DataSourceUtils - Fetching JDBC Connection from DataSource
2026-01-04 15:58:41 [http-nio-8080-exec-9] DEBUG o.s.jdbc.core.JdbcTemplate - Executing prepared SQL query
2026-01-04 15:58:41 [http-nio-8080-exec-9] DEBUG o.s.jdbc.core.JdbcTemplate - Executing prepared SQL statement [SELECT COUNT(*) FROM schedules WHERE doctor_id = ? AND work_day = ?]
2026-01-04 15:58:41 [http-nio-8080-exec-9] DEBUG o.s.jdbc.datasource.DataSourceUtils - Fetching JDBC Connection from DataSource
2026-01-04 15:58:41 [http-nio-8080-exec-9] DEBUG o.s.jdbc.core.JdbcTemplate - Executing prepared SQL query
2026-01-04 15:58:41 [http-nio-8080-exec-9] DEBUG o.s.jdbc.core.JdbcTemplate - Executing prepared SQL statement [SELECT COUNT(*) FROM schedules WHERE doctor_id = ? AND work_day = ?]
2026-01-04 15:58:41 [http-nio-8080-exec-9] DEBUG o.s.jdbc.datasource.DataSourceUtils - Fetching JDBC Connection from DataSource
2026-01-04 15:58:41 [http-nio-8080-exec-9] DEBUG o.s.jdbc.core.JdbcTemplate - Executing prepared SQL query
2026-01-04 15:58:41 [http-nio-8080-exec-9] DEBUG o.s.jdbc.core.JdbcTemplate - Executing prepared SQL statement [SELECT COUNT(*) FROM schedules WHERE doctor_id = ? AND work_day = ?]
2026-01-04 15:58:41 [http-nio-8080-exec-9] DEBUG o.s.jdbc.datasource.DataSourceUtils - Fetching JDBC Connection from DataSource
2026-01-04 15:58:41 [http-nio-8080-exec-9] DEBUG o.s.jdbc.core.JdbcTemplate - Executing prepared SQL query
2026-01-04 15:58:41 [http-nio-8080-exec-9] DEBUG o.s.jdbc.core.JdbcTemplate - Executing prepared SQL statement [SELECT COUNT(*) FROM schedules WHERE doctor_id = ? AND work_day = ?]
2026-01-04 15:58:41 [http-nio-8080-exec-9] DEBUG o.s.jdbc.datasource.DataSourceUtils - Fetching JDBC Connection from DataSource
2026-01-04 15:58:41 [http-nio-8080-exec-9] DEBUG o.s.jdbc.core.JdbcTemplate - Executing prepared SQL query
2026-01-04 15:58:41 [http-nio-8080-exec-9] DEBUG o.s.jdbc.core.JdbcTemplate - Executing prepared SQL statement [SELECT COUNT(*) FROM schedules WHERE doctor_id = ? AND work_day = ?]
2026-01-04 15:58:41 [http-nio-8080-exec-9] DEBUG o.s.jdbc.datasource.DataSourceUtils - Fetching JDBC Connection from DataSource
2026-01-04 15:58:41 [http-nio-8080-exec-9] DEBUG o.s.jdbc.core.JdbcTemplate - Executing prepared SQL query
2026-01-04 15:58:41 [http-nio-8080-exec-9] DEBUG o.s.jdbc.core.JdbcTemplate - Executing prepared SQL statement [SELECT COUNT(*) FROM schedules WHERE doctor_id = ? AND work_day = ?]
2026-01-04 15:58:41 [http-nio-8080-exec-9] DEBUG o.s.jdbc.datasource.DataSourceUtils - Fetching JDBC Connection from DataSource
2026-01-04 15:58:41 [http-nio-8080-exec-9] DEBUG o.s.jdbc.core.JdbcTemplate - Executing prepared SQL query
2026-01-04 15:58:41 [http-nio-8080-exec-9] DEBUG o.s.jdbc.core.JdbcTemplate - Executing prepared SQL statement [SELECT COUNT(*) FROM schedules WHERE doctor_id = ? AND work_day = ?]
2026-01-04 15:58:41 [http-nio-8080-exec-9] DEBUG o.s.jdbc.datasource.DataSourceUtils - Fetching JDBC Connection from DataSource
2026-01-04 15:58:41 [http-nio-8080-exec-9] DEBUG o.s.jdbc.core.JdbcTemplate - Executing prepared SQL query
2026-01-04 15:58:41 [http-nio-8080-exec-9] DEBUG o.s.jdbc.core.JdbcTemplate - Executing prepared SQL statement [SELECT COUNT(*) FROM schedules WHERE doctor_id = ? AND work_day = ?]
2026-01-04 15:58:41 [http-nio-8080-exec-9] DEBUG o.s.jdbc.datasource.DataSourceUtils - Fetching JDBC Connection from DataSource
2026-01-04 15:58:41 [http-nio-8080-exec-9] DEBUG o.s.jdbc.core.JdbcTemplate - Executing prepared SQL query
2026-01-04 15:58:41 [http-nio-8080-exec-9] DEBUG o.s.jdbc.core.JdbcTemplate - Executing prepared SQL statement [SELECT COUNT(*) FROM schedules WHERE doctor_id = ? AND work_day = ?]
2026-01-04 15:58:41 [http-nio-8080-exec-9] DEBUG o.s.jdbc.datasource.DataSourceUtils - Fetching JDBC Connection from DataSource
2026-01-04 15:58:41 [http-nio-8080-exec-9] DEBUG o.s.jdbc.core.JdbcTemplate - Executing prepared SQL query
2026-01-04 15:58:41 [http-nio-8080-exec-9] DEBUG o.s.jdbc.core.JdbcTemplate - Executing prepared SQL statement [SELECT COUNT(*) FROM schedules WHERE doctor_id = ? AND work_day = ?]
2026-01-04 15:58:41 [http-nio-8080-exec-9] DEBUG o.s.jdbc.datasource.DataSourceUtils - Fetching JDBC Connection from DataSource
2026-01-04 15:58:41 [http-nio-8080-exec-9] DEBUG o.s.jdbc.core.JdbcTemplate - Executing prepared SQL query
2026-01-04 15:58:41 [http-nio-8080-exec-9] DEBUG o.s.jdbc.core.JdbcTemplate - Executing prepared SQL statement [SELECT COUNT(*) FROM schedules WHERE doctor_id = ? AND work_day = ?]
2026-01-04 15:58:41 [http-nio-8080-exec-9] DEBUG o.s.jdbc.datasource.DataSourceUtils - Fetching JDBC Connection from DataSource
2026-01-04 15:58:41 [http-nio-8080-exec-9] DEBUG o.s.jdbc.core.JdbcTemplate - Executing prepared SQL query
2026-01-04 15:58:41 [http-nio-8080-exec-9] DEBUG o.s.jdbc.core.JdbcTemplate - Executing prepared SQL statement [SELECT COUNT(*) FROM schedules WHERE doctor_id = ? AND work_day = ?]
2026-01-04 15:58:41 [http-nio-8080-exec-9] DEBUG o.s.jdbc.datasource.DataSourceUtils - Fetching JDBC Connection from DataSource
2026-01-04 15:58:41 [http-nio-8080-exec-9] DEBUG o.s.jdbc.core.JdbcTemplate - Executing prepared SQL query
2026-01-04 15:58:41 [http-nio-8080-exec-9] DEBUG o.s.jdbc.core.JdbcTemplate - Executing prepared SQL statement [SELECT COUNT(*) FROM schedules WHERE doctor_id = ? AND work_day = ?]
2026-01-04 15:58:41 [http-nio-8080-exec-9] DEBUG o.s.jdbc.datasource.DataSourceUtils - Fetching JDBC Connection from DataSource
2026-01-04 15:58:41 [http-nio-8080-exec-9] DEBUG org.hibernate.SQL - 
    select
        d1_0.dept_id,
        d1_0.dept_code,
        d1_0.dept_name,
        d1_0.dept_type,
        d1_0.director_id,
        d1_0.introduction 
    from
        departments d1_0 
    where
        d1_0.dept_id=?
2026-01-04 15:58:41 [http-nio-8080-exec-9] TRACE org.hibernate.orm.jdbc.bind - binding parameter (1:INTEGER) <- [6]
2026-01-04 15:58:41 [http-nio-8080-exec-9] DEBUG o.s.jdbc.core.JdbcTemplate - Executing prepared SQL query
2026-01-04 15:58:41 [http-nio-8080-exec-9] DEBUG o.s.jdbc.core.JdbcTemplate - Executing prepared SQL statement [SELECT COUNT(*) FROM schedules WHERE doctor_id = ? AND work_day = ?]
2026-01-04 15:58:41 [http-nio-8080-exec-9] DEBUG o.s.jdbc.datasource.DataSourceUtils - Fetching JDBC Connection from DataSource
2026-01-04 15:58:41 [http-nio-8080-exec-9] DEBUG o.s.jdbc.core.JdbcTemplate - Executing prepared SQL query
2026-01-04 15:58:41 [http-nio-8080-exec-9] DEBUG o.s.jdbc.core.JdbcTemplate - Executing prepared SQL statement [SELECT COUNT(*) FROM schedules WHERE doctor_id = ? AND work_day = ?]
2026-01-04 15:58:41 [http-nio-8080-exec-9] DEBUG o.s.jdbc.datasource.DataSourceUtils - Fetching JDBC Connection from DataSource
2026-01-04 15:58:41 [http-nio-8080-exec-9] DEBUG o.s.jdbc.core.JdbcTemplate - Executing prepared SQL query
2026-01-04 15:58:41 [http-nio-8080-exec-9] DEBUG o.s.jdbc.core.JdbcTemplate - Executing prepared SQL statement [SELECT COUNT(*) FROM schedules WHERE doctor_id = ? AND work_day = ?]
2026-01-04 15:58:41 [http-nio-8080-exec-9] DEBUG o.s.jdbc.datasource.DataSourceUtils - Fetching JDBC Connection from DataSource
2026-01-04 15:58:41 [http-nio-8080-exec-9] DEBUG o.s.jdbc.core.JdbcTemplate - Executing prepared SQL query
2026-01-04 15:58:41 [http-nio-8080-exec-9] DEBUG o.s.jdbc.core.JdbcTemplate - Executing prepared SQL statement [SELECT COUNT(*) FROM schedules WHERE doctor_id = ? AND work_day = ?]
2026-01-04 15:58:41 [http-nio-8080-exec-9] DEBUG o.s.jdbc.datasource.DataSourceUtils - Fetching JDBC Connection from DataSource
2026-01-04 15:58:41 [http-nio-8080-exec-9] DEBUG o.s.jdbc.core.JdbcTemplate - Executing prepared SQL query
2026-01-04 15:58:41 [http-nio-8080-exec-9] DEBUG o.s.jdbc.core.JdbcTemplate - Executing prepared SQL statement [SELECT COUNT(*) FROM schedules WHERE doctor_id = ? AND work_day = ?]
2026-01-04 15:58:41 [http-nio-8080-exec-9] DEBUG o.s.jdbc.datasource.DataSourceUtils - Fetching JDBC Connection from DataSource
2026-01-04 15:58:41 [http-nio-8080-exec-9] DEBUG o.s.jdbc.core.JdbcTemplate - Executing prepared SQL query
2026-01-04 15:58:41 [http-nio-8080-exec-9] DEBUG o.s.jdbc.core.JdbcTemplate - Executing prepared SQL statement [SELECT COUNT(*) FROM schedules WHERE doctor_id = ? AND work_day = ?]
2026-01-04 15:58:41 [http-nio-8080-exec-9] DEBUG o.s.jdbc.datasource.DataSourceUtils - Fetching JDBC Connection from DataSource
2026-01-04 15:58:41 [http-nio-8080-exec-9] DEBUG o.s.jdbc.core.JdbcTemplate - Executing prepared SQL query
2026-01-04 15:58:41 [http-nio-8080-exec-9] DEBUG o.s.jdbc.core.JdbcTemplate - Executing prepared SQL statement [SELECT COUNT(*) FROM schedules WHERE doctor_id = ? AND work_day = ?]
2026-01-04 15:58:41 [http-nio-8080-exec-9] DEBUG o.s.jdbc.datasource.DataSourceUtils - Fetching JDBC Connection from DataSource
2026-01-04 15:58:41 [http-nio-8080-exec-9] DEBUG o.s.jdbc.core.JdbcTemplate - Executing prepared SQL query
2026-01-04 15:58:41 [http-nio-8080-exec-9] DEBUG o.s.jdbc.core.JdbcTemplate - Executing prepared SQL statement [SELECT COUNT(*) FROM schedules WHERE doctor_id = ? AND work_day = ?]
2026-01-04 15:58:41 [http-nio-8080-exec-9] DEBUG o.s.jdbc.datasource.DataSourceUtils - Fetching JDBC Connection from DataSource
2026-01-04 15:58:41 [http-nio-8080-exec-9] DEBUG o.s.jdbc.core.JdbcTemplate - Executing prepared SQL query
2026-01-04 15:58:41 [http-nio-8080-exec-9] DEBUG o.s.jdbc.core.JdbcTemplate - Executing prepared SQL statement [SELECT COUNT(*) FROM schedules WHERE doctor_id = ? AND work_day = ?]
2026-01-04 15:58:41 [http-nio-8080-exec-9] DEBUG o.s.jdbc.datasource.DataSourceUtils - Fetching JDBC Connection from DataSource
2026-01-04 15:58:41 [http-nio-8080-exec-9] DEBUG o.s.jdbc.core.JdbcTemplate - Executing prepared SQL query
2026-01-04 15:58:41 [http-nio-8080-exec-9] DEBUG o.s.jdbc.core.JdbcTemplate - Executing prepared SQL statement [SELECT COUNT(*) FROM schedules WHERE doctor_id = ? AND work_day = ?]
2026-01-04 15:58:41 [http-nio-8080-exec-9] DEBUG o.s.jdbc.datasource.DataSourceUtils - Fetching JDBC Connection from DataSource
2026-01-04 15:58:41 [http-nio-8080-exec-9] DEBUG o.s.jdbc.core.JdbcTemplate - Executing prepared SQL query
2026-01-04 15:58:41 [http-nio-8080-exec-9] DEBUG o.s.jdbc.core.JdbcTemplate - Executing prepared SQL statement [SELECT COUNT(*) FROM schedules WHERE doctor_id = ? AND work_day = ?]
2026-01-04 15:58:41 [http-nio-8080-exec-9] DEBUG o.s.jdbc.datasource.DataSourceUtils - Fetching JDBC Connection from DataSource
2026-01-04 15:58:41 [http-nio-8080-exec-9] DEBUG o.s.jdbc.core.JdbcTemplate - Executing prepared SQL query
2026-01-04 15:58:41 [http-nio-8080-exec-9] DEBUG o.s.jdbc.core.JdbcTemplate - Executing prepared SQL statement [SELECT COUNT(*) FROM schedules WHERE doctor_id = ? AND work_day = ?]
2026-01-04 15:58:41 [http-nio-8080-exec-9] DEBUG o.s.jdbc.datasource.DataSourceUtils - Fetching JDBC Connection from DataSource
2026-01-04 15:58:41 [http-nio-8080-exec-9] DEBUG o.s.jdbc.core.JdbcTemplate - Executing prepared SQL query
2026-01-04 15:58:41 [http-nio-8080-exec-9] DEBUG o.s.jdbc.core.JdbcTemplate - Executing prepared SQL statement [SELECT COUNT(*) FROM schedules WHERE doctor_id = ? AND work_day = ?]
2026-01-04 15:58:41 [http-nio-8080-exec-9] DEBUG o.s.jdbc.datasource.DataSourceUtils - Fetching JDBC Connection from DataSource
2026-01-04 15:58:41 [http-nio-8080-exec-9] DEBUG o.s.jdbc.core.JdbcTemplate - Executing prepared SQL query
2026-01-04 15:58:41 [http-nio-8080-exec-9] DEBUG o.s.jdbc.core.JdbcTemplate - Executing prepared SQL statement [SELECT COUNT(*) FROM schedules WHERE doctor_id = ? AND work_day = ?]
2026-01-04 15:58:41 [http-nio-8080-exec-9] DEBUG o.s.jdbc.datasource.DataSourceUtils - Fetching JDBC Connection from DataSource
2026-01-04 15:58:41 [http-nio-8080-exec-9] DEBUG o.s.jdbc.core.JdbcTemplate - Executing prepared SQL query
2026-01-04 15:58:41 [http-nio-8080-exec-9] DEBUG o.s.jdbc.core.JdbcTemplate - Executing prepared SQL statement [SELECT COUNT(*) FROM schedules WHERE doctor_id = ? AND work_day = ?]
2026-01-04 15:58:41 [http-nio-8080-exec-9] DEBUG o.s.jdbc.datasource.DataSourceUtils - Fetching JDBC Connection from DataSource
2026-01-04 15:58:41 [http-nio-8080-exec-9] DEBUG o.s.jdbc.core.JdbcTemplate - Executing prepared SQL query
2026-01-04 15:58:41 [http-nio-8080-exec-9] DEBUG o.s.jdbc.core.JdbcTemplate - Executing prepared SQL statement [SELECT COUNT(*) FROM schedules WHERE doctor_id = ? AND work_day = ?]
2026-01-04 15:58:41 [http-nio-8080-exec-9] DEBUG o.s.jdbc.datasource.DataSourceUtils - Fetching JDBC Connection from DataSource
2026-01-04 15:58:41 [http-nio-8080-exec-9] DEBUG o.s.jdbc.core.JdbcTemplate - Executing prepared SQL query
2026-01-04 15:58:41 [http-nio-8080-exec-9] DEBUG o.s.jdbc.core.JdbcTemplate - Executing prepared SQL statement [SELECT COUNT(*) FROM schedules WHERE doctor_id = ? AND work_day = ?]
2026-01-04 15:58:41 [http-nio-8080-exec-9] DEBUG o.s.jdbc.datasource.DataSourceUtils - Fetching JDBC Connection from DataSource
2026-01-04 15:58:41 [http-nio-8080-exec-9] DEBUG o.s.jdbc.core.JdbcTemplate - Executing prepared SQL query
2026-01-04 15:58:41 [http-nio-8080-exec-9] DEBUG o.s.jdbc.core.JdbcTemplate - Executing prepared SQL statement [SELECT COUNT(*) FROM schedules WHERE doctor_id = ? AND work_day = ?]
2026-01-04 15:58:41 [http-nio-8080-exec-9] DEBUG o.s.jdbc.datasource.DataSourceUtils - Fetching JDBC Connection from DataSource
2026-01-04 15:58:41 [http-nio-8080-exec-9] DEBUG o.s.jdbc.core.JdbcTemplate - Executing prepared SQL query
2026-01-04 15:58:41 [http-nio-8080-exec-9] DEBUG o.s.jdbc.core.JdbcTemplate - Executing prepared SQL statement [SELECT COUNT(*) FROM schedules WHERE doctor_id = ? AND work_day = ?]
2026-01-04 15:58:41 [http-nio-8080-exec-9] DEBUG o.s.jdbc.datasource.DataSourceUtils - Fetching JDBC Connection from DataSource
2026-01-04 15:58:41 [http-nio-8080-exec-9] DEBUG o.s.jdbc.core.JdbcTemplate - Executing prepared SQL query
2026-01-04 15:58:41 [http-nio-8080-exec-9] DEBUG o.s.jdbc.core.JdbcTemplate - Executing prepared SQL statement [SELECT COUNT(*) FROM schedules WHERE doctor_id = ? AND work_day = ?]
2026-01-04 15:58:41 [http-nio-8080-exec-9] DEBUG o.s.jdbc.datasource.DataSourceUtils - Fetching JDBC Connection from DataSource
2026-01-04 15:58:41 [http-nio-8080-exec-9] DEBUG o.s.jdbc.core.JdbcTemplate - Executing prepared SQL query
2026-01-04 15:58:41 [http-nio-8080-exec-9] DEBUG o.s.jdbc.core.JdbcTemplate - Executing prepared SQL statement [SELECT COUNT(*) FROM schedules WHERE doctor_id = ? AND work_day = ?]
2026-01-04 15:58:41 [http-nio-8080-exec-9] DEBUG o.s.jdbc.datasource.DataSourceUtils - Fetching JDBC Connection from DataSource
2026-01-04 15:58:41 [http-nio-8080-exec-9] DEBUG o.s.jdbc.core.JdbcTemplate - Executing prepared SQL query
2026-01-04 15:58:41 [http-nio-8080-exec-9] DEBUG o.s.jdbc.core.JdbcTemplate - Executing prepared SQL statement [SELECT COUNT(*) FROM schedules WHERE doctor_id = ? AND work_day = ?]
2026-01-04 15:58:41 [http-nio-8080-exec-9] DEBUG o.s.jdbc.datasource.DataSourceUtils - Fetching JDBC Connection from DataSource
2026-01-04 15:58:41 [http-nio-8080-exec-9] DEBUG o.s.jdbc.core.JdbcTemplate - Executing prepared SQL query
2026-01-04 15:58:41 [http-nio-8080-exec-9] DEBUG o.s.jdbc.core.JdbcTemplate - Executing prepared SQL statement [SELECT COUNT(*) FROM schedules WHERE doctor_id = ? AND work_day = ?]
2026-01-04 15:58:41 [http-nio-8080-exec-9] DEBUG o.s.jdbc.datasource.DataSourceUtils - Fetching JDBC Connection from DataSource
2026-01-04 15:58:41 [http-nio-8080-exec-9] DEBUG o.s.jdbc.core.JdbcTemplate - Executing prepared SQL query
2026-01-04 15:58:41 [http-nio-8080-exec-9] DEBUG o.s.jdbc.core.JdbcTemplate - Executing prepared SQL statement [SELECT COUNT(*) FROM schedules WHERE doctor_id = ? AND work_day = ?]
2026-01-04 15:58:41 [http-nio-8080-exec-9] DEBUG o.s.jdbc.datasource.DataSourceUtils - Fetching JDBC Connection from DataSource
2026-01-04 15:58:41 [http-nio-8080-exec-9] DEBUG o.s.jdbc.core.JdbcTemplate - Executing prepared SQL query
2026-01-04 15:58:41 [http-nio-8080-exec-9] DEBUG o.s.jdbc.core.JdbcTemplate - Executing prepared SQL statement [SELECT COUNT(*) FROM schedules WHERE doctor_id = ? AND work_day = ?]
2026-01-04 15:58:41 [http-nio-8080-exec-9] DEBUG o.s.jdbc.datasource.DataSourceUtils - Fetching JDBC Connection from DataSource
2026-01-04 15:58:41 [http-nio-8080-exec-9] DEBUG o.s.jdbc.core.JdbcTemplate - Executing prepared SQL query
2026-01-04 15:58:41 [http-nio-8080-exec-9] DEBUG o.s.jdbc.core.JdbcTemplate - Executing prepared SQL statement [SELECT COUNT(*) FROM schedules WHERE doctor_id = ? AND work_day = ?]
2026-01-04 15:58:41 [http-nio-8080-exec-9] DEBUG o.s.jdbc.datasource.DataSourceUtils - Fetching JDBC Connection from DataSource
2026-01-04 15:58:41 [http-nio-8080-exec-9] DEBUG o.s.jdbc.core.JdbcTemplate - Executing prepared SQL query
2026-01-04 15:58:41 [http-nio-8080-exec-9] DEBUG o.s.jdbc.core.JdbcTemplate - Executing prepared SQL statement [SELECT COUNT(*) FROM schedules WHERE doctor_id = ? AND work_day = ?]
2026-01-04 15:58:41 [http-nio-8080-exec-9] DEBUG o.s.jdbc.datasource.DataSourceUtils - Fetching JDBC Connection from DataSource
2026-01-04 15:58:41 [http-nio-8080-exec-9] DEBUG org.hibernate.SQL - 
    select
        d1_0.dept_id,
        d1_0.dept_code,
        d1_0.dept_name,
        d1_0.dept_type,
        d1_0.director_id,
        d1_0.introduction 
    from
        departments d1_0 
    where
        d1_0.dept_id=?
2026-01-04 15:58:41 [http-nio-8080-exec-9] TRACE org.hibernate.orm.jdbc.bind - binding parameter (1:INTEGER) <- [7]
2026-01-04 15:58:41 [http-nio-8080-exec-9] DEBUG o.s.jdbc.core.JdbcTemplate - Executing prepared SQL query
2026-01-04 15:58:41 [http-nio-8080-exec-9] DEBUG o.s.jdbc.core.JdbcTemplate - Executing prepared SQL statement [SELECT COUNT(*) FROM schedules WHERE doctor_id = ? AND work_day = ?]
2026-01-04 15:58:41 [http-nio-8080-exec-9] DEBUG o.s.jdbc.datasource.DataSourceUtils - Fetching JDBC Connection from DataSource
2026-01-04 15:58:42 [http-nio-8080-exec-9] DEBUG o.s.jdbc.core.JdbcTemplate - Executing prepared SQL query
2026-01-04 15:58:42 [http-nio-8080-exec-9] DEBUG o.s.jdbc.core.JdbcTemplate - Executing prepared SQL statement [SELECT COUNT(*) FROM schedules WHERE doctor_id = ? AND work_day = ?]
2026-01-04 15:58:42 [http-nio-8080-exec-9] DEBUG o.s.jdbc.datasource.DataSourceUtils - Fetching JDBC Connection from DataSource
2026-01-04 15:58:42 [http-nio-8080-exec-9] DEBUG o.s.jdbc.core.JdbcTemplate - Executing prepared SQL query
2026-01-04 15:58:42 [http-nio-8080-exec-9] DEBUG o.s.jdbc.core.JdbcTemplate - Executing prepared SQL statement [SELECT COUNT(*) FROM schedules WHERE doctor_id = ? AND work_day = ?]
2026-01-04 15:58:42 [http-nio-8080-exec-9] DEBUG o.s.jdbc.datasource.DataSourceUtils - Fetching JDBC Connection from DataSource
2026-01-04 15:58:42 [http-nio-8080-exec-9] DEBUG o.s.jdbc.core.JdbcTemplate - Executing prepared SQL query
2026-01-04 15:58:42 [http-nio-8080-exec-9] DEBUG o.s.jdbc.core.JdbcTemplate - Executing prepared SQL statement [SELECT COUNT(*) FROM schedules WHERE doctor_id = ? AND work_day = ?]
2026-01-04 15:58:42 [http-nio-8080-exec-9] DEBUG o.s.jdbc.datasource.DataSourceUtils - Fetching JDBC Connection from DataSource
2026-01-04 15:58:42 [http-nio-8080-exec-9] DEBUG o.s.jdbc.core.JdbcTemplate - Executing prepared SQL query
2026-01-04 15:58:42 [http-nio-8080-exec-9] DEBUG o.s.jdbc.core.JdbcTemplate - Executing prepared SQL statement [SELECT COUNT(*) FROM schedules WHERE doctor_id = ? AND work_day = ?]
2026-01-04 15:58:42 [http-nio-8080-exec-9] DEBUG o.s.jdbc.datasource.DataSourceUtils - Fetching JDBC Connection from DataSource
2026-01-04 15:58:42 [http-nio-8080-exec-9] DEBUG o.s.jdbc.core.JdbcTemplate - Executing prepared SQL query
2026-01-04 15:58:42 [http-nio-8080-exec-9] DEBUG o.s.jdbc.core.JdbcTemplate - Executing prepared SQL statement [SELECT COUNT(*) FROM schedules WHERE doctor_id = ? AND work_day = ?]
2026-01-04 15:58:42 [http-nio-8080-exec-9] DEBUG o.s.jdbc.datasource.DataSourceUtils - Fetching JDBC Connection from DataSource
2026-01-04 15:58:42 [http-nio-8080-exec-9] DEBUG o.s.jdbc.core.JdbcTemplate - Executing prepared SQL query
2026-01-04 15:58:42 [http-nio-8080-exec-9] DEBUG o.s.jdbc.core.JdbcTemplate - Executing prepared SQL statement [SELECT COUNT(*) FROM schedules WHERE doctor_id = ? AND work_day = ?]
2026-01-04 15:58:42 [http-nio-8080-exec-9] DEBUG o.s.jdbc.datasource.DataSourceUtils - Fetching JDBC Connection from DataSource
2026-01-04 15:58:42 [http-nio-8080-exec-9] DEBUG o.s.jdbc.core.JdbcTemplate - Executing prepared SQL query
2026-01-04 15:58:42 [http-nio-8080-exec-9] DEBUG o.s.jdbc.core.JdbcTemplate - Executing prepared SQL statement [SELECT COUNT(*) FROM schedules WHERE doctor_id = ? AND work_day = ?]
2026-01-04 15:58:42 [http-nio-8080-exec-9] DEBUG o.s.jdbc.datasource.DataSourceUtils - Fetching JDBC Connection from DataSource
2026-01-04 15:58:42 [http-nio-8080-exec-9] DEBUG o.s.jdbc.core.JdbcTemplate - Executing prepared SQL query
2026-01-04 15:58:42 [http-nio-8080-exec-9] DEBUG o.s.jdbc.core.JdbcTemplate - Executing prepared SQL statement [SELECT COUNT(*) FROM schedules WHERE doctor_id = ? AND work_day = ?]
2026-01-04 15:58:42 [http-nio-8080-exec-9] DEBUG o.s.jdbc.datasource.DataSourceUtils - Fetching JDBC Connection from DataSource
2026-01-04 15:58:42 [http-nio-8080-exec-9] DEBUG o.s.jdbc.core.JdbcTemplate - Executing prepared SQL query
2026-01-04 15:58:42 [http-nio-8080-exec-9] DEBUG o.s.jdbc.core.JdbcTemplate - Executing prepared SQL statement [SELECT COUNT(*) FROM schedules WHERE doctor_id = ? AND work_day = ?]
2026-01-04 15:58:42 [http-nio-8080-exec-9] DEBUG o.s.jdbc.datasource.DataSourceUtils - Fetching JDBC Connection from DataSource
2026-01-04 15:58:42 [http-nio-8080-exec-9] DEBUG o.s.jdbc.core.JdbcTemplate - Executing prepared SQL query
2026-01-04 15:58:42 [http-nio-8080-exec-9] DEBUG o.s.jdbc.core.JdbcTemplate - Executing prepared SQL statement [SELECT COUNT(*) FROM schedules WHERE doctor_id = ? AND work_day = ?]
2026-01-04 15:58:42 [http-nio-8080-exec-9] DEBUG o.s.jdbc.datasource.DataSourceUtils - Fetching JDBC Connection from DataSource
2026-01-04 15:58:42 [http-nio-8080-exec-9] DEBUG o.s.jdbc.core.JdbcTemplate - Executing prepared SQL query
2026-01-04 15:58:42 [http-nio-8080-exec-9] DEBUG o.s.jdbc.core.JdbcTemplate - Executing prepared SQL statement [SELECT COUNT(*) FROM schedules WHERE doctor_id = ? AND work_day = ?]
2026-01-04 15:58:42 [http-nio-8080-exec-9] DEBUG o.s.jdbc.datasource.DataSourceUtils - Fetching JDBC Connection from DataSource
2026-01-04 15:58:42 [http-nio-8080-exec-9] DEBUG o.s.jdbc.core.JdbcTemplate - Executing prepared SQL query
2026-01-04 15:58:42 [http-nio-8080-exec-9] DEBUG o.s.jdbc.core.JdbcTemplate - Executing prepared SQL statement [SELECT COUNT(*) FROM schedules WHERE doctor_id = ? AND work_day = ?]
2026-01-04 15:58:42 [http-nio-8080-exec-9] DEBUG o.s.jdbc.datasource.DataSourceUtils - Fetching JDBC Connection from DataSource
2026-01-04 15:58:42 [http-nio-8080-exec-9] DEBUG o.s.jdbc.core.JdbcTemplate - Executing prepared SQL query
2026-01-04 15:58:42 [http-nio-8080-exec-9] DEBUG o.s.jdbc.core.JdbcTemplate - Executing prepared SQL statement [SELECT COUNT(*) FROM schedules WHERE doctor_id = ? AND work_day = ?]
2026-01-04 15:58:42 [http-nio-8080-exec-9] DEBUG o.s.jdbc.datasource.DataSourceUtils - Fetching JDBC Connection from DataSource
2026-01-04 15:58:42 [http-nio-8080-exec-9] DEBUG o.s.jdbc.core.JdbcTemplate - Executing prepared SQL query
2026-01-04 15:58:42 [http-nio-8080-exec-9] DEBUG o.s.jdbc.core.JdbcTemplate - Executing prepared SQL statement [SELECT COUNT(*) FROM schedules WHERE doctor_id = ? AND work_day = ?]
2026-01-04 15:58:42 [http-nio-8080-exec-9] DEBUG o.s.jdbc.datasource.DataSourceUtils - Fetching JDBC Connection from DataSource
2026-01-04 15:58:42 [http-nio-8080-exec-9] DEBUG o.s.jdbc.core.JdbcTemplate - Executing prepared SQL query
2026-01-04 15:58:42 [http-nio-8080-exec-9] DEBUG o.s.jdbc.core.JdbcTemplate - Executing prepared SQL statement [SELECT COUNT(*) FROM schedules WHERE doctor_id = ? AND work_day = ?]
2026-01-04 15:58:42 [http-nio-8080-exec-9] DEBUG o.s.jdbc.datasource.DataSourceUtils - Fetching JDBC Connection from DataSource
2026-01-04 15:58:42 [http-nio-8080-exec-9] DEBUG o.s.jdbc.core.JdbcTemplate - Executing prepared SQL query
2026-01-04 15:58:42 [http-nio-8080-exec-9] DEBUG o.s.jdbc.core.JdbcTemplate - Executing prepared SQL statement [SELECT COUNT(*) FROM schedules WHERE doctor_id = ? AND work_day = ?]
2026-01-04 15:58:42 [http-nio-8080-exec-9] DEBUG o.s.jdbc.datasource.DataSourceUtils - Fetching JDBC Connection from DataSource
2026-01-04 15:58:42 [http-nio-8080-exec-9] DEBUG o.s.jdbc.core.JdbcTemplate - Executing prepared SQL query
2026-01-04 15:58:42 [http-nio-8080-exec-9] DEBUG o.s.jdbc.core.JdbcTemplate - Executing prepared SQL statement [SELECT COUNT(*) FROM schedules WHERE doctor_id = ? AND work_day = ?]
2026-01-04 15:58:42 [http-nio-8080-exec-9] DEBUG o.s.jdbc.datasource.DataSourceUtils - Fetching JDBC Connection from DataSource
2026-01-04 15:58:42 [http-nio-8080-exec-9] DEBUG org.hibernate.SQL - 
    select
        d1_0.dept_id,
        d1_0.dept_code,
        d1_0.dept_name,
        d1_0.dept_type,
        d1_0.director_id,
        d1_0.introduction 
    from
        departments d1_0 
    where
        d1_0.dept_id=?
2026-01-04 15:58:42 [http-nio-8080-exec-9] TRACE org.hibernate.orm.jdbc.bind - binding parameter (1:INTEGER) <- [8]
2026-01-04 15:58:42 [http-nio-8080-exec-9] DEBUG o.s.jdbc.core.JdbcTemplate - Executing prepared SQL query
2026-01-04 15:58:42 [http-nio-8080-exec-9] DEBUG o.s.jdbc.core.JdbcTemplate - Executing prepared SQL statement [SELECT COUNT(*) FROM schedules WHERE doctor_id = ? AND work_day = ?]
2026-01-04 15:58:42 [http-nio-8080-exec-9] DEBUG o.s.jdbc.datasource.DataSourceUtils - Fetching JDBC Connection from DataSource
2026-01-04 15:58:42 [http-nio-8080-exec-9] DEBUG o.s.jdbc.core.JdbcTemplate - Executing prepared SQL query
2026-01-04 15:58:42 [http-nio-8080-exec-9] DEBUG o.s.jdbc.core.JdbcTemplate - Executing prepared SQL statement [SELECT COUNT(*) FROM schedules WHERE doctor_id = ? AND work_day = ?]
2026-01-04 15:58:42 [http-nio-8080-exec-9] DEBUG o.s.jdbc.datasource.DataSourceUtils - Fetching JDBC Connection from DataSource
2026-01-04 15:58:42 [http-nio-8080-exec-9] DEBUG o.s.jdbc.core.JdbcTemplate - Executing prepared SQL query
2026-01-04 15:58:42 [http-nio-8080-exec-9] DEBUG o.s.jdbc.core.JdbcTemplate - Executing prepared SQL statement [SELECT COUNT(*) FROM schedules WHERE doctor_id = ? AND work_day = ?]
2026-01-04 15:58:42 [http-nio-8080-exec-9] DEBUG o.s.jdbc.datasource.DataSourceUtils - Fetching JDBC Connection from DataSource
2026-01-04 15:58:42 [http-nio-8080-exec-9] DEBUG o.s.jdbc.core.JdbcTemplate - Executing prepared SQL query
2026-01-04 15:58:42 [http-nio-8080-exec-9] DEBUG o.s.jdbc.core.JdbcTemplate - Executing prepared SQL statement [SELECT COUNT(*) FROM schedules WHERE doctor_id = ? AND work_day = ?]
2026-01-04 15:58:42 [http-nio-8080-exec-9] DEBUG o.s.jdbc.datasource.DataSourceUtils - Fetching JDBC Connection from DataSource
2026-01-04 15:58:42 [http-nio-8080-exec-9] DEBUG o.s.jdbc.core.JdbcTemplate - Executing prepared SQL query
2026-01-04 15:58:42 [http-nio-8080-exec-9] DEBUG o.s.jdbc.core.JdbcTemplate - Executing prepared SQL statement [SELECT COUNT(*) FROM schedules WHERE doctor_id = ? AND work_day = ?]
2026-01-04 15:58:42 [http-nio-8080-exec-9] DEBUG o.s.jdbc.datasource.DataSourceUtils - Fetching JDBC Connection from DataSource
2026-01-04 15:58:42 [http-nio-8080-exec-9] DEBUG o.s.jdbc.core.JdbcTemplate - Executing prepared SQL query
2026-01-04 15:58:42 [http-nio-8080-exec-9] DEBUG o.s.jdbc.core.JdbcTemplate - Executing prepared SQL statement [SELECT COUNT(*) FROM schedules WHERE doctor_id = ? AND work_day = ?]
2026-01-04 15:58:42 [http-nio-8080-exec-9] DEBUG o.s.jdbc.datasource.DataSourceUtils - Fetching JDBC Connection from DataSource
2026-01-04 15:58:42 [http-nio-8080-exec-9] DEBUG o.s.jdbc.core.JdbcTemplate - Executing prepared SQL query
2026-01-04 15:58:42 [http-nio-8080-exec-9] DEBUG o.s.jdbc.core.JdbcTemplate - Executing prepared SQL statement [SELECT COUNT(*) FROM schedules WHERE doctor_id = ? AND work_day = ?]
2026-01-04 15:58:42 [http-nio-8080-exec-9] DEBUG o.s.jdbc.datasource.DataSourceUtils - Fetching JDBC Connection from DataSource
2026-01-04 15:58:42 [http-nio-8080-exec-9] DEBUG o.s.jdbc.core.JdbcTemplate - Executing prepared SQL query
2026-01-04 15:58:42 [http-nio-8080-exec-9] DEBUG o.s.jdbc.core.JdbcTemplate - Executing prepared SQL statement [SELECT COUNT(*) FROM schedules WHERE doctor_id = ? AND work_day = ?]
2026-01-04 15:58:42 [http-nio-8080-exec-9] DEBUG o.s.jdbc.datasource.DataSourceUtils - Fetching JDBC Connection from DataSource
2026-01-04 15:58:42 [http-nio-8080-exec-9] DEBUG o.s.jdbc.core.JdbcTemplate - Executing prepared SQL query
2026-01-04 15:58:42 [http-nio-8080-exec-9] DEBUG o.s.jdbc.core.JdbcTemplate - Executing prepared SQL statement [SELECT COUNT(*) FROM schedules WHERE doctor_id = ? AND work_day = ?]
2026-01-04 15:58:42 [http-nio-8080-exec-9] DEBUG o.s.jdbc.datasource.DataSourceUtils - Fetching JDBC Connection from DataSource
2026-01-04 15:58:42 [http-nio-8080-exec-9] DEBUG o.s.jdbc.core.JdbcTemplate - Executing prepared SQL query
2026-01-04 15:58:42 [http-nio-8080-exec-9] DEBUG o.s.jdbc.core.JdbcTemplate - Executing prepared SQL statement [SELECT COUNT(*) FROM schedules WHERE doctor_id = ? AND work_day = ?]
2026-01-04 15:58:42 [http-nio-8080-exec-9] DEBUG o.s.jdbc.datasource.DataSourceUtils - Fetching JDBC Connection from DataSource
2026-01-04 15:58:42 [http-nio-8080-exec-9] DEBUG o.s.jdbc.core.JdbcTemplate - Executing prepared SQL query
2026-01-04 15:58:42 [http-nio-8080-exec-9] DEBUG o.s.jdbc.core.JdbcTemplate - Executing prepared SQL statement [SELECT COUNT(*) FROM schedules WHERE doctor_id = ? AND work_day = ?]
2026-01-04 15:58:42 [http-nio-8080-exec-9] DEBUG o.s.jdbc.datasource.DataSourceUtils - Fetching JDBC Connection from DataSource
2026-01-04 15:58:42 [http-nio-8080-exec-9] DEBUG o.s.jdbc.core.JdbcTemplate - Executing prepared SQL query
2026-01-04 15:58:42 [http-nio-8080-exec-9] DEBUG o.s.jdbc.core.JdbcTemplate - Executing prepared SQL statement [SELECT COUNT(*) FROM schedules WHERE doctor_id = ? AND work_day = ?]
2026-01-04 15:58:42 [http-nio-8080-exec-9] DEBUG o.s.jdbc.datasource.DataSourceUtils - Fetching JDBC Connection from DataSource
2026-01-04 15:58:42 [http-nio-8080-exec-9] DEBUG o.s.jdbc.core.JdbcTemplate - Executing prepared SQL query
2026-01-04 15:58:42 [http-nio-8080-exec-9] DEBUG o.s.jdbc.core.JdbcTemplate - Executing prepared SQL statement [SELECT COUNT(*) FROM schedules WHERE doctor_id = ? AND work_day = ?]
2026-01-04 15:58:42 [http-nio-8080-exec-9] DEBUG o.s.jdbc.datasource.DataSourceUtils - Fetching JDBC Connection from DataSource
2026-01-04 15:58:42 [http-nio-8080-exec-9] DEBUG o.s.jdbc.core.JdbcTemplate - Executing prepared SQL query
2026-01-04 15:58:42 [http-nio-8080-exec-9] DEBUG o.s.jdbc.core.JdbcTemplate - Executing prepared SQL statement [SELECT COUNT(*) FROM schedules WHERE doctor_id = ? AND work_day = ?]
2026-01-04 15:58:42 [http-nio-8080-exec-9] DEBUG o.s.jdbc.datasource.DataSourceUtils - Fetching JDBC Connection from DataSource
2026-01-04 15:58:42 [http-nio-8080-exec-9] DEBUG o.s.jdbc.core.JdbcTemplate - Executing prepared SQL query
2026-01-04 15:58:42 [http-nio-8080-exec-9] DEBUG o.s.jdbc.core.JdbcTemplate - Executing prepared SQL statement [SELECT COUNT(*) FROM schedules WHERE doctor_id = ? AND work_day = ?]
2026-01-04 15:58:42 [http-nio-8080-exec-9] DEBUG o.s.jdbc.datasource.DataSourceUtils - Fetching JDBC Connection from DataSource
2026-01-04 15:58:42 [http-nio-8080-exec-9] DEBUG o.s.jdbc.core.JdbcTemplate - Executing prepared SQL query
2026-01-04 15:58:42 [http-nio-8080-exec-9] DEBUG o.s.jdbc.core.JdbcTemplate - Executing prepared SQL statement [SELECT COUNT(*) FROM schedules WHERE doctor_id = ? AND work_day = ?]
2026-01-04 15:58:42 [http-nio-8080-exec-9] DEBUG o.s.jdbc.datasource.DataSourceUtils - Fetching JDBC Connection from DataSource
2026-01-04 15:58:42 [http-nio-8080-exec-9] DEBUG org.hibernate.SQL - 
    select
        d1_0.dept_id,
        d1_0.dept_code,
        d1_0.dept_name,
        d1_0.dept_type,
        d1_0.director_id,
        d1_0.introduction 
    from
        departments d1_0 
    where
        d1_0.dept_id=?
2026-01-04 15:58:42 [http-nio-8080-exec-9] TRACE org.hibernate.orm.jdbc.bind - binding parameter (1:INTEGER) <- [9]
2026-01-04 15:58:42 [http-nio-8080-exec-9] DEBUG o.s.jdbc.core.JdbcTemplate - Executing prepared SQL query
2026-01-04 15:58:42 [http-nio-8080-exec-9] DEBUG o.s.jdbc.core.JdbcTemplate - Executing prepared SQL statement [SELECT COUNT(*) FROM schedules WHERE doctor_id = ? AND work_day = ?]
2026-01-04 15:58:42 [http-nio-8080-exec-9] DEBUG o.s.jdbc.datasource.DataSourceUtils - Fetching JDBC Connection from DataSource
2026-01-04 15:58:42 [http-nio-8080-exec-9] DEBUG o.s.jdbc.core.JdbcTemplate - Executing prepared SQL query
2026-01-04 15:58:42 [http-nio-8080-exec-9] DEBUG o.s.jdbc.core.JdbcTemplate - Executing prepared SQL statement [SELECT COUNT(*) FROM schedules WHERE doctor_id = ? AND work_day = ?]
2026-01-04 15:58:42 [http-nio-8080-exec-9] DEBUG o.s.jdbc.datasource.DataSourceUtils - Fetching JDBC Connection from DataSource
2026-01-04 15:58:42 [http-nio-8080-exec-9] DEBUG o.s.jdbc.core.JdbcTemplate - Executing prepared SQL query
2026-01-04 15:58:42 [http-nio-8080-exec-9] DEBUG o.s.jdbc.core.JdbcTemplate - Executing prepared SQL statement [SELECT COUNT(*) FROM schedules WHERE doctor_id = ? AND work_day = ?]
2026-01-04 15:58:42 [http-nio-8080-exec-9] DEBUG o.s.jdbc.datasource.DataSourceUtils - Fetching JDBC Connection from DataSource
2026-01-04 15:58:42 [http-nio-8080-exec-9] DEBUG o.s.jdbc.core.JdbcTemplate - Executing prepared SQL query
2026-01-04 15:58:42 [http-nio-8080-exec-9] DEBUG o.s.jdbc.core.JdbcTemplate - Executing prepared SQL statement [SELECT COUNT(*) FROM schedules WHERE doctor_id = ? AND work_day = ?]
2026-01-04 15:58:42 [http-nio-8080-exec-9] DEBUG o.s.jdbc.datasource.DataSourceUtils - Fetching JDBC Connection from DataSource
2026-01-04 15:58:42 [http-nio-8080-exec-9] DEBUG o.s.jdbc.core.JdbcTemplate - Executing prepared SQL query
2026-01-04 15:58:42 [http-nio-8080-exec-9] DEBUG o.s.jdbc.core.JdbcTemplate - Executing prepared SQL statement [SELECT COUNT(*) FROM schedules WHERE doctor_id = ? AND work_day = ?]
2026-01-04 15:58:42 [http-nio-8080-exec-9] DEBUG o.s.jdbc.datasource.DataSourceUtils - Fetching JDBC Connection from DataSource
2026-01-04 15:58:42 [http-nio-8080-exec-9] DEBUG o.s.jdbc.core.JdbcTemplate - Executing prepared SQL query
2026-01-04 15:58:42 [http-nio-8080-exec-9] DEBUG o.s.jdbc.core.JdbcTemplate - Executing prepared SQL statement [SELECT COUNT(*) FROM schedules WHERE doctor_id = ? AND work_day = ?]
2026-01-04 15:58:42 [http-nio-8080-exec-9] DEBUG o.s.jdbc.datasource.DataSourceUtils - Fetching JDBC Connection from DataSource
2026-01-04 15:58:42 [http-nio-8080-exec-9] DEBUG o.s.jdbc.core.JdbcTemplate - Executing prepared SQL query
2026-01-04 15:58:42 [http-nio-8080-exec-9] DEBUG o.s.jdbc.core.JdbcTemplate - Executing prepared SQL statement [SELECT COUNT(*) FROM schedules WHERE doctor_id = ? AND work_day = ?]
2026-01-04 15:58:42 [http-nio-8080-exec-9] DEBUG o.s.jdbc.datasource.DataSourceUtils - Fetching JDBC Connection from DataSource
2026-01-04 15:58:42 [http-nio-8080-exec-9] DEBUG o.s.jdbc.core.JdbcTemplate - Executing prepared SQL query
2026-01-04 15:58:42 [http-nio-8080-exec-9] DEBUG o.s.jdbc.core.JdbcTemplate - Executing prepared SQL statement [SELECT COUNT(*) FROM schedules WHERE doctor_id = ? AND work_day = ?]
2026-01-04 15:58:42 [http-nio-8080-exec-9] DEBUG o.s.jdbc.datasource.DataSourceUtils - Fetching JDBC Connection from DataSource
2026-01-04 15:58:42 [http-nio-8080-exec-9] DEBUG o.s.jdbc.core.JdbcTemplate - Executing prepared SQL query
2026-01-04 15:58:42 [http-nio-8080-exec-9] DEBUG o.s.jdbc.core.JdbcTemplate - Executing prepared SQL statement [SELECT COUNT(*) FROM schedules WHERE doctor_id = ? AND work_day = ?]
2026-01-04 15:58:42 [http-nio-8080-exec-9] DEBUG o.s.jdbc.datasource.DataSourceUtils - Fetching JDBC Connection from DataSource
2026-01-04 15:58:42 [http-nio-8080-exec-9] DEBUG o.s.jdbc.core.JdbcTemplate - Executing prepared SQL query
2026-01-04 15:58:42 [http-nio-8080-exec-9] DEBUG o.s.jdbc.core.JdbcTemplate - Executing prepared SQL statement [SELECT COUNT(*) FROM schedules WHERE doctor_id = ? AND work_day = ?]
2026-01-04 15:58:42 [http-nio-8080-exec-9] DEBUG o.s.jdbc.datasource.DataSourceUtils - Fetching JDBC Connection from DataSource
2026-01-04 15:58:42 [http-nio-8080-exec-9] DEBUG o.s.jdbc.core.JdbcTemplate - Executing prepared SQL query
2026-01-04 15:58:42 [http-nio-8080-exec-9] DEBUG o.s.jdbc.core.JdbcTemplate - Executing prepared SQL statement [SELECT COUNT(*) FROM schedules WHERE doctor_id = ? AND work_day = ?]
2026-01-04 15:58:42 [http-nio-8080-exec-9] DEBUG o.s.jdbc.datasource.DataSourceUtils - Fetching JDBC Connection from DataSource
2026-01-04 15:58:42 [http-nio-8080-exec-9] DEBUG o.s.jdbc.core.JdbcTemplate - Executing prepared SQL query
2026-01-04 15:58:42 [http-nio-8080-exec-9] DEBUG o.s.jdbc.core.JdbcTemplate - Executing prepared SQL statement [SELECT COUNT(*) FROM schedules WHERE doctor_id = ? AND work_day = ?]
2026-01-04 15:58:42 [http-nio-8080-exec-9] DEBUG o.s.jdbc.datasource.DataSourceUtils - Fetching JDBC Connection from DataSource
2026-01-04 15:58:42 [http-nio-8080-exec-9] DEBUG o.s.jdbc.core.JdbcTemplate - Executing prepared SQL query
2026-01-04 15:58:42 [http-nio-8080-exec-9] DEBUG o.s.jdbc.core.JdbcTemplate - Executing prepared SQL statement [SELECT COUNT(*) FROM schedules WHERE doctor_id = ? AND work_day = ?]
2026-01-04 15:58:42 [http-nio-8080-exec-9] DEBUG o.s.jdbc.datasource.DataSourceUtils - Fetching JDBC Connection from DataSource
2026-01-04 15:58:42 [http-nio-8080-exec-9] DEBUG o.s.jdbc.core.JdbcTemplate - Executing prepared SQL query
2026-01-04 15:58:42 [http-nio-8080-exec-9] DEBUG o.s.jdbc.core.JdbcTemplate - Executing prepared SQL statement [SELECT COUNT(*) FROM schedules WHERE doctor_id = ? AND work_day = ?]
2026-01-04 15:58:42 [http-nio-8080-exec-9] DEBUG o.s.jdbc.datasource.DataSourceUtils - Fetching JDBC Connection from DataSource
2026-01-04 15:58:42 [http-nio-8080-exec-9] DEBUG o.s.jdbc.core.JdbcTemplate - Executing prepared SQL query
2026-01-04 15:58:42 [http-nio-8080-exec-9] DEBUG o.s.jdbc.core.JdbcTemplate - Executing prepared SQL statement [SELECT COUNT(*) FROM schedules WHERE doctor_id = ? AND work_day = ?]
2026-01-04 15:58:42 [http-nio-8080-exec-9] DEBUG o.s.jdbc.datasource.DataSourceUtils - Fetching JDBC Connection from DataSource
2026-01-04 15:58:42 [http-nio-8080-exec-9] DEBUG o.s.jdbc.core.JdbcTemplate - Executing prepared SQL query
2026-01-04 15:58:42 [http-nio-8080-exec-9] DEBUG o.s.jdbc.core.JdbcTemplate - Executing prepared SQL statement [SELECT COUNT(*) FROM schedules WHERE doctor_id = ? AND work_day = ?]
2026-01-04 15:58:42 [http-nio-8080-exec-9] DEBUG o.s.jdbc.datasource.DataSourceUtils - Fetching JDBC Connection from DataSource
2026-01-04 15:58:42 [http-nio-8080-exec-9] DEBUG o.s.jdbc.core.JdbcTemplate - Executing prepared SQL query
2026-01-04 15:58:42 [http-nio-8080-exec-9] DEBUG o.s.jdbc.core.JdbcTemplate - Executing prepared SQL statement [SELECT COUNT(*) FROM schedules WHERE doctor_id = ? AND work_day = ?]
2026-01-04 15:58:42 [http-nio-8080-exec-9] DEBUG o.s.jdbc.datasource.DataSourceUtils - Fetching JDBC Connection from DataSource
2026-01-04 15:58:42 [http-nio-8080-exec-9] DEBUG o.s.jdbc.core.JdbcTemplate - Executing prepared SQL query
2026-01-04 15:58:42 [http-nio-8080-exec-9] DEBUG o.s.jdbc.core.JdbcTemplate - Executing prepared SQL statement [SELECT COUNT(*) FROM schedules WHERE doctor_id = ? AND work_day = ?]
2026-01-04 15:58:42 [http-nio-8080-exec-9] DEBUG o.s.jdbc.datasource.DataSourceUtils - Fetching JDBC Connection from DataSource
2026-01-04 15:58:42 [http-nio-8080-exec-9] DEBUG org.hibernate.SQL - 
    select
        d1_0.dept_id,
        d1_0.dept_code,
        d1_0.dept_name,
        d1_0.dept_type,
        d1_0.director_id,
        d1_0.introduction 
    from
        departments d1_0 
    where
        d1_0.dept_id=?
2026-01-04 15:58:42 [http-nio-8080-exec-9] TRACE org.hibernate.orm.jdbc.bind - binding parameter (1:INTEGER) <- [10]
2026-01-04 15:58:42 [http-nio-8080-exec-9] DEBUG o.s.jdbc.core.JdbcTemplate - Executing prepared SQL query
2026-01-04 15:58:42 [http-nio-8080-exec-9] DEBUG o.s.jdbc.core.JdbcTemplate - Executing prepared SQL statement [SELECT COUNT(*) FROM schedules WHERE doctor_id = ? AND work_day = ?]
2026-01-04 15:58:42 [http-nio-8080-exec-9] DEBUG o.s.jdbc.datasource.DataSourceUtils - Fetching JDBC Connection from DataSource
2026-01-04 15:58:42 [http-nio-8080-exec-9] DEBUG o.s.jdbc.core.JdbcTemplate - Executing prepared SQL query
2026-01-04 15:58:42 [http-nio-8080-exec-9] DEBUG o.s.jdbc.core.JdbcTemplate - Executing prepared SQL statement [SELECT COUNT(*) FROM schedules WHERE doctor_id = ? AND work_day = ?]
2026-01-04 15:58:42 [http-nio-8080-exec-9] DEBUG o.s.jdbc.datasource.DataSourceUtils - Fetching JDBC Connection from DataSource
2026-01-04 15:58:42 [http-nio-8080-exec-9] DEBUG o.s.jdbc.core.JdbcTemplate - Executing prepared SQL query
2026-01-04 15:58:42 [http-nio-8080-exec-9] DEBUG o.s.jdbc.core.JdbcTemplate - Executing prepared SQL statement [SELECT COUNT(*) FROM schedules WHERE doctor_id = ? AND work_day = ?]
2026-01-04 15:58:42 [http-nio-8080-exec-9] DEBUG o.s.jdbc.datasource.DataSourceUtils - Fetching JDBC Connection from DataSource
2026-01-04 15:58:42 [http-nio-8080-exec-9] DEBUG o.s.jdbc.core.JdbcTemplate - Executing prepared SQL query
2026-01-04 15:58:42 [http-nio-8080-exec-9] DEBUG o.s.jdbc.core.JdbcTemplate - Executing prepared SQL statement [SELECT COUNT(*) FROM schedules WHERE doctor_id = ? AND work_day = ?]
2026-01-04 15:58:42 [http-nio-8080-exec-9] DEBUG o.s.jdbc.datasource.DataSourceUtils - Fetching JDBC Connection from DataSource
2026-01-04 15:58:42 [http-nio-8080-exec-9] DEBUG o.s.jdbc.core.JdbcTemplate - Executing prepared SQL query
2026-01-04 15:58:42 [http-nio-8080-exec-9] DEBUG o.s.jdbc.core.JdbcTemplate - Executing prepared SQL statement [SELECT COUNT(*) FROM schedules WHERE doctor_id = ? AND work_day = ?]
2026-01-04 15:58:42 [http-nio-8080-exec-9] DEBUG o.s.jdbc.datasource.DataSourceUtils - Fetching JDBC Connection from DataSource
2026-01-04 15:58:42 [http-nio-8080-exec-9] DEBUG o.s.jdbc.core.JdbcTemplate - Executing prepared SQL query
2026-01-04 15:58:42 [http-nio-8080-exec-9] DEBUG o.s.jdbc.core.JdbcTemplate - Executing prepared SQL statement [SELECT COUNT(*) FROM schedules WHERE doctor_id = ? AND work_day = ?]
2026-01-04 15:58:42 [http-nio-8080-exec-9] DEBUG o.s.jdbc.datasource.DataSourceUtils - Fetching JDBC Connection from DataSource
2026-01-04 15:58:42 [http-nio-8080-exec-9] DEBUG o.s.jdbc.core.JdbcTemplate - Executing prepared SQL query
2026-01-04 15:58:42 [http-nio-8080-exec-9] DEBUG o.s.jdbc.core.JdbcTemplate - Executing prepared SQL statement [SELECT COUNT(*) FROM schedules WHERE doctor_id = ? AND work_day = ?]
2026-01-04 15:58:42 [http-nio-8080-exec-9] DEBUG o.s.jdbc.datasource.DataSourceUtils - Fetching JDBC Connection from DataSource
2026-01-04 15:58:42 [http-nio-8080-exec-9] DEBUG o.s.jdbc.core.JdbcTemplate - Executing prepared SQL query
2026-01-04 15:58:42 [http-nio-8080-exec-9] DEBUG o.s.jdbc.core.JdbcTemplate - Executing prepared SQL statement [SELECT COUNT(*) FROM schedules WHERE doctor_id = ? AND work_day = ?]
2026-01-04 15:58:42 [http-nio-8080-exec-9] DEBUG o.s.jdbc.datasource.DataSourceUtils - Fetching JDBC Connection from DataSource
2026-01-04 15:58:42 [http-nio-8080-exec-9] DEBUG o.s.jdbc.core.JdbcTemplate - Executing prepared SQL query
2026-01-04 15:58:42 [http-nio-8080-exec-9] DEBUG o.s.jdbc.core.JdbcTemplate - Executing prepared SQL statement [SELECT COUNT(*) FROM schedules WHERE doctor_id = ? AND work_day = ?]
2026-01-04 15:58:42 [http-nio-8080-exec-9] DEBUG o.s.jdbc.datasource.DataSourceUtils - Fetching JDBC Connection from DataSource
2026-01-04 15:58:42 [http-nio-8080-exec-9] DEBUG o.s.jdbc.core.JdbcTemplate - Executing prepared SQL query
2026-01-04 15:58:42 [http-nio-8080-exec-9] DEBUG o.s.jdbc.core.JdbcTemplate - Executing prepared SQL statement [SELECT COUNT(*) FROM schedules WHERE doctor_id = ? AND work_day = ?]
2026-01-04 15:58:42 [http-nio-8080-exec-9] DEBUG o.s.jdbc.datasource.DataSourceUtils - Fetching JDBC Connection from DataSource
2026-01-04 15:58:42 [http-nio-8080-exec-9] DEBUG o.s.jdbc.core.JdbcTemplate - Executing prepared SQL query
2026-01-04 15:58:42 [http-nio-8080-exec-9] DEBUG o.s.jdbc.core.JdbcTemplate - Executing prepared SQL statement [SELECT COUNT(*) FROM schedules WHERE doctor_id = ? AND work_day = ?]
2026-01-04 15:58:42 [http-nio-8080-exec-9] DEBUG o.s.jdbc.datasource.DataSourceUtils - Fetching JDBC Connection from DataSource
2026-01-04 15:58:42 [http-nio-8080-exec-9] DEBUG o.s.jdbc.core.JdbcTemplate - Executing prepared SQL query
2026-01-04 15:58:42 [http-nio-8080-exec-9] DEBUG o.s.jdbc.core.JdbcTemplate - Executing prepared SQL statement [SELECT COUNT(*) FROM schedules WHERE doctor_id = ? AND work_day = ?]
2026-01-04 15:58:42 [http-nio-8080-exec-9] DEBUG o.s.jdbc.datasource.DataSourceUtils - Fetching JDBC Connection from DataSource
2026-01-04 15:58:42 [http-nio-8080-exec-9] DEBUG o.s.jdbc.core.JdbcTemplate - Executing prepared SQL query
2026-01-04 15:58:42 [http-nio-8080-exec-9] DEBUG o.s.jdbc.core.JdbcTemplate - Executing prepared SQL statement [SELECT COUNT(*) FROM schedules WHERE doctor_id = ? AND work_day = ?]
2026-01-04 15:58:42 [http-nio-8080-exec-9] DEBUG o.s.jdbc.datasource.DataSourceUtils - Fetching JDBC Connection from DataSource
2026-01-04 15:58:42 [http-nio-8080-exec-9] DEBUG o.s.jdbc.core.JdbcTemplate - Executing prepared SQL query
2026-01-04 15:58:42 [http-nio-8080-exec-9] DEBUG o.s.jdbc.core.JdbcTemplate - Executing prepared SQL statement [SELECT COUNT(*) FROM schedules WHERE doctor_id = ? AND work_day = ?]
2026-01-04 15:58:42 [http-nio-8080-exec-9] DEBUG o.s.jdbc.datasource.DataSourceUtils - Fetching JDBC Connection from DataSource
2026-01-04 15:58:42 [http-nio-8080-exec-9] DEBUG o.s.jdbc.core.JdbcTemplate - Executing prepared SQL query
2026-01-04 15:58:42 [http-nio-8080-exec-9] DEBUG o.s.jdbc.core.JdbcTemplate - Executing prepared SQL statement [SELECT COUNT(*) FROM schedules WHERE doctor_id = ? AND work_day = ?]
2026-01-04 15:58:42 [http-nio-8080-exec-9] DEBUG o.s.jdbc.datasource.DataSourceUtils - Fetching JDBC Connection from DataSource
2026-01-04 15:58:42 [http-nio-8080-exec-9] DEBUG o.s.jdbc.core.JdbcTemplate - Executing prepared SQL query
2026-01-04 15:58:42 [http-nio-8080-exec-9] DEBUG o.s.jdbc.core.JdbcTemplate - Executing prepared SQL statement [SELECT COUNT(*) FROM schedules WHERE doctor_id = ? AND work_day = ?]
2026-01-04 15:58:42 [http-nio-8080-exec-9] DEBUG o.s.jdbc.datasource.DataSourceUtils - Fetching JDBC Connection from DataSource
2026-01-04 15:58:42 [http-nio-8080-exec-9] DEBUG o.s.jdbc.core.JdbcTemplate - Executing prepared SQL query
2026-01-04 15:58:42 [http-nio-8080-exec-9] DEBUG o.s.jdbc.core.JdbcTemplate - Executing prepared SQL statement [SELECT COUNT(*) FROM schedules WHERE doctor_id = ? AND work_day = ?]
2026-01-04 15:58:42 [http-nio-8080-exec-9] DEBUG o.s.jdbc.datasource.DataSourceUtils - Fetching JDBC Connection from DataSource
2026-01-04 15:58:42 [http-nio-8080-exec-9] DEBUG org.hibernate.SQL - 
    select
        d1_0.dept_id,
        d1_0.dept_code,
        d1_0.dept_name,
        d1_0.dept_type,
        d1_0.director_id,
        d1_0.introduction 
    from
        departments d1_0 
    where
        d1_0.dept_id=?
2026-01-04 15:58:42 [http-nio-8080-exec-9] TRACE org.hibernate.orm.jdbc.bind - binding parameter (1:INTEGER) <- [11]
2026-01-04 15:58:42 [http-nio-8080-exec-9] DEBUG o.s.jdbc.core.JdbcTemplate - Executing prepared SQL query
2026-01-04 15:58:42 [http-nio-8080-exec-9] DEBUG o.s.jdbc.core.JdbcTemplate - Executing prepared SQL statement [SELECT COUNT(*) FROM schedules WHERE doctor_id = ? AND work_day = ?]
2026-01-04 15:58:42 [http-nio-8080-exec-9] DEBUG o.s.jdbc.datasource.DataSourceUtils - Fetching JDBC Connection from DataSource
2026-01-04 15:58:42 [http-nio-8080-exec-9] DEBUG o.s.jdbc.core.JdbcTemplate - Executing prepared SQL query
2026-01-04 15:58:42 [http-nio-8080-exec-9] DEBUG o.s.jdbc.core.JdbcTemplate - Executing prepared SQL statement [SELECT COUNT(*) FROM schedules WHERE doctor_id = ? AND work_day = ?]
2026-01-04 15:58:42 [http-nio-8080-exec-9] DEBUG o.s.jdbc.datasource.DataSourceUtils - Fetching JDBC Connection from DataSource
2026-01-04 15:58:42 [http-nio-8080-exec-9] DEBUG o.s.jdbc.core.JdbcTemplate - Executing prepared SQL query
2026-01-04 15:58:42 [http-nio-8080-exec-9] DEBUG o.s.jdbc.core.JdbcTemplate - Executing prepared SQL statement [SELECT COUNT(*) FROM schedules WHERE doctor_id = ? AND work_day = ?]
2026-01-04 15:58:42 [http-nio-8080-exec-9] DEBUG o.s.jdbc.datasource.DataSourceUtils - Fetching JDBC Connection from DataSource
2026-01-04 15:58:42 [http-nio-8080-exec-9] DEBUG o.s.jdbc.core.JdbcTemplate - Executing prepared SQL query
2026-01-04 15:58:42 [http-nio-8080-exec-9] DEBUG o.s.jdbc.core.JdbcTemplate - Executing prepared SQL statement [SELECT COUNT(*) FROM schedules WHERE doctor_id = ? AND work_day = ?]
2026-01-04 15:58:42 [http-nio-8080-exec-9] DEBUG o.s.jdbc.datasource.DataSourceUtils - Fetching JDBC Connection from DataSource
2026-01-04 15:58:42 [http-nio-8080-exec-9] DEBUG o.s.jdbc.core.JdbcTemplate - Executing prepared SQL query
2026-01-04 15:58:42 [http-nio-8080-exec-9] DEBUG o.s.jdbc.core.JdbcTemplate - Executing prepared SQL statement [SELECT COUNT(*) FROM schedules WHERE doctor_id = ? AND work_day = ?]
2026-01-04 15:58:42 [http-nio-8080-exec-9] DEBUG o.s.jdbc.datasource.DataSourceUtils - Fetching JDBC Connection from DataSource
2026-01-04 15:58:42 [http-nio-8080-exec-9] DEBUG o.s.jdbc.core.JdbcTemplate - Executing prepared SQL query
2026-01-04 15:58:42 [http-nio-8080-exec-9] DEBUG o.s.jdbc.core.JdbcTemplate - Executing prepared SQL statement [SELECT COUNT(*) FROM schedules WHERE doctor_id = ? AND work_day = ?]
2026-01-04 15:58:42 [http-nio-8080-exec-9] DEBUG o.s.jdbc.datasource.DataSourceUtils - Fetching JDBC Connection from DataSource
2026-01-04 15:58:42 [http-nio-8080-exec-9] DEBUG o.s.jdbc.core.JdbcTemplate - Executing prepared SQL query
2026-01-04 15:58:42 [http-nio-8080-exec-9] DEBUG o.s.jdbc.core.JdbcTemplate - Executing prepared SQL statement [SELECT COUNT(*) FROM schedules WHERE doctor_id = ? AND work_day = ?]
2026-01-04 15:58:42 [http-nio-8080-exec-9] DEBUG o.s.jdbc.datasource.DataSourceUtils - Fetching JDBC Connection from DataSource
2026-01-04 15:58:42 [http-nio-8080-exec-9] DEBUG o.s.jdbc.core.JdbcTemplate - Executing prepared SQL query
2026-01-04 15:58:42 [http-nio-8080-exec-9] DEBUG o.s.jdbc.core.JdbcTemplate - Executing prepared SQL statement [SELECT COUNT(*) FROM schedules WHERE doctor_id = ? AND work_day = ?]
2026-01-04 15:58:42 [http-nio-8080-exec-9] DEBUG o.s.jdbc.datasource.DataSourceUtils - Fetching JDBC Connection from DataSource
2026-01-04 15:58:42 [http-nio-8080-exec-9] DEBUG o.s.jdbc.core.JdbcTemplate - Executing prepared SQL query
2026-01-04 15:58:42 [http-nio-8080-exec-9] DEBUG o.s.jdbc.core.JdbcTemplate - Executing prepared SQL statement [SELECT COUNT(*) FROM schedules WHERE doctor_id = ? AND work_day = ?]
2026-01-04 15:58:42 [http-nio-8080-exec-9] DEBUG o.s.jdbc.datasource.DataSourceUtils - Fetching JDBC Connection from DataSource
2026-01-04 15:58:42 [http-nio-8080-exec-9] DEBUG o.s.jdbc.core.JdbcTemplate - Executing prepared SQL query
2026-01-04 15:58:42 [http-nio-8080-exec-9] DEBUG o.s.jdbc.core.JdbcTemplate - Executing prepared SQL statement [SELECT COUNT(*) FROM schedules WHERE doctor_id = ? AND work_day = ?]
2026-01-04 15:58:42 [http-nio-8080-exec-9] DEBUG o.s.jdbc.datasource.DataSourceUtils - Fetching JDBC Connection from DataSource
2026-01-04 15:58:42 [http-nio-8080-exec-9] DEBUG o.s.jdbc.core.JdbcTemplate - Executing prepared SQL query
2026-01-04 15:58:42 [http-nio-8080-exec-9] DEBUG o.s.jdbc.core.JdbcTemplate - Executing prepared SQL statement [SELECT COUNT(*) FROM schedules WHERE doctor_id = ? AND work_day = ?]
2026-01-04 15:58:42 [http-nio-8080-exec-9] DEBUG o.s.jdbc.datasource.DataSourceUtils - Fetching JDBC Connection from DataSource
2026-01-04 15:58:42 [http-nio-8080-exec-9] DEBUG o.s.jdbc.core.JdbcTemplate - Executing prepared SQL query
2026-01-04 15:58:42 [http-nio-8080-exec-9] DEBUG o.s.jdbc.core.JdbcTemplate - Executing prepared SQL statement [SELECT COUNT(*) FROM schedules WHERE doctor_id = ? AND work_day = ?]
2026-01-04 15:58:42 [http-nio-8080-exec-9] DEBUG o.s.jdbc.datasource.DataSourceUtils - Fetching JDBC Connection from DataSource
2026-01-04 15:58:42 [http-nio-8080-exec-9] DEBUG o.s.jdbc.core.JdbcTemplate - Executing prepared SQL query
2026-01-04 15:58:42 [http-nio-8080-exec-9] DEBUG o.s.jdbc.core.JdbcTemplate - Executing prepared SQL statement [SELECT COUNT(*) FROM schedules WHERE doctor_id = ? AND work_day = ?]
2026-01-04 15:58:42 [http-nio-8080-exec-9] DEBUG o.s.jdbc.datasource.DataSourceUtils - Fetching JDBC Connection from DataSource
2026-01-04 15:58:42 [http-nio-8080-exec-9] DEBUG o.s.jdbc.core.JdbcTemplate - Executing prepared SQL query
2026-01-04 15:58:42 [http-nio-8080-exec-9] DEBUG o.s.jdbc.core.JdbcTemplate - Executing prepared SQL statement [SELECT COUNT(*) FROM schedules WHERE doctor_id = ? AND work_day = ?]
2026-01-04 15:58:42 [http-nio-8080-exec-9] DEBUG o.s.jdbc.datasource.DataSourceUtils - Fetching JDBC Connection from DataSource
2026-01-04 15:58:42 [http-nio-8080-exec-9] DEBUG o.s.jdbc.core.JdbcTemplate - Executing prepared SQL query
2026-01-04 15:58:42 [http-nio-8080-exec-9] DEBUG o.s.jdbc.core.JdbcTemplate - Executing prepared SQL statement [SELECT COUNT(*) FROM schedules WHERE doctor_id = ? AND work_day = ?]
2026-01-04 15:58:42 [http-nio-8080-exec-9] DEBUG o.s.jdbc.datasource.DataSourceUtils - Fetching JDBC Connection from DataSource
2026-01-04 15:58:42 [http-nio-8080-exec-9] DEBUG o.s.jdbc.core.JdbcTemplate - Executing prepared SQL query
2026-01-04 15:58:42 [http-nio-8080-exec-9] DEBUG o.s.jdbc.core.JdbcTemplate - Executing prepared SQL statement [SELECT COUNT(*) FROM schedules WHERE doctor_id = ? AND work_day = ?]
2026-01-04 15:58:42 [http-nio-8080-exec-9] DEBUG o.s.jdbc.datasource.DataSourceUtils - Fetching JDBC Connection from DataSource
2026-01-04 15:58:42 [http-nio-8080-exec-9] DEBUG o.s.jdbc.core.JdbcTemplate - Executing prepared SQL query
2026-01-04 15:58:42 [http-nio-8080-exec-9] DEBUG o.s.jdbc.core.JdbcTemplate - Executing prepared SQL statement [SELECT COUNT(*) FROM schedules WHERE doctor_id = ? AND work_day = ?]
2026-01-04 15:58:42 [http-nio-8080-exec-9] DEBUG o.s.jdbc.datasource.DataSourceUtils - Fetching JDBC Connection from DataSource
2026-01-04 15:58:42 [http-nio-8080-exec-9] DEBUG o.s.jdbc.core.JdbcTemplate - Executing prepared SQL query
2026-01-04 15:58:42 [http-nio-8080-exec-9] DEBUG o.s.jdbc.core.JdbcTemplate - Executing prepared SQL statement [SELECT COUNT(*) FROM schedules WHERE doctor_id = ? AND work_day = ?]
2026-01-04 15:58:42 [http-nio-8080-exec-9] DEBUG o.s.jdbc.datasource.DataSourceUtils - Fetching JDBC Connection from DataSource
2026-01-04 15:58:42 [http-nio-8080-exec-9] DEBUG o.s.jdbc.core.JdbcTemplate - Executing prepared SQL query
2026-01-04 15:58:42 [http-nio-8080-exec-9] DEBUG o.s.jdbc.core.JdbcTemplate - Executing prepared SQL statement [SELECT COUNT(*) FROM schedules WHERE doctor_id = ? AND work_day = ?]
2026-01-04 15:58:42 [http-nio-8080-exec-9] DEBUG o.s.jdbc.datasource.DataSourceUtils - Fetching JDBC Connection from DataSource
2026-01-04 15:58:42 [http-nio-8080-exec-9] DEBUG o.s.jdbc.core.JdbcTemplate - Executing prepared SQL query
2026-01-04 15:58:42 [http-nio-8080-exec-9] DEBUG o.s.jdbc.core.JdbcTemplate - Executing prepared SQL statement [SELECT COUNT(*) FROM schedules WHERE doctor_id = ? AND work_day = ?]
2026-01-04 15:58:42 [http-nio-8080-exec-9] DEBUG o.s.jdbc.datasource.DataSourceUtils - Fetching JDBC Connection from DataSource
2026-01-04 15:58:42 [http-nio-8080-exec-9] DEBUG org.hibernate.SQL - 
    select
        d1_0.dept_id,
        d1_0.dept_code,
        d1_0.dept_name,
        d1_0.dept_type,
        d1_0.director_id,
        d1_0.introduction 
    from
        departments d1_0 
    where
        d1_0.dept_id=?
2026-01-04 15:58:42 [http-nio-8080-exec-9] TRACE org.hibernate.orm.jdbc.bind - binding parameter (1:INTEGER) <- [12]
2026-01-04 15:58:42 [http-nio-8080-exec-9] DEBUG o.s.jdbc.core.JdbcTemplate - Executing prepared SQL query
2026-01-04 15:58:42 [http-nio-8080-exec-9] DEBUG o.s.jdbc.core.JdbcTemplate - Executing prepared SQL statement [SELECT COUNT(*) FROM schedules WHERE doctor_id = ? AND work_day = ?]
2026-01-04 15:58:42 [http-nio-8080-exec-9] DEBUG o.s.jdbc.datasource.DataSourceUtils - Fetching JDBC Connection from DataSource
2026-01-04 15:58:42 [http-nio-8080-exec-9] DEBUG o.s.jdbc.core.JdbcTemplate - Executing prepared SQL query
2026-01-04 15:58:42 [http-nio-8080-exec-9] DEBUG o.s.jdbc.core.JdbcTemplate - Executing prepared SQL statement [SELECT COUNT(*) FROM schedules WHERE doctor_id = ? AND work_day = ?]
2026-01-04 15:58:42 [http-nio-8080-exec-9] DEBUG o.s.jdbc.datasource.DataSourceUtils - Fetching JDBC Connection from DataSource
2026-01-04 15:58:42 [http-nio-8080-exec-9] DEBUG o.s.jdbc.core.JdbcTemplate - Executing prepared SQL query
2026-01-04 15:58:42 [http-nio-8080-exec-9] DEBUG o.s.jdbc.core.JdbcTemplate - Executing prepared SQL statement [SELECT COUNT(*) FROM schedules WHERE doctor_id = ? AND work_day = ?]
2026-01-04 15:58:42 [http-nio-8080-exec-9] DEBUG o.s.jdbc.datasource.DataSourceUtils - Fetching JDBC Connection from DataSource
2026-01-04 15:58:42 [http-nio-8080-exec-9] DEBUG o.s.jdbc.core.JdbcTemplate - Executing prepared SQL query
2026-01-04 15:58:42 [http-nio-8080-exec-9] DEBUG o.s.jdbc.core.JdbcTemplate - Executing prepared SQL statement [SELECT COUNT(*) FROM schedules WHERE doctor_id = ? AND work_day = ?]
2026-01-04 15:58:42 [http-nio-8080-exec-9] DEBUG o.s.jdbc.datasource.DataSourceUtils - Fetching JDBC Connection from DataSource
2026-01-04 15:58:42 [http-nio-8080-exec-9] DEBUG o.s.jdbc.core.JdbcTemplate - Executing prepared SQL query
2026-01-04 15:58:42 [http-nio-8080-exec-9] DEBUG o.s.jdbc.core.JdbcTemplate - Executing prepared SQL statement [SELECT COUNT(*) FROM schedules WHERE doctor_id = ? AND work_day = ?]
2026-01-04 15:58:42 [http-nio-8080-exec-9] DEBUG o.s.jdbc.datasource.DataSourceUtils - Fetching JDBC Connection from DataSource
2026-01-04 15:58:42 [http-nio-8080-exec-9] DEBUG o.s.jdbc.core.JdbcTemplate - Executing prepared SQL query
2026-01-04 15:58:42 [http-nio-8080-exec-9] DEBUG o.s.jdbc.core.JdbcTemplate - Executing prepared SQL statement [SELECT COUNT(*) FROM schedules WHERE doctor_id = ? AND work_day = ?]
2026-01-04 15:58:42 [http-nio-8080-exec-9] DEBUG o.s.jdbc.datasource.DataSourceUtils - Fetching JDBC Connection from DataSource
2026-01-04 15:58:42 [http-nio-8080-exec-9] DEBUG o.s.jdbc.core.JdbcTemplate - Executing prepared SQL query
2026-01-04 15:58:42 [http-nio-8080-exec-9] DEBUG o.s.jdbc.core.JdbcTemplate - Executing prepared SQL statement [SELECT COUNT(*) FROM schedules WHERE doctor_id = ? AND work_day = ?]
2026-01-04 15:58:42 [http-nio-8080-exec-9] DEBUG o.s.jdbc.datasource.DataSourceUtils - Fetching JDBC Connection from DataSource
2026-01-04 15:58:42 [http-nio-8080-exec-9] DEBUG o.s.jdbc.core.JdbcTemplate - Executing prepared SQL query
2026-01-04 15:58:42 [http-nio-8080-exec-9] DEBUG o.s.jdbc.core.JdbcTemplate - Executing prepared SQL statement [SELECT COUNT(*) FROM schedules WHERE doctor_id = ? AND work_day = ?]
2026-01-04 15:58:42 [http-nio-8080-exec-9] DEBUG o.s.jdbc.datasource.DataSourceUtils - Fetching JDBC Connection from DataSource
2026-01-04 15:58:42 [http-nio-8080-exec-9] DEBUG o.s.jdbc.core.JdbcTemplate - Executing prepared SQL query
2026-01-04 15:58:42 [http-nio-8080-exec-9] DEBUG o.s.jdbc.core.JdbcTemplate - Executing prepared SQL statement [SELECT COUNT(*) FROM schedules WHERE doctor_id = ? AND work_day = ?]
2026-01-04 15:58:42 [http-nio-8080-exec-9] DEBUG o.s.jdbc.datasource.DataSourceUtils - Fetching JDBC Connection from DataSource
2026-01-04 15:58:42 [http-nio-8080-exec-9] DEBUG o.s.jdbc.core.JdbcTemplate - Executing prepared SQL query
2026-01-04 15:58:42 [http-nio-8080-exec-9] DEBUG o.s.jdbc.core.JdbcTemplate - Executing prepared SQL statement [SELECT COUNT(*) FROM schedules WHERE doctor_id = ? AND work_day = ?]
2026-01-04 15:58:42 [http-nio-8080-exec-9] DEBUG o.s.jdbc.datasource.DataSourceUtils - Fetching JDBC Connection from DataSource
2026-01-04 15:58:42 [http-nio-8080-exec-9] DEBUG o.s.jdbc.core.JdbcTemplate - Executing prepared SQL query
2026-01-04 15:58:42 [http-nio-8080-exec-9] DEBUG o.s.jdbc.core.JdbcTemplate - Executing prepared SQL statement [SELECT COUNT(*) FROM schedules WHERE doctor_id = ? AND work_day = ?]
2026-01-04 15:58:42 [http-nio-8080-exec-9] DEBUG o.s.jdbc.datasource.DataSourceUtils - Fetching JDBC Connection from DataSource
2026-01-04 15:58:42 [http-nio-8080-exec-9] DEBUG o.s.jdbc.core.JdbcTemplate - Executing prepared SQL query
2026-01-04 15:58:42 [http-nio-8080-exec-9] DEBUG o.s.jdbc.core.JdbcTemplate - Executing prepared SQL statement [SELECT COUNT(*) FROM schedules WHERE doctor_id = ? AND work_day = ?]
2026-01-04 15:58:42 [http-nio-8080-exec-9] DEBUG o.s.jdbc.datasource.DataSourceUtils - Fetching JDBC Connection from DataSource
2026-01-04 15:58:42 [http-nio-8080-exec-9] DEBUG o.s.jdbc.core.JdbcTemplate - Executing prepared SQL query
2026-01-04 15:58:42 [http-nio-8080-exec-9] DEBUG o.s.jdbc.core.JdbcTemplate - Executing prepared SQL statement [SELECT COUNT(*) FROM schedules WHERE doctor_id = ? AND work_day = ?]
2026-01-04 15:58:42 [http-nio-8080-exec-9] DEBUG o.s.jdbc.datasource.DataSourceUtils - Fetching JDBC Connection from DataSource
2026-01-04 15:58:42 [http-nio-8080-exec-9] DEBUG o.s.jdbc.core.JdbcTemplate - Executing prepared SQL query
2026-01-04 15:58:42 [http-nio-8080-exec-9] DEBUG o.s.jdbc.core.JdbcTemplate - Executing prepared SQL statement [SELECT COUNT(*) FROM schedules WHERE doctor_id = ? AND work_day = ?]
2026-01-04 15:58:42 [http-nio-8080-exec-9] DEBUG o.s.jdbc.datasource.DataSourceUtils - Fetching JDBC Connection from DataSource
2026-01-04 15:58:42 [http-nio-8080-exec-9] DEBUG o.s.jdbc.core.JdbcTemplate - Executing prepared SQL query
2026-01-04 15:58:42 [http-nio-8080-exec-9] DEBUG o.s.jdbc.core.JdbcTemplate - Executing prepared SQL statement [SELECT COUNT(*) FROM schedules WHERE doctor_id = ? AND work_day = ?]
2026-01-04 15:58:42 [http-nio-8080-exec-9] DEBUG o.s.jdbc.datasource.DataSourceUtils - Fetching JDBC Connection from DataSource
2026-01-04 15:58:42 [http-nio-8080-exec-9] DEBUG o.s.jdbc.core.JdbcTemplate - Executing prepared SQL query
2026-01-04 15:58:42 [http-nio-8080-exec-9] DEBUG o.s.jdbc.core.JdbcTemplate - Executing prepared SQL statement [SELECT COUNT(*) FROM schedules WHERE doctor_id = ? AND work_day = ?]
2026-01-04 15:58:42 [http-nio-8080-exec-9] DEBUG o.s.jdbc.datasource.DataSourceUtils - Fetching JDBC Connection from DataSource
2026-01-04 15:58:42 [http-nio-8080-exec-9] DEBUG o.s.jdbc.core.JdbcTemplate - Executing prepared SQL query
2026-01-04 15:58:42 [http-nio-8080-exec-9] DEBUG o.s.jdbc.core.JdbcTemplate - Executing prepared SQL statement [SELECT COUNT(*) FROM schedules WHERE doctor_id = ? AND work_day = ?]
2026-01-04 15:58:42 [http-nio-8080-exec-9] DEBUG o.s.jdbc.datasource.DataSourceUtils - Fetching JDBC Connection from DataSource
2026-01-04 15:58:42 [http-nio-8080-exec-9] DEBUG o.s.jdbc.core.JdbcTemplate - Executing prepared SQL query
2026-01-04 15:58:42 [http-nio-8080-exec-9] DEBUG o.s.jdbc.core.JdbcTemplate - Executing prepared SQL statement [SELECT COUNT(*) FROM schedules WHERE doctor_id = ? AND work_day = ?]
2026-01-04 15:58:42 [http-nio-8080-exec-9] DEBUG o.s.jdbc.datasource.DataSourceUtils - Fetching JDBC Connection from DataSource
2026-01-04 15:58:42 [http-nio-8080-exec-9] DEBUG o.s.jdbc.core.JdbcTemplate - Executing prepared SQL query
2026-01-04 15:58:42 [http-nio-8080-exec-9] DEBUG o.s.jdbc.core.JdbcTemplate - Executing prepared SQL statement [SELECT COUNT(*) FROM schedules WHERE doctor_id = ? AND work_day = ?]
2026-01-04 15:58:42 [http-nio-8080-exec-9] DEBUG o.s.jdbc.datasource.DataSourceUtils - Fetching JDBC Connection from DataSource
2026-01-04 15:58:42 [http-nio-8080-exec-9] DEBUG org.hibernate.SQL - 
    select
        d1_0.dept_id,
        d1_0.dept_code,
        d1_0.dept_name,
        d1_0.dept_type,
        d1_0.director_id,
        d1_0.introduction 
    from
        departments d1_0 
    where
        d1_0.dept_id=?
2026-01-04 15:58:42 [http-nio-8080-exec-9] TRACE org.hibernate.orm.jdbc.bind - binding parameter (1:INTEGER) <- [13]
2026-01-04 15:58:42 [http-nio-8080-exec-9] DEBUG o.s.jdbc.core.JdbcTemplate - Executing prepared SQL query
2026-01-04 15:58:42 [http-nio-8080-exec-9] DEBUG o.s.jdbc.core.JdbcTemplate - Executing prepared SQL statement [SELECT COUNT(*) FROM schedules WHERE doctor_id = ? AND work_day = ?]
2026-01-04 15:58:42 [http-nio-8080-exec-9] DEBUG o.s.jdbc.datasource.DataSourceUtils - Fetching JDBC Connection from DataSource
2026-01-04 15:58:42 [http-nio-8080-exec-9] DEBUG o.s.jdbc.core.JdbcTemplate - Executing prepared SQL query
2026-01-04 15:58:42 [http-nio-8080-exec-9] DEBUG o.s.jdbc.core.JdbcTemplate - Executing prepared SQL statement [SELECT COUNT(*) FROM schedules WHERE doctor_id = ? AND work_day = ?]
2026-01-04 15:58:42 [http-nio-8080-exec-9] DEBUG o.s.jdbc.datasource.DataSourceUtils - Fetching JDBC Connection from DataSource
2026-01-04 15:58:42 [http-nio-8080-exec-9] DEBUG o.s.jdbc.core.JdbcTemplate - Executing prepared SQL query
2026-01-04 15:58:42 [http-nio-8080-exec-9] DEBUG o.s.jdbc.core.JdbcTemplate - Executing prepared SQL statement [SELECT COUNT(*) FROM schedules WHERE doctor_id = ? AND work_day = ?]
2026-01-04 15:58:42 [http-nio-8080-exec-9] DEBUG o.s.jdbc.datasource.DataSourceUtils - Fetching JDBC Connection from DataSource
2026-01-04 15:58:42 [http-nio-8080-exec-9] DEBUG o.s.jdbc.core.JdbcTemplate - Executing prepared SQL query
2026-01-04 15:58:42 [http-nio-8080-exec-9] DEBUG o.s.jdbc.core.JdbcTemplate - Executing prepared SQL statement [SELECT COUNT(*) FROM schedules WHERE doctor_id = ? AND work_day = ?]
2026-01-04 15:58:42 [http-nio-8080-exec-9] DEBUG o.s.jdbc.datasource.DataSourceUtils - Fetching JDBC Connection from DataSource
2026-01-04 15:58:42 [http-nio-8080-exec-9] DEBUG o.s.jdbc.core.JdbcTemplate - Executing prepared SQL query
2026-01-04 15:58:42 [http-nio-8080-exec-9] DEBUG o.s.jdbc.core.JdbcTemplate - Executing prepared SQL statement [SELECT COUNT(*) FROM schedules WHERE doctor_id = ? AND work_day = ?]
2026-01-04 15:58:42 [http-nio-8080-exec-9] DEBUG o.s.jdbc.datasource.DataSourceUtils - Fetching JDBC Connection from DataSource
2026-01-04 15:58:42 [http-nio-8080-exec-9] DEBUG o.s.jdbc.core.JdbcTemplate - Executing prepared SQL query
2026-01-04 15:58:42 [http-nio-8080-exec-9] DEBUG o.s.jdbc.core.JdbcTemplate - Executing prepared SQL statement [SELECT COUNT(*) FROM schedules WHERE doctor_id = ? AND work_day = ?]
2026-01-04 15:58:42 [http-nio-8080-exec-9] DEBUG o.s.jdbc.datasource.DataSourceUtils - Fetching JDBC Connection from DataSource
2026-01-04 15:58:42 [http-nio-8080-exec-9] DEBUG o.s.jdbc.core.JdbcTemplate - Executing prepared SQL query
2026-01-04 15:58:42 [http-nio-8080-exec-9] DEBUG o.s.jdbc.core.JdbcTemplate - Executing prepared SQL statement [SELECT COUNT(*) FROM schedules WHERE doctor_id = ? AND work_day = ?]
2026-01-04 15:58:42 [http-nio-8080-exec-9] DEBUG o.s.jdbc.datasource.DataSourceUtils - Fetching JDBC Connection from DataSource
2026-01-04 15:58:42 [http-nio-8080-exec-9] DEBUG o.s.jdbc.core.JdbcTemplate - Executing prepared SQL query
2026-01-04 15:58:42 [http-nio-8080-exec-9] DEBUG o.s.jdbc.core.JdbcTemplate - Executing prepared SQL statement [SELECT COUNT(*) FROM schedules WHERE doctor_id = ? AND work_day = ?]
2026-01-04 15:58:42 [http-nio-8080-exec-9] DEBUG o.s.jdbc.datasource.DataSourceUtils - Fetching JDBC Connection from DataSource
2026-01-04 15:58:42 [http-nio-8080-exec-9] DEBUG o.s.jdbc.core.JdbcTemplate - Executing prepared SQL query
2026-01-04 15:58:42 [http-nio-8080-exec-9] DEBUG o.s.jdbc.core.JdbcTemplate - Executing prepared SQL statement [SELECT COUNT(*) FROM schedules WHERE doctor_id = ? AND work_day = ?]
2026-01-04 15:58:42 [http-nio-8080-exec-9] DEBUG o.s.jdbc.datasource.DataSourceUtils - Fetching JDBC Connection from DataSource
2026-01-04 15:58:42 [http-nio-8080-exec-9] DEBUG o.s.jdbc.core.JdbcTemplate - Executing prepared SQL query
2026-01-04 15:58:42 [http-nio-8080-exec-9] DEBUG o.s.jdbc.core.JdbcTemplate - Executing prepared SQL statement [SELECT COUNT(*) FROM schedules WHERE doctor_id = ? AND work_day = ?]
2026-01-04 15:58:42 [http-nio-8080-exec-9] DEBUG o.s.jdbc.datasource.DataSourceUtils - Fetching JDBC Connection from DataSource
2026-01-04 15:58:42 [http-nio-8080-exec-9] DEBUG o.s.jdbc.core.JdbcTemplate - Executing prepared SQL query
2026-01-04 15:58:42 [http-nio-8080-exec-9] DEBUG o.s.jdbc.core.JdbcTemplate - Executing prepared SQL statement [SELECT COUNT(*) FROM schedules WHERE doctor_id = ? AND work_day = ?]
2026-01-04 15:58:42 [http-nio-8080-exec-9] DEBUG o.s.jdbc.datasource.DataSourceUtils - Fetching JDBC Connection from DataSource
2026-01-04 15:58:42 [http-nio-8080-exec-9] DEBUG o.s.jdbc.core.JdbcTemplate - Executing prepared SQL query
2026-01-04 15:58:42 [http-nio-8080-exec-9] DEBUG o.s.jdbc.core.JdbcTemplate - Executing prepared SQL statement [SELECT COUNT(*) FROM schedules WHERE doctor_id = ? AND work_day = ?]
2026-01-04 15:58:42 [http-nio-8080-exec-9] DEBUG o.s.jdbc.datasource.DataSourceUtils - Fetching JDBC Connection from DataSource
2026-01-04 15:58:42 [http-nio-8080-exec-9] DEBUG o.s.jdbc.core.JdbcTemplate - Executing prepared SQL query
2026-01-04 15:58:42 [http-nio-8080-exec-9] DEBUG o.s.jdbc.core.JdbcTemplate - Executing prepared SQL statement [SELECT COUNT(*) FROM schedules WHERE doctor_id = ? AND work_day = ?]
2026-01-04 15:58:42 [http-nio-8080-exec-9] DEBUG o.s.jdbc.datasource.DataSourceUtils - Fetching JDBC Connection from DataSource
2026-01-04 15:58:42 [http-nio-8080-exec-9] DEBUG o.s.jdbc.core.JdbcTemplate - Executing prepared SQL query
2026-01-04 15:58:42 [http-nio-8080-exec-9] DEBUG o.s.jdbc.core.JdbcTemplate - Executing prepared SQL statement [SELECT COUNT(*) FROM schedules WHERE doctor_id = ? AND work_day = ?]
2026-01-04 15:58:42 [http-nio-8080-exec-9] DEBUG o.s.jdbc.datasource.DataSourceUtils - Fetching JDBC Connection from DataSource
2026-01-04 15:58:42 [http-nio-8080-exec-9] DEBUG o.s.jdbc.core.JdbcTemplate - Executing prepared SQL query
2026-01-04 15:58:42 [http-nio-8080-exec-9] DEBUG o.s.jdbc.core.JdbcTemplate - Executing prepared SQL statement [SELECT COUNT(*) FROM schedules WHERE doctor_id = ? AND work_day = ?]
2026-01-04 15:58:42 [http-nio-8080-exec-9] DEBUG o.s.jdbc.datasource.DataSourceUtils - Fetching JDBC Connection from DataSource
2026-01-04 15:58:42 [http-nio-8080-exec-9] DEBUG o.s.jdbc.core.JdbcTemplate - Executing prepared SQL query
2026-01-04 15:58:42 [http-nio-8080-exec-9] DEBUG o.s.jdbc.core.JdbcTemplate - Executing prepared SQL statement [SELECT COUNT(*) FROM schedules WHERE doctor_id = ? AND work_day = ?]
2026-01-04 15:58:42 [http-nio-8080-exec-9] DEBUG o.s.jdbc.datasource.DataSourceUtils - Fetching JDBC Connection from DataSource
2026-01-04 15:58:42 [http-nio-8080-exec-9] DEBUG o.s.jdbc.core.JdbcTemplate - Executing prepared SQL query
2026-01-04 15:58:42 [http-nio-8080-exec-9] DEBUG o.s.jdbc.core.JdbcTemplate - Executing prepared SQL statement [SELECT COUNT(*) FROM schedules WHERE doctor_id = ? AND work_day = ?]
2026-01-04 15:58:42 [http-nio-8080-exec-9] DEBUG o.s.jdbc.datasource.DataSourceUtils - Fetching JDBC Connection from DataSource
2026-01-04 15:58:42 [http-nio-8080-exec-9] DEBUG o.s.jdbc.core.JdbcTemplate - Executing prepared SQL query
2026-01-04 15:58:42 [http-nio-8080-exec-9] DEBUG o.s.jdbc.core.JdbcTemplate - Executing prepared SQL statement [SELECT COUNT(*) FROM schedules WHERE doctor_id = ? AND work_day = ?]
2026-01-04 15:58:42 [http-nio-8080-exec-9] DEBUG o.s.jdbc.datasource.DataSourceUtils - Fetching JDBC Connection from DataSource
2026-01-04 15:58:42 [http-nio-8080-exec-9] DEBUG org.hibernate.SQL - 
    select
        d1_0.dept_id,
        d1_0.dept_code,
        d1_0.dept_name,
        d1_0.dept_type,
        d1_0.director_id,
        d1_0.introduction 
    from
        departments d1_0 
    where
        d1_0.dept_id=?
2026-01-04 15:58:42 [http-nio-8080-exec-9] TRACE org.hibernate.orm.jdbc.bind - binding parameter (1:INTEGER) <- [14]
2026-01-04 15:58:42 [http-nio-8080-exec-9] DEBUG o.s.jdbc.core.JdbcTemplate - Executing prepared SQL query
2026-01-04 15:58:42 [http-nio-8080-exec-9] DEBUG o.s.jdbc.core.JdbcTemplate - Executing prepared SQL statement [SELECT COUNT(*) FROM schedules WHERE doctor_id = ? AND work_day = ?]
2026-01-04 15:58:42 [http-nio-8080-exec-9] DEBUG o.s.jdbc.datasource.DataSourceUtils - Fetching JDBC Connection from DataSource
2026-01-04 15:58:42 [http-nio-8080-exec-9] DEBUG o.s.jdbc.core.JdbcTemplate - Executing prepared SQL query
2026-01-04 15:58:42 [http-nio-8080-exec-9] DEBUG o.s.jdbc.core.JdbcTemplate - Executing prepared SQL statement [SELECT COUNT(*) FROM schedules WHERE doctor_id = ? AND work_day = ?]
2026-01-04 15:58:42 [http-nio-8080-exec-9] DEBUG o.s.jdbc.datasource.DataSourceUtils - Fetching JDBC Connection from DataSource
2026-01-04 15:58:42 [http-nio-8080-exec-9] DEBUG o.s.jdbc.core.JdbcTemplate - Executing prepared SQL query
2026-01-04 15:58:42 [http-nio-8080-exec-9] DEBUG o.s.jdbc.core.JdbcTemplate - Executing prepared SQL statement [SELECT COUNT(*) FROM schedules WHERE doctor_id = ? AND work_day = ?]
2026-01-04 15:58:42 [http-nio-8080-exec-9] DEBUG o.s.jdbc.datasource.DataSourceUtils - Fetching JDBC Connection from DataSource
2026-01-04 15:58:42 [http-nio-8080-exec-9] DEBUG o.s.jdbc.core.JdbcTemplate - Executing prepared SQL query
2026-01-04 15:58:42 [http-nio-8080-exec-9] DEBUG o.s.jdbc.core.JdbcTemplate - Executing prepared SQL statement [SELECT COUNT(*) FROM schedules WHERE doctor_id = ? AND work_day = ?]
2026-01-04 15:58:42 [http-nio-8080-exec-9] DEBUG o.s.jdbc.datasource.DataSourceUtils - Fetching JDBC Connection from DataSource
2026-01-04 15:58:42 [http-nio-8080-exec-9] DEBUG o.s.jdbc.core.JdbcTemplate - Executing prepared SQL query
2026-01-04 15:58:42 [http-nio-8080-exec-9] DEBUG o.s.jdbc.core.JdbcTemplate - Executing prepared SQL statement [SELECT COUNT(*) FROM schedules WHERE doctor_id = ? AND work_day = ?]
2026-01-04 15:58:42 [http-nio-8080-exec-9] DEBUG o.s.jdbc.datasource.DataSourceUtils - Fetching JDBC Connection from DataSource
2026-01-04 15:58:42 [http-nio-8080-exec-9] DEBUG o.s.jdbc.core.JdbcTemplate - Executing prepared SQL query
2026-01-04 15:58:42 [http-nio-8080-exec-9] DEBUG o.s.jdbc.core.JdbcTemplate - Executing prepared SQL statement [SELECT COUNT(*) FROM schedules WHERE doctor_id = ? AND work_day = ?]
2026-01-04 15:58:42 [http-nio-8080-exec-9] DEBUG o.s.jdbc.datasource.DataSourceUtils - Fetching JDBC Connection from DataSource
2026-01-04 15:58:42 [http-nio-8080-exec-9] DEBUG o.s.jdbc.core.JdbcTemplate - Executing prepared SQL query
2026-01-04 15:58:42 [http-nio-8080-exec-9] DEBUG o.s.jdbc.core.JdbcTemplate - Executing prepared SQL statement [SELECT COUNT(*) FROM schedules WHERE doctor_id = ? AND work_day = ?]
2026-01-04 15:58:42 [http-nio-8080-exec-9] DEBUG o.s.jdbc.datasource.DataSourceUtils - Fetching JDBC Connection from DataSource
2026-01-04 15:58:42 [http-nio-8080-exec-9] DEBUG o.s.jdbc.core.JdbcTemplate - Executing prepared SQL query
2026-01-04 15:58:42 [http-nio-8080-exec-9] DEBUG o.s.jdbc.core.JdbcTemplate - Executing prepared SQL statement [SELECT COUNT(*) FROM schedules WHERE doctor_id = ? AND work_day = ?]
2026-01-04 15:58:42 [http-nio-8080-exec-9] DEBUG o.s.jdbc.datasource.DataSourceUtils - Fetching JDBC Connection from DataSource
2026-01-04 15:58:42 [http-nio-8080-exec-9] DEBUG o.s.jdbc.core.JdbcTemplate - Executing prepared SQL query
2026-01-04 15:58:42 [http-nio-8080-exec-9] DEBUG o.s.jdbc.core.JdbcTemplate - Executing prepared SQL statement [SELECT COUNT(*) FROM schedules WHERE doctor_id = ? AND work_day = ?]
2026-01-04 15:58:42 [http-nio-8080-exec-9] DEBUG o.s.jdbc.datasource.DataSourceUtils - Fetching JDBC Connection from DataSource
2026-01-04 15:58:42 [http-nio-8080-exec-9] DEBUG o.s.jdbc.core.JdbcTemplate - Executing prepared SQL query
2026-01-04 15:58:42 [http-nio-8080-exec-9] DEBUG o.s.jdbc.core.JdbcTemplate - Executing prepared SQL statement [SELECT COUNT(*) FROM schedules WHERE doctor_id = ? AND work_day = ?]
2026-01-04 15:58:42 [http-nio-8080-exec-9] DEBUG o.s.jdbc.datasource.DataSourceUtils - Fetching JDBC Connection from DataSource
2026-01-04 15:58:42 [http-nio-8080-exec-9] DEBUG o.s.jdbc.core.JdbcTemplate - Executing prepared SQL query
2026-01-04 15:58:42 [http-nio-8080-exec-9] DEBUG o.s.jdbc.core.JdbcTemplate - Executing prepared SQL statement [SELECT COUNT(*) FROM schedules WHERE doctor_id = ? AND work_day = ?]
2026-01-04 15:58:42 [http-nio-8080-exec-9] DEBUG o.s.jdbc.datasource.DataSourceUtils - Fetching JDBC Connection from DataSource
2026-01-04 15:58:42 [http-nio-8080-exec-9] DEBUG o.s.jdbc.core.JdbcTemplate - Executing prepared SQL query
2026-01-04 15:58:42 [http-nio-8080-exec-9] DEBUG o.s.jdbc.core.JdbcTemplate - Executing prepared SQL statement [SELECT COUNT(*) FROM schedules WHERE doctor_id = ? AND work_day = ?]
2026-01-04 15:58:42 [http-nio-8080-exec-9] DEBUG o.s.jdbc.datasource.DataSourceUtils - Fetching JDBC Connection from DataSource
2026-01-04 15:58:42 [http-nio-8080-exec-9] DEBUG o.s.jdbc.core.JdbcTemplate - Executing prepared SQL query
2026-01-04 15:58:42 [http-nio-8080-exec-9] DEBUG o.s.jdbc.core.JdbcTemplate - Executing prepared SQL statement [SELECT COUNT(*) FROM schedules WHERE doctor_id = ? AND work_day = ?]
2026-01-04 15:58:42 [http-nio-8080-exec-9] DEBUG o.s.jdbc.datasource.DataSourceUtils - Fetching JDBC Connection from DataSource
2026-01-04 15:58:42 [http-nio-8080-exec-9] DEBUG o.s.jdbc.core.JdbcTemplate - Executing prepared SQL query
2026-01-04 15:58:42 [http-nio-8080-exec-9] DEBUG o.s.jdbc.core.JdbcTemplate - Executing prepared SQL statement [SELECT COUNT(*) FROM schedules WHERE doctor_id = ? AND work_day = ?]
2026-01-04 15:58:42 [http-nio-8080-exec-9] DEBUG o.s.jdbc.datasource.DataSourceUtils - Fetching JDBC Connection from DataSource
2026-01-04 15:58:42 [http-nio-8080-exec-9] DEBUG o.s.jdbc.core.JdbcTemplate - Executing prepared SQL query
2026-01-04 15:58:42 [http-nio-8080-exec-9] DEBUG o.s.jdbc.core.JdbcTemplate - Executing prepared SQL statement [SELECT COUNT(*) FROM schedules WHERE doctor_id = ? AND work_day = ?]
2026-01-04 15:58:42 [http-nio-8080-exec-9] DEBUG o.s.jdbc.datasource.DataSourceUtils - Fetching JDBC Connection from DataSource
2026-01-04 15:58:42 [http-nio-8080-exec-9] DEBUG o.s.jdbc.core.JdbcTemplate - Executing prepared SQL query
2026-01-04 15:58:42 [http-nio-8080-exec-9] DEBUG o.s.jdbc.core.JdbcTemplate - Executing prepared SQL statement [SELECT COUNT(*) FROM schedules WHERE doctor_id = ? AND work_day = ?]
2026-01-04 15:58:42 [http-nio-8080-exec-9] DEBUG o.s.jdbc.datasource.DataSourceUtils - Fetching JDBC Connection from DataSource
2026-01-04 15:58:42 [http-nio-8080-exec-9] DEBUG o.s.jdbc.core.JdbcTemplate - Executing prepared SQL query
2026-01-04 15:58:42 [http-nio-8080-exec-9] DEBUG o.s.jdbc.core.JdbcTemplate - Executing prepared SQL statement [SELECT COUNT(*) FROM schedules WHERE doctor_id = ? AND work_day = ?]
2026-01-04 15:58:42 [http-nio-8080-exec-9] DEBUG o.s.jdbc.datasource.DataSourceUtils - Fetching JDBC Connection from DataSource
2026-01-04 15:58:42 [http-nio-8080-exec-9] DEBUG org.hibernate.SQL - 
    select
        d1_0.dept_id,
        d1_0.dept_code,
        d1_0.dept_name,
        d1_0.dept_type,
        d1_0.director_id,
        d1_0.introduction 
    from
        departments d1_0 
    where
        d1_0.dept_id=?
2026-01-04 15:58:42 [http-nio-8080-exec-9] TRACE org.hibernate.orm.jdbc.bind - binding parameter (1:INTEGER) <- [15]
2026-01-04 15:58:42 [http-nio-8080-exec-9] DEBUG o.s.jdbc.core.JdbcTemplate - Executing prepared SQL query
2026-01-04 15:58:42 [http-nio-8080-exec-9] DEBUG o.s.jdbc.core.JdbcTemplate - Executing prepared SQL statement [SELECT COUNT(*) FROM schedules WHERE doctor_id = ? AND work_day = ?]
2026-01-04 15:58:42 [http-nio-8080-exec-9] DEBUG o.s.jdbc.datasource.DataSourceUtils - Fetching JDBC Connection from DataSource
2026-01-04 15:58:42 [http-nio-8080-exec-9] DEBUG o.s.jdbc.core.JdbcTemplate - Executing prepared SQL query
2026-01-04 15:58:42 [http-nio-8080-exec-9] DEBUG o.s.jdbc.core.JdbcTemplate - Executing prepared SQL statement [SELECT COUNT(*) FROM schedules WHERE doctor_id = ? AND work_day = ?]
2026-01-04 15:58:42 [http-nio-8080-exec-9] DEBUG o.s.jdbc.datasource.DataSourceUtils - Fetching JDBC Connection from DataSource
2026-01-04 15:58:42 [http-nio-8080-exec-9] DEBUG o.s.jdbc.core.JdbcTemplate - Executing prepared SQL query
2026-01-04 15:58:42 [http-nio-8080-exec-9] DEBUG o.s.jdbc.core.JdbcTemplate - Executing prepared SQL statement [SELECT COUNT(*) FROM schedules WHERE doctor_id = ? AND work_day = ?]
2026-01-04 15:58:42 [http-nio-8080-exec-9] DEBUG o.s.jdbc.datasource.DataSourceUtils - Fetching JDBC Connection from DataSource
2026-01-04 15:58:42 [http-nio-8080-exec-9] DEBUG o.s.jdbc.core.JdbcTemplate - Executing prepared SQL query
2026-01-04 15:58:42 [http-nio-8080-exec-9] DEBUG o.s.jdbc.core.JdbcTemplate - Executing prepared SQL statement [SELECT COUNT(*) FROM schedules WHERE doctor_id = ? AND work_day = ?]
2026-01-04 15:58:42 [http-nio-8080-exec-9] DEBUG o.s.jdbc.datasource.DataSourceUtils - Fetching JDBC Connection from DataSource
2026-01-04 15:58:42 [http-nio-8080-exec-9] DEBUG o.s.jdbc.core.JdbcTemplate - Executing prepared SQL query
2026-01-04 15:58:42 [http-nio-8080-exec-9] DEBUG o.s.jdbc.core.JdbcTemplate - Executing prepared SQL statement [SELECT COUNT(*) FROM schedules WHERE doctor_id = ? AND work_day = ?]
2026-01-04 15:58:42 [http-nio-8080-exec-9] DEBUG o.s.jdbc.datasource.DataSourceUtils - Fetching JDBC Connection from DataSource
2026-01-04 15:58:42 [http-nio-8080-exec-9] DEBUG o.s.jdbc.core.JdbcTemplate - Executing prepared SQL query
2026-01-04 15:58:42 [http-nio-8080-exec-9] DEBUG o.s.jdbc.core.JdbcTemplate - Executing prepared SQL statement [SELECT COUNT(*) FROM schedules WHERE doctor_id = ? AND work_day = ?]
2026-01-04 15:58:42 [http-nio-8080-exec-9] DEBUG o.s.jdbc.datasource.DataSourceUtils - Fetching JDBC Connection from DataSource
2026-01-04 15:58:42 [http-nio-8080-exec-9] DEBUG o.s.jdbc.core.JdbcTemplate - Executing prepared SQL query
2026-01-04 15:58:42 [http-nio-8080-exec-9] DEBUG o.s.jdbc.core.JdbcTemplate - Executing prepared SQL statement [SELECT COUNT(*) FROM schedules WHERE doctor_id = ? AND work_day = ?]
2026-01-04 15:58:42 [http-nio-8080-exec-9] DEBUG o.s.jdbc.datasource.DataSourceUtils - Fetching JDBC Connection from DataSource
2026-01-04 15:58:42 [http-nio-8080-exec-9] DEBUG o.s.jdbc.core.JdbcTemplate - Executing prepared SQL query
2026-01-04 15:58:42 [http-nio-8080-exec-9] DEBUG o.s.jdbc.core.JdbcTemplate - Executing prepared SQL statement [SELECT COUNT(*) FROM schedules WHERE doctor_id = ? AND work_day = ?]
2026-01-04 15:58:42 [http-nio-8080-exec-9] DEBUG o.s.jdbc.datasource.DataSourceUtils - Fetching JDBC Connection from DataSource
2026-01-04 15:58:42 [http-nio-8080-exec-9] DEBUG o.s.jdbc.core.JdbcTemplate - Executing prepared SQL query
2026-01-04 15:58:42 [http-nio-8080-exec-9] DEBUG o.s.jdbc.core.JdbcTemplate - Executing prepared SQL statement [SELECT COUNT(*) FROM schedules WHERE doctor_id = ? AND work_day = ?]
2026-01-04 15:58:42 [http-nio-8080-exec-9] DEBUG o.s.jdbc.datasource.DataSourceUtils - Fetching JDBC Connection from DataSource
2026-01-04 15:58:42 [http-nio-8080-exec-9] DEBUG o.s.jdbc.core.JdbcTemplate - Executing prepared SQL query
2026-01-04 15:58:42 [http-nio-8080-exec-9] DEBUG o.s.jdbc.core.JdbcTemplate - Executing prepared SQL statement [SELECT COUNT(*) FROM schedules WHERE doctor_id = ? AND work_day = ?]
2026-01-04 15:58:42 [http-nio-8080-exec-9] DEBUG o.s.jdbc.datasource.DataSourceUtils - Fetching JDBC Connection from DataSource
2026-01-04 15:58:42 [http-nio-8080-exec-9] DEBUG o.s.jdbc.core.JdbcTemplate - Executing prepared SQL query
2026-01-04 15:58:42 [http-nio-8080-exec-9] DEBUG o.s.jdbc.core.JdbcTemplate - Executing prepared SQL statement [SELECT COUNT(*) FROM schedules WHERE doctor_id = ? AND work_day = ?]
2026-01-04 15:58:42 [http-nio-8080-exec-9] DEBUG o.s.jdbc.datasource.DataSourceUtils - Fetching JDBC Connection from DataSource
2026-01-04 15:58:42 [http-nio-8080-exec-9] DEBUG o.s.jdbc.core.JdbcTemplate - Executing prepared SQL query
2026-01-04 15:58:42 [http-nio-8080-exec-9] DEBUG o.s.jdbc.core.JdbcTemplate - Executing prepared SQL statement [SELECT COUNT(*) FROM schedules WHERE doctor_id = ? AND work_day = ?]
2026-01-04 15:58:42 [http-nio-8080-exec-9] DEBUG o.s.jdbc.datasource.DataSourceUtils - Fetching JDBC Connection from DataSource
2026-01-04 15:58:42 [http-nio-8080-exec-9] DEBUG o.s.jdbc.core.JdbcTemplate - Executing prepared SQL query
2026-01-04 15:58:42 [http-nio-8080-exec-9] DEBUG o.s.jdbc.core.JdbcTemplate - Executing prepared SQL statement [SELECT COUNT(*) FROM schedules WHERE doctor_id = ? AND work_day = ?]
2026-01-04 15:58:42 [http-nio-8080-exec-9] DEBUG o.s.jdbc.datasource.DataSourceUtils - Fetching JDBC Connection from DataSource
2026-01-04 15:58:42 [http-nio-8080-exec-9] DEBUG o.s.jdbc.core.JdbcTemplate - Executing prepared SQL query
2026-01-04 15:58:42 [http-nio-8080-exec-9] DEBUG o.s.jdbc.core.JdbcTemplate - Executing prepared SQL statement [SELECT COUNT(*) FROM schedules WHERE doctor_id = ? AND work_day = ?]
2026-01-04 15:58:42 [http-nio-8080-exec-9] DEBUG o.s.jdbc.datasource.DataSourceUtils - Fetching JDBC Connection from DataSource
2026-01-04 15:58:42 [http-nio-8080-exec-9] DEBUG o.s.jdbc.core.JdbcTemplate - Executing prepared SQL query
2026-01-04 15:58:42 [http-nio-8080-exec-9] DEBUG o.s.jdbc.core.JdbcTemplate - Executing prepared SQL statement [SELECT COUNT(*) FROM schedules WHERE doctor_id = ? AND work_day = ?]
2026-01-04 15:58:42 [http-nio-8080-exec-9] DEBUG o.s.jdbc.datasource.DataSourceUtils - Fetching JDBC Connection from DataSource
2026-01-04 15:58:42 [http-nio-8080-exec-9] DEBUG o.s.jdbc.core.JdbcTemplate - Executing prepared SQL query
2026-01-04 15:58:42 [http-nio-8080-exec-9] DEBUG o.s.jdbc.core.JdbcTemplate - Executing prepared SQL statement [SELECT COUNT(*) FROM schedules WHERE doctor_id = ? AND work_day = ?]
2026-01-04 15:58:42 [http-nio-8080-exec-9] DEBUG o.s.jdbc.datasource.DataSourceUtils - Fetching JDBC Connection from DataSource
2026-01-04 15:58:42 [http-nio-8080-exec-9] DEBUG o.s.jdbc.core.JdbcTemplate - Executing prepared SQL query
2026-01-04 15:58:42 [http-nio-8080-exec-9] DEBUG o.s.jdbc.core.JdbcTemplate - Executing prepared SQL statement [SELECT COUNT(*) FROM schedules WHERE doctor_id = ? AND work_day = ?]
2026-01-04 15:58:42 [http-nio-8080-exec-9] DEBUG o.s.jdbc.datasource.DataSourceUtils - Fetching JDBC Connection from DataSource
2026-01-04 15:58:42 [http-nio-8080-exec-9] DEBUG o.s.jdbc.core.JdbcTemplate - Executing prepared SQL query
2026-01-04 15:58:42 [http-nio-8080-exec-9] DEBUG o.s.jdbc.core.JdbcTemplate - Executing prepared SQL statement [SELECT COUNT(*) FROM schedules WHERE doctor_id = ? AND work_day = ?]
2026-01-04 15:58:42 [http-nio-8080-exec-9] DEBUG o.s.jdbc.datasource.DataSourceUtils - Fetching JDBC Connection from DataSource
2026-01-04 15:58:42 [http-nio-8080-exec-9] DEBUG o.s.jdbc.core.JdbcTemplate - Executing prepared SQL query
2026-01-04 15:58:42 [http-nio-8080-exec-9] DEBUG o.s.jdbc.core.JdbcTemplate - Executing prepared SQL statement [SELECT COUNT(*) FROM schedules WHERE doctor_id = ? AND work_day = ?]
2026-01-04 15:58:42 [http-nio-8080-exec-9] DEBUG o.s.jdbc.datasource.DataSourceUtils - Fetching JDBC Connection from DataSource
2026-01-04 15:58:42 [http-nio-8080-exec-9] DEBUG org.hibernate.SQL - 
    select
        d1_0.dept_id,
        d1_0.dept_code,
        d1_0.dept_name,
        d1_0.dept_type,
        d1_0.director_id,
        d1_0.introduction 
    from
        departments d1_0 
    where
        d1_0.dept_id=?
2026-01-04 15:58:42 [http-nio-8080-exec-9] TRACE org.hibernate.orm.jdbc.bind - binding parameter (1:INTEGER) <- [16]
2026-01-04 15:58:42 [http-nio-8080-exec-9] DEBUG o.s.jdbc.core.JdbcTemplate - Executing prepared SQL query
2026-01-04 15:58:42 [http-nio-8080-exec-9] DEBUG o.s.jdbc.core.JdbcTemplate - Executing prepared SQL statement [SELECT COUNT(*) FROM schedules WHERE doctor_id = ? AND work_day = ?]
2026-01-04 15:58:42 [http-nio-8080-exec-9] DEBUG o.s.jdbc.datasource.DataSourceUtils - Fetching JDBC Connection from DataSource
2026-01-04 15:58:42 [http-nio-8080-exec-9] DEBUG o.s.jdbc.core.JdbcTemplate - Executing prepared SQL query
2026-01-04 15:58:42 [http-nio-8080-exec-9] DEBUG o.s.jdbc.core.JdbcTemplate - Executing prepared SQL statement [SELECT COUNT(*) FROM schedules WHERE doctor_id = ? AND work_day = ?]
2026-01-04 15:58:42 [http-nio-8080-exec-9] DEBUG o.s.jdbc.datasource.DataSourceUtils - Fetching JDBC Connection from DataSource
2026-01-04 15:58:42 [http-nio-8080-exec-9] DEBUG o.s.jdbc.core.JdbcTemplate - Executing prepared SQL query
2026-01-04 15:58:42 [http-nio-8080-exec-9] DEBUG o.s.jdbc.core.JdbcTemplate - Executing prepared SQL statement [SELECT COUNT(*) FROM schedules WHERE doctor_id = ? AND work_day = ?]
2026-01-04 15:58:42 [http-nio-8080-exec-9] DEBUG o.s.jdbc.datasource.DataSourceUtils - Fetching JDBC Connection from DataSource
2026-01-04 15:58:42 [http-nio-8080-exec-9] DEBUG o.s.jdbc.core.JdbcTemplate - Executing prepared SQL query
2026-01-04 15:58:42 [http-nio-8080-exec-9] DEBUG o.s.jdbc.core.JdbcTemplate - Executing prepared SQL statement [SELECT COUNT(*) FROM schedules WHERE doctor_id = ? AND work_day = ?]
2026-01-04 15:58:42 [http-nio-8080-exec-9] DEBUG o.s.jdbc.datasource.DataSourceUtils - Fetching JDBC Connection from DataSource
2026-01-04 15:58:42 [http-nio-8080-exec-9] DEBUG o.s.jdbc.core.JdbcTemplate - Executing prepared SQL query
2026-01-04 15:58:42 [http-nio-8080-exec-9] DEBUG o.s.jdbc.core.JdbcTemplate - Executing prepared SQL statement [SELECT COUNT(*) FROM schedules WHERE doctor_id = ? AND work_day = ?]
2026-01-04 15:58:42 [http-nio-8080-exec-9] DEBUG o.s.jdbc.datasource.DataSourceUtils - Fetching JDBC Connection from DataSource
2026-01-04 15:58:42 [http-nio-8080-exec-9] DEBUG o.s.jdbc.core.JdbcTemplate - Executing prepared SQL query
2026-01-04 15:58:42 [http-nio-8080-exec-9] DEBUG o.s.jdbc.core.JdbcTemplate - Executing prepared SQL statement [SELECT COUNT(*) FROM schedules WHERE doctor_id = ? AND work_day = ?]
2026-01-04 15:58:42 [http-nio-8080-exec-9] DEBUG o.s.jdbc.datasource.DataSourceUtils - Fetching JDBC Connection from DataSource
2026-01-04 15:58:42 [http-nio-8080-exec-9] DEBUG o.s.jdbc.core.JdbcTemplate - Executing prepared SQL query
2026-01-04 15:58:42 [http-nio-8080-exec-9] DEBUG o.s.jdbc.core.JdbcTemplate - Executing prepared SQL statement [SELECT COUNT(*) FROM schedules WHERE doctor_id = ? AND work_day = ?]
2026-01-04 15:58:42 [http-nio-8080-exec-9] DEBUG o.s.jdbc.datasource.DataSourceUtils - Fetching JDBC Connection from DataSource
2026-01-04 15:58:42 [http-nio-8080-exec-9] DEBUG o.s.jdbc.core.JdbcTemplate - Executing prepared SQL query
2026-01-04 15:58:42 [http-nio-8080-exec-9] DEBUG o.s.jdbc.core.JdbcTemplate - Executing prepared SQL statement [SELECT COUNT(*) FROM schedules WHERE doctor_id = ? AND work_day = ?]
2026-01-04 15:58:42 [http-nio-8080-exec-9] DEBUG o.s.jdbc.datasource.DataSourceUtils - Fetching JDBC Connection from DataSource
2026-01-04 15:58:42 [http-nio-8080-exec-9] DEBUG o.s.jdbc.core.JdbcTemplate - Executing prepared SQL query
2026-01-04 15:58:42 [http-nio-8080-exec-9] DEBUG o.s.jdbc.core.JdbcTemplate - Executing prepared SQL statement [SELECT COUNT(*) FROM schedules WHERE doctor_id = ? AND work_day = ?]
2026-01-04 15:58:42 [http-nio-8080-exec-9] DEBUG o.s.jdbc.datasource.DataSourceUtils - Fetching JDBC Connection from DataSource
2026-01-04 15:58:42 [http-nio-8080-exec-9] DEBUG o.s.jdbc.core.JdbcTemplate - Executing prepared SQL query
2026-01-04 15:58:42 [http-nio-8080-exec-9] DEBUG o.s.jdbc.core.JdbcTemplate - Executing prepared SQL statement [SELECT COUNT(*) FROM schedules WHERE doctor_id = ? AND work_day = ?]
2026-01-04 15:58:42 [http-nio-8080-exec-9] DEBUG o.s.jdbc.datasource.DataSourceUtils - Fetching JDBC Connection from DataSource
2026-01-04 15:58:42 [http-nio-8080-exec-9] DEBUG o.s.jdbc.core.JdbcTemplate - Executing prepared SQL query
2026-01-04 15:58:42 [http-nio-8080-exec-9] DEBUG o.s.jdbc.core.JdbcTemplate - Executing prepared SQL statement [SELECT COUNT(*) FROM schedules WHERE doctor_id = ? AND work_day = ?]
2026-01-04 15:58:42 [http-nio-8080-exec-9] DEBUG o.s.jdbc.datasource.DataSourceUtils - Fetching JDBC Connection from DataSource
2026-01-04 15:58:42 [http-nio-8080-exec-9] DEBUG o.s.jdbc.core.JdbcTemplate - Executing prepared SQL query
2026-01-04 15:58:42 [http-nio-8080-exec-9] DEBUG o.s.jdbc.core.JdbcTemplate - Executing prepared SQL statement [SELECT COUNT(*) FROM schedules WHERE doctor_id = ? AND work_day = ?]
2026-01-04 15:58:42 [http-nio-8080-exec-9] DEBUG o.s.jdbc.datasource.DataSourceUtils - Fetching JDBC Connection from DataSource
2026-01-04 15:58:42 [http-nio-8080-exec-9] DEBUG o.s.jdbc.core.JdbcTemplate - Executing prepared SQL query
2026-01-04 15:58:42 [http-nio-8080-exec-9] DEBUG o.s.jdbc.core.JdbcTemplate - Executing prepared SQL statement [SELECT COUNT(*) FROM schedules WHERE doctor_id = ? AND work_day = ?]
2026-01-04 15:58:42 [http-nio-8080-exec-9] DEBUG o.s.jdbc.datasource.DataSourceUtils - Fetching JDBC Connection from DataSource
2026-01-04 15:58:42 [http-nio-8080-exec-9] DEBUG o.s.jdbc.core.JdbcTemplate - Executing prepared SQL query
2026-01-04 15:58:42 [http-nio-8080-exec-9] DEBUG o.s.jdbc.core.JdbcTemplate - Executing prepared SQL statement [SELECT COUNT(*) FROM schedules WHERE doctor_id = ? AND work_day = ?]
2026-01-04 15:58:42 [http-nio-8080-exec-9] DEBUG o.s.jdbc.datasource.DataSourceUtils - Fetching JDBC Connection from DataSource
2026-01-04 15:58:42 [http-nio-8080-exec-9] DEBUG o.s.jdbc.core.JdbcTemplate - Executing prepared SQL query
2026-01-04 15:58:42 [http-nio-8080-exec-9] DEBUG o.s.jdbc.core.JdbcTemplate - Executing prepared SQL statement [SELECT COUNT(*) FROM schedules WHERE doctor_id = ? AND work_day = ?]
2026-01-04 15:58:42 [http-nio-8080-exec-9] DEBUG o.s.jdbc.datasource.DataSourceUtils - Fetching JDBC Connection from DataSource
2026-01-04 15:58:42 [http-nio-8080-exec-9] DEBUG o.s.jdbc.core.JdbcTemplate - Executing prepared SQL query
2026-01-04 15:58:42 [http-nio-8080-exec-9] DEBUG o.s.jdbc.core.JdbcTemplate - Executing prepared SQL statement [SELECT COUNT(*) FROM schedules WHERE doctor_id = ? AND work_day = ?]
2026-01-04 15:58:42 [http-nio-8080-exec-9] DEBUG o.s.jdbc.datasource.DataSourceUtils - Fetching JDBC Connection from DataSource
2026-01-04 15:58:42 [http-nio-8080-exec-9] DEBUG org.hibernate.SQL - 
    select
        d1_0.dept_id,
        d1_0.dept_code,
        d1_0.dept_name,
        d1_0.dept_type,
        d1_0.director_id,
        d1_0.introduction 
    from
        departments d1_0 
    where
        d1_0.dept_id=?
2026-01-04 15:58:42 [http-nio-8080-exec-9] TRACE org.hibernate.orm.jdbc.bind - binding parameter (1:INTEGER) <- [17]
2026-01-04 15:58:42 [http-nio-8080-exec-9] DEBUG o.s.jdbc.core.JdbcTemplate - Executing prepared SQL query
2026-01-04 15:58:42 [http-nio-8080-exec-9] DEBUG o.s.jdbc.core.JdbcTemplate - Executing prepared SQL statement [SELECT COUNT(*) FROM schedules WHERE doctor_id = ? AND work_day = ?]
2026-01-04 15:58:42 [http-nio-8080-exec-9] DEBUG o.s.jdbc.datasource.DataSourceUtils - Fetching JDBC Connection from DataSource
2026-01-04 15:58:42 [http-nio-8080-exec-9] DEBUG o.s.jdbc.core.JdbcTemplate - Executing prepared SQL query
2026-01-04 15:58:42 [http-nio-8080-exec-9] DEBUG o.s.jdbc.core.JdbcTemplate - Executing prepared SQL statement [SELECT COUNT(*) FROM schedules WHERE doctor_id = ? AND work_day = ?]
2026-01-04 15:58:42 [http-nio-8080-exec-9] DEBUG o.s.jdbc.datasource.DataSourceUtils - Fetching JDBC Connection from DataSource
2026-01-04 15:58:42 [http-nio-8080-exec-9] DEBUG o.s.jdbc.core.JdbcTemplate - Executing prepared SQL query
2026-01-04 15:58:42 [http-nio-8080-exec-9] DEBUG o.s.jdbc.core.JdbcTemplate - Executing prepared SQL statement [SELECT COUNT(*) FROM schedules WHERE doctor_id = ? AND work_day = ?]
2026-01-04 15:58:42 [http-nio-8080-exec-9] DEBUG o.s.jdbc.datasource.DataSourceUtils - Fetching JDBC Connection from DataSource
2026-01-04 15:58:42 [http-nio-8080-exec-9] DEBUG o.s.jdbc.core.JdbcTemplate - Executing prepared SQL query
2026-01-04 15:58:42 [http-nio-8080-exec-9] DEBUG o.s.jdbc.core.JdbcTemplate - Executing prepared SQL statement [SELECT COUNT(*) FROM schedules WHERE doctor_id = ? AND work_day = ?]
2026-01-04 15:58:42 [http-nio-8080-exec-9] DEBUG o.s.jdbc.datasource.DataSourceUtils - Fetching JDBC Connection from DataSource
2026-01-04 15:58:42 [http-nio-8080-exec-9] DEBUG o.s.jdbc.core.JdbcTemplate - Executing prepared SQL query
2026-01-04 15:58:42 [http-nio-8080-exec-9] DEBUG o.s.jdbc.core.JdbcTemplate - Executing prepared SQL statement [SELECT COUNT(*) FROM schedules WHERE doctor_id = ? AND work_day = ?]
2026-01-04 15:58:42 [http-nio-8080-exec-9] DEBUG o.s.jdbc.datasource.DataSourceUtils - Fetching JDBC Connection from DataSource
2026-01-04 15:58:42 [http-nio-8080-exec-9] DEBUG o.s.jdbc.core.JdbcTemplate - Executing prepared SQL query
2026-01-04 15:58:42 [http-nio-8080-exec-9] DEBUG o.s.jdbc.core.JdbcTemplate - Executing prepared SQL statement [SELECT COUNT(*) FROM schedules WHERE doctor_id = ? AND work_day = ?]
2026-01-04 15:58:42 [http-nio-8080-exec-9] DEBUG o.s.jdbc.datasource.DataSourceUtils - Fetching JDBC Connection from DataSource
2026-01-04 15:58:42 [http-nio-8080-exec-9] DEBUG o.s.jdbc.core.JdbcTemplate - Executing prepared SQL query
2026-01-04 15:58:42 [http-nio-8080-exec-9] DEBUG o.s.jdbc.core.JdbcTemplate - Executing prepared SQL statement [SELECT COUNT(*) FROM schedules WHERE doctor_id = ? AND work_day = ?]
2026-01-04 15:58:42 [http-nio-8080-exec-9] DEBUG o.s.jdbc.datasource.DataSourceUtils - Fetching JDBC Connection from DataSource
2026-01-04 15:58:42 [http-nio-8080-exec-9] DEBUG o.s.jdbc.core.JdbcTemplate - Executing prepared SQL query
2026-01-04 15:58:42 [http-nio-8080-exec-9] DEBUG o.s.jdbc.core.JdbcTemplate - Executing prepared SQL statement [SELECT COUNT(*) FROM schedules WHERE doctor_id = ? AND work_day = ?]
2026-01-04 15:58:42 [http-nio-8080-exec-9] DEBUG o.s.jdbc.datasource.DataSourceUtils - Fetching JDBC Connection from DataSource
2026-01-04 15:58:42 [http-nio-8080-exec-9] DEBUG o.s.jdbc.core.JdbcTemplate - Executing prepared SQL query
2026-01-04 15:58:42 [http-nio-8080-exec-9] DEBUG o.s.jdbc.core.JdbcTemplate - Executing prepared SQL statement [SELECT COUNT(*) FROM schedules WHERE doctor_id = ? AND work_day = ?]
2026-01-04 15:58:42 [http-nio-8080-exec-9] DEBUG o.s.jdbc.datasource.DataSourceUtils - Fetching JDBC Connection from DataSource
2026-01-04 15:58:42 [http-nio-8080-exec-9] DEBUG o.s.jdbc.core.JdbcTemplate - Executing prepared SQL query
2026-01-04 15:58:42 [http-nio-8080-exec-9] DEBUG o.s.jdbc.core.JdbcTemplate - Executing prepared SQL statement [SELECT COUNT(*) FROM schedules WHERE doctor_id = ? AND work_day = ?]
2026-01-04 15:58:42 [http-nio-8080-exec-9] DEBUG o.s.jdbc.datasource.DataSourceUtils - Fetching JDBC Connection from DataSource
2026-01-04 15:58:42 [http-nio-8080-exec-9] DEBUG o.s.jdbc.core.JdbcTemplate - Executing prepared SQL query
2026-01-04 15:58:42 [http-nio-8080-exec-9] DEBUG o.s.jdbc.core.JdbcTemplate - Executing prepared SQL statement [SELECT COUNT(*) FROM schedules WHERE doctor_id = ? AND work_day = ?]
2026-01-04 15:58:42 [http-nio-8080-exec-9] DEBUG o.s.jdbc.datasource.DataSourceUtils - Fetching JDBC Connection from DataSource
2026-01-04 15:58:42 [http-nio-8080-exec-9] DEBUG o.s.jdbc.core.JdbcTemplate - Executing prepared SQL query
2026-01-04 15:58:42 [http-nio-8080-exec-9] DEBUG o.s.jdbc.core.JdbcTemplate - Executing prepared SQL statement [SELECT COUNT(*) FROM schedules WHERE doctor_id = ? AND work_day = ?]
2026-01-04 15:58:42 [http-nio-8080-exec-9] DEBUG o.s.jdbc.datasource.DataSourceUtils - Fetching JDBC Connection from DataSource
2026-01-04 15:58:42 [http-nio-8080-exec-9] DEBUG o.s.jdbc.core.JdbcTemplate - Executing prepared SQL query
2026-01-04 15:58:42 [http-nio-8080-exec-9] DEBUG o.s.jdbc.core.JdbcTemplate - Executing prepared SQL statement [SELECT COUNT(*) FROM schedules WHERE doctor_id = ? AND work_day = ?]
2026-01-04 15:58:42 [http-nio-8080-exec-9] DEBUG o.s.jdbc.datasource.DataSourceUtils - Fetching JDBC Connection from DataSource
2026-01-04 15:58:42 [http-nio-8080-exec-9] DEBUG o.s.jdbc.core.JdbcTemplate - Executing prepared SQL query
2026-01-04 15:58:42 [http-nio-8080-exec-9] DEBUG o.s.jdbc.core.JdbcTemplate - Executing prepared SQL statement [SELECT COUNT(*) FROM schedules WHERE doctor_id = ? AND work_day = ?]
2026-01-04 15:58:42 [http-nio-8080-exec-9] DEBUG o.s.jdbc.datasource.DataSourceUtils - Fetching JDBC Connection from DataSource
2026-01-04 15:58:42 [http-nio-8080-exec-9] DEBUG o.s.jdbc.core.JdbcTemplate - Executing prepared SQL query
2026-01-04 15:58:42 [http-nio-8080-exec-9] DEBUG o.s.jdbc.core.JdbcTemplate - Executing prepared SQL statement [SELECT COUNT(*) FROM schedules WHERE doctor_id = ? AND work_day = ?]
2026-01-04 15:58:42 [http-nio-8080-exec-9] DEBUG o.s.jdbc.datasource.DataSourceUtils - Fetching JDBC Connection from DataSource
2026-01-04 15:58:42 [http-nio-8080-exec-9] DEBUG o.s.jdbc.core.JdbcTemplate - Executing prepared SQL query
2026-01-04 15:58:42 [http-nio-8080-exec-9] DEBUG o.s.jdbc.core.JdbcTemplate - Executing prepared SQL statement [SELECT COUNT(*) FROM schedules WHERE doctor_id = ? AND work_day = ?]
2026-01-04 15:58:42 [http-nio-8080-exec-9] DEBUG o.s.jdbc.datasource.DataSourceUtils - Fetching JDBC Connection from DataSource
2026-01-04 15:58:42 [http-nio-8080-exec-9] DEBUG o.s.jdbc.core.JdbcTemplate - Executing prepared SQL query
2026-01-04 15:58:42 [http-nio-8080-exec-9] DEBUG o.s.jdbc.core.JdbcTemplate - Executing prepared SQL statement [SELECT COUNT(*) FROM schedules WHERE doctor_id = ? AND work_day = ?]
2026-01-04 15:58:42 [http-nio-8080-exec-9] DEBUG o.s.jdbc.datasource.DataSourceUtils - Fetching JDBC Connection from DataSource
2026-01-04 15:58:42 [http-nio-8080-exec-9] DEBUG org.hibernate.SQL - 
    select
        d1_0.dept_id,
        d1_0.dept_code,
        d1_0.dept_name,
        d1_0.dept_type,
        d1_0.director_id,
        d1_0.introduction 
    from
        departments d1_0 
    where
        d1_0.dept_id=?
2026-01-04 15:58:42 [http-nio-8080-exec-9] TRACE org.hibernate.orm.jdbc.bind - binding parameter (1:INTEGER) <- [18]
2026-01-04 15:58:42 [http-nio-8080-exec-9] DEBUG o.s.jdbc.core.JdbcTemplate - Executing prepared SQL query
2026-01-04 15:58:42 [http-nio-8080-exec-9] DEBUG o.s.jdbc.core.JdbcTemplate - Executing prepared SQL statement [SELECT COUNT(*) FROM schedules WHERE doctor_id = ? AND work_day = ?]
2026-01-04 15:58:42 [http-nio-8080-exec-9] DEBUG o.s.jdbc.datasource.DataSourceUtils - Fetching JDBC Connection from DataSource
2026-01-04 15:58:42 [http-nio-8080-exec-9] DEBUG o.s.jdbc.core.JdbcTemplate - Executing prepared SQL query
2026-01-04 15:58:42 [http-nio-8080-exec-9] DEBUG o.s.jdbc.core.JdbcTemplate - Executing prepared SQL statement [SELECT COUNT(*) FROM schedules WHERE doctor_id = ? AND work_day = ?]
2026-01-04 15:58:42 [http-nio-8080-exec-9] DEBUG o.s.jdbc.datasource.DataSourceUtils - Fetching JDBC Connection from DataSource
2026-01-04 15:58:42 [http-nio-8080-exec-9] DEBUG o.s.jdbc.core.JdbcTemplate - Executing prepared SQL query
2026-01-04 15:58:42 [http-nio-8080-exec-9] DEBUG o.s.jdbc.core.JdbcTemplate - Executing prepared SQL statement [SELECT COUNT(*) FROM schedules WHERE doctor_id = ? AND work_day = ?]
2026-01-04 15:58:42 [http-nio-8080-exec-9] DEBUG o.s.jdbc.datasource.DataSourceUtils - Fetching JDBC Connection from DataSource
2026-01-04 15:58:42 [http-nio-8080-exec-9] DEBUG o.s.jdbc.core.JdbcTemplate - Executing prepared SQL query
2026-01-04 15:58:42 [http-nio-8080-exec-9] DEBUG o.s.jdbc.core.JdbcTemplate - Executing prepared SQL statement [SELECT COUNT(*) FROM schedules WHERE doctor_id = ? AND work_day = ?]
2026-01-04 15:58:42 [http-nio-8080-exec-9] DEBUG o.s.jdbc.datasource.DataSourceUtils - Fetching JDBC Connection from DataSource
2026-01-04 15:58:42 [http-nio-8080-exec-9] DEBUG o.s.jdbc.core.JdbcTemplate - Executing prepared SQL query
2026-01-04 15:58:42 [http-nio-8080-exec-9] DEBUG o.s.jdbc.core.JdbcTemplate - Executing prepared SQL statement [SELECT COUNT(*) FROM schedules WHERE doctor_id = ? AND work_day = ?]
2026-01-04 15:58:42 [http-nio-8080-exec-9] DEBUG o.s.jdbc.datasource.DataSourceUtils - Fetching JDBC Connection from DataSource
2026-01-04 15:58:42 [http-nio-8080-exec-9] DEBUG o.s.jdbc.core.JdbcTemplate - Executing prepared SQL query
2026-01-04 15:58:42 [http-nio-8080-exec-9] DEBUG o.s.jdbc.core.JdbcTemplate - Executing prepared SQL statement [SELECT COUNT(*) FROM schedules WHERE doctor_id = ? AND work_day = ?]
2026-01-04 15:58:42 [http-nio-8080-exec-9] DEBUG o.s.jdbc.datasource.DataSourceUtils - Fetching JDBC Connection from DataSource
2026-01-04 15:58:42 [http-nio-8080-exec-9] DEBUG o.s.jdbc.core.JdbcTemplate - Executing prepared SQL query
2026-01-04 15:58:42 [http-nio-8080-exec-9] DEBUG o.s.jdbc.core.JdbcTemplate - Executing prepared SQL statement [SELECT COUNT(*) FROM schedules WHERE doctor_id = ? AND work_day = ?]
2026-01-04 15:58:42 [http-nio-8080-exec-9] DEBUG o.s.jdbc.datasource.DataSourceUtils - Fetching JDBC Connection from DataSource
2026-01-04 15:58:42 [http-nio-8080-exec-9] DEBUG o.s.jdbc.core.JdbcTemplate - Executing prepared SQL query
2026-01-04 15:58:42 [http-nio-8080-exec-9] DEBUG o.s.jdbc.core.JdbcTemplate - Executing prepared SQL statement [SELECT COUNT(*) FROM schedules WHERE doctor_id = ? AND work_day = ?]
2026-01-04 15:58:42 [http-nio-8080-exec-9] DEBUG o.s.jdbc.datasource.DataSourceUtils - Fetching JDBC Connection from DataSource
2026-01-04 15:58:42 [http-nio-8080-exec-9] DEBUG o.s.jdbc.core.JdbcTemplate - Executing prepared SQL query
2026-01-04 15:58:42 [http-nio-8080-exec-9] DEBUG o.s.jdbc.core.JdbcTemplate - Executing prepared SQL statement [SELECT COUNT(*) FROM schedules WHERE doctor_id = ? AND work_day = ?]
2026-01-04 15:58:42 [http-nio-8080-exec-9] DEBUG o.s.jdbc.datasource.DataSourceUtils - Fetching JDBC Connection from DataSource
2026-01-04 15:58:42 [http-nio-8080-exec-9] DEBUG o.s.jdbc.core.JdbcTemplate - Executing prepared SQL query
2026-01-04 15:58:42 [http-nio-8080-exec-9] DEBUG o.s.jdbc.core.JdbcTemplate - Executing prepared SQL statement [SELECT COUNT(*) FROM schedules WHERE doctor_id = ? AND work_day = ?]
2026-01-04 15:58:42 [http-nio-8080-exec-9] DEBUG o.s.jdbc.datasource.DataSourceUtils - Fetching JDBC Connection from DataSource
2026-01-04 15:58:42 [http-nio-8080-exec-9] DEBUG o.s.jdbc.core.JdbcTemplate - Executing prepared SQL query
2026-01-04 15:58:42 [http-nio-8080-exec-9] DEBUG o.s.jdbc.core.JdbcTemplate - Executing prepared SQL statement [SELECT COUNT(*) FROM schedules WHERE doctor_id = ? AND work_day = ?]
2026-01-04 15:58:42 [http-nio-8080-exec-9] DEBUG o.s.jdbc.datasource.DataSourceUtils - Fetching JDBC Connection from DataSource
2026-01-04 15:58:42 [http-nio-8080-exec-9] DEBUG o.s.jdbc.core.JdbcTemplate - Executing prepared SQL query
2026-01-04 15:58:42 [http-nio-8080-exec-9] DEBUG o.s.jdbc.core.JdbcTemplate - Executing prepared SQL statement [SELECT COUNT(*) FROM schedules WHERE doctor_id = ? AND work_day = ?]
2026-01-04 15:58:42 [http-nio-8080-exec-9] DEBUG o.s.jdbc.datasource.DataSourceUtils - Fetching JDBC Connection from DataSource
2026-01-04 15:58:42 [http-nio-8080-exec-9] DEBUG o.s.jdbc.core.JdbcTemplate - Executing prepared SQL query
2026-01-04 15:58:42 [http-nio-8080-exec-9] DEBUG o.s.jdbc.core.JdbcTemplate - Executing prepared SQL statement [SELECT COUNT(*) FROM schedules WHERE doctor_id = ? AND work_day = ?]
2026-01-04 15:58:42 [http-nio-8080-exec-9] DEBUG o.s.jdbc.datasource.DataSourceUtils - Fetching JDBC Connection from DataSource
2026-01-04 15:58:42 [http-nio-8080-exec-9] DEBUG o.s.jdbc.core.JdbcTemplate - Executing prepared SQL query
2026-01-04 15:58:42 [http-nio-8080-exec-9] DEBUG o.s.jdbc.core.JdbcTemplate - Executing prepared SQL statement [SELECT COUNT(*) FROM schedules WHERE doctor_id = ? AND work_day = ?]
2026-01-04 15:58:42 [http-nio-8080-exec-9] DEBUG o.s.jdbc.datasource.DataSourceUtils - Fetching JDBC Connection from DataSource
2026-01-04 15:58:42 [http-nio-8080-exec-9] DEBUG o.s.jdbc.core.JdbcTemplate - Executing prepared SQL query
2026-01-04 15:58:42 [http-nio-8080-exec-9] DEBUG o.s.jdbc.core.JdbcTemplate - Executing prepared SQL statement [SELECT COUNT(*) FROM schedules WHERE doctor_id = ? AND work_day = ?]
2026-01-04 15:58:42 [http-nio-8080-exec-9] DEBUG o.s.jdbc.datasource.DataSourceUtils - Fetching JDBC Connection from DataSource
2026-01-04 15:58:42 [http-nio-8080-exec-9] DEBUG o.s.jdbc.core.JdbcTemplate - Executing prepared SQL query
2026-01-04 15:58:42 [http-nio-8080-exec-9] DEBUG o.s.jdbc.core.JdbcTemplate - Executing prepared SQL statement [SELECT COUNT(*) FROM schedules WHERE doctor_id = ? AND work_day = ?]
2026-01-04 15:58:42 [http-nio-8080-exec-9] DEBUG o.s.jdbc.datasource.DataSourceUtils - Fetching JDBC Connection from DataSource
2026-01-04 15:58:42 [http-nio-8080-exec-9] DEBUG o.s.jdbc.core.JdbcTemplate - Executing prepared SQL query
2026-01-04 15:58:42 [http-nio-8080-exec-9] DEBUG o.s.jdbc.core.JdbcTemplate - Executing prepared SQL statement [SELECT COUNT(*) FROM schedules WHERE doctor_id = ? AND work_day = ?]
2026-01-04 15:58:42 [http-nio-8080-exec-9] DEBUG o.s.jdbc.datasource.DataSourceUtils - Fetching JDBC Connection from DataSource
2026-01-04 15:58:42 [http-nio-8080-exec-9] DEBUG org.hibernate.SQL - 
    select
        d1_0.dept_id,
        d1_0.dept_code,
        d1_0.dept_name,
        d1_0.dept_type,
        d1_0.director_id,
        d1_0.introduction 
    from
        departments d1_0 
    where
        d1_0.dept_id=?
2026-01-04 15:58:42 [http-nio-8080-exec-9] TRACE org.hibernate.orm.jdbc.bind - binding parameter (1:INTEGER) <- [19]
2026-01-04 15:58:42 [http-nio-8080-exec-9] DEBUG o.s.jdbc.core.JdbcTemplate - Executing prepared SQL query
2026-01-04 15:58:42 [http-nio-8080-exec-9] DEBUG o.s.jdbc.core.JdbcTemplate - Executing prepared SQL statement [SELECT COUNT(*) FROM schedules WHERE doctor_id = ? AND work_day = ?]
2026-01-04 15:58:42 [http-nio-8080-exec-9] DEBUG o.s.jdbc.datasource.DataSourceUtils - Fetching JDBC Connection from DataSource
2026-01-04 15:58:42 [http-nio-8080-exec-9] DEBUG o.s.jdbc.core.JdbcTemplate - Executing prepared SQL query
2026-01-04 15:58:42 [http-nio-8080-exec-9] DEBUG o.s.jdbc.core.JdbcTemplate - Executing prepared SQL statement [SELECT COUNT(*) FROM schedules WHERE doctor_id = ? AND work_day = ?]
2026-01-04 15:58:42 [http-nio-8080-exec-9] DEBUG o.s.jdbc.datasource.DataSourceUtils - Fetching JDBC Connection from DataSource
2026-01-04 15:58:42 [http-nio-8080-exec-9] DEBUG o.s.jdbc.core.JdbcTemplate - Executing prepared SQL query
2026-01-04 15:58:42 [http-nio-8080-exec-9] DEBUG o.s.jdbc.core.JdbcTemplate - Executing prepared SQL statement [SELECT COUNT(*) FROM schedules WHERE doctor_id = ? AND work_day = ?]
2026-01-04 15:58:42 [http-nio-8080-exec-9] DEBUG o.s.jdbc.datasource.DataSourceUtils - Fetching JDBC Connection from DataSource
2026-01-04 15:58:42 [http-nio-8080-exec-9] DEBUG o.s.jdbc.core.JdbcTemplate - Executing prepared SQL query
2026-01-04 15:58:42 [http-nio-8080-exec-9] DEBUG o.s.jdbc.core.JdbcTemplate - Executing prepared SQL statement [SELECT COUNT(*) FROM schedules WHERE doctor_id = ? AND work_day = ?]
2026-01-04 15:58:42 [http-nio-8080-exec-9] DEBUG o.s.jdbc.datasource.DataSourceUtils - Fetching JDBC Connection from DataSource
2026-01-04 15:58:42 [http-nio-8080-exec-9] DEBUG o.s.jdbc.core.JdbcTemplate - Executing prepared SQL query
2026-01-04 15:58:42 [http-nio-8080-exec-9] DEBUG o.s.jdbc.core.JdbcTemplate - Executing prepared SQL statement [SELECT COUNT(*) FROM schedules WHERE doctor_id = ? AND work_day = ?]
2026-01-04 15:58:42 [http-nio-8080-exec-9] DEBUG o.s.jdbc.datasource.DataSourceUtils - Fetching JDBC Connection from DataSource
2026-01-04 15:58:42 [http-nio-8080-exec-9] DEBUG o.s.jdbc.core.JdbcTemplate - Executing prepared SQL query
2026-01-04 15:58:42 [http-nio-8080-exec-9] DEBUG o.s.jdbc.core.JdbcTemplate - Executing prepared SQL statement [SELECT COUNT(*) FROM schedules WHERE doctor_id = ? AND work_day = ?]
2026-01-04 15:58:42 [http-nio-8080-exec-9] DEBUG o.s.jdbc.datasource.DataSourceUtils - Fetching JDBC Connection from DataSource
2026-01-04 15:58:42 [http-nio-8080-exec-9] DEBUG o.s.jdbc.core.JdbcTemplate - Executing prepared SQL query
2026-01-04 15:58:42 [http-nio-8080-exec-9] DEBUG o.s.jdbc.core.JdbcTemplate - Executing prepared SQL statement [SELECT COUNT(*) FROM schedules WHERE doctor_id = ? AND work_day = ?]
2026-01-04 15:58:42 [http-nio-8080-exec-9] DEBUG o.s.jdbc.datasource.DataSourceUtils - Fetching JDBC Connection from DataSource
2026-01-04 15:58:42 [http-nio-8080-exec-9] DEBUG o.s.jdbc.core.JdbcTemplate - Executing prepared SQL query
2026-01-04 15:58:42 [http-nio-8080-exec-9] DEBUG o.s.jdbc.core.JdbcTemplate - Executing prepared SQL statement [SELECT COUNT(*) FROM schedules WHERE doctor_id = ? AND work_day = ?]
2026-01-04 15:58:42 [http-nio-8080-exec-9] DEBUG o.s.jdbc.datasource.DataSourceUtils - Fetching JDBC Connection from DataSource
2026-01-04 15:58:42 [http-nio-8080-exec-9] DEBUG o.s.jdbc.core.JdbcTemplate - Executing prepared SQL query
2026-01-04 15:58:42 [http-nio-8080-exec-9] DEBUG o.s.jdbc.core.JdbcTemplate - Executing prepared SQL statement [SELECT COUNT(*) FROM schedules WHERE doctor_id = ? AND work_day = ?]
2026-01-04 15:58:42 [http-nio-8080-exec-9] DEBUG o.s.jdbc.datasource.DataSourceUtils - Fetching JDBC Connection from DataSource
2026-01-04 15:58:42 [http-nio-8080-exec-9] DEBUG o.s.jdbc.core.JdbcTemplate - Executing prepared SQL query
2026-01-04 15:58:42 [http-nio-8080-exec-9] DEBUG o.s.jdbc.core.JdbcTemplate - Executing prepared SQL statement [SELECT COUNT(*) FROM schedules WHERE doctor_id = ? AND work_day = ?]
2026-01-04 15:58:42 [http-nio-8080-exec-9] DEBUG o.s.jdbc.datasource.DataSourceUtils - Fetching JDBC Connection from DataSource
2026-01-04 15:58:42 [http-nio-8080-exec-9] DEBUG o.s.jdbc.core.JdbcTemplate - Executing prepared SQL query
2026-01-04 15:58:42 [http-nio-8080-exec-9] DEBUG o.s.jdbc.core.JdbcTemplate - Executing prepared SQL statement [SELECT COUNT(*) FROM schedules WHERE doctor_id = ? AND work_day = ?]
2026-01-04 15:58:42 [http-nio-8080-exec-9] DEBUG o.s.jdbc.datasource.DataSourceUtils - Fetching JDBC Connection from DataSource
2026-01-04 15:58:42 [http-nio-8080-exec-9] DEBUG o.s.jdbc.core.JdbcTemplate - Executing prepared SQL query
2026-01-04 15:58:42 [http-nio-8080-exec-9] DEBUG o.s.jdbc.core.JdbcTemplate - Executing prepared SQL statement [SELECT COUNT(*) FROM schedules WHERE doctor_id = ? AND work_day = ?]
2026-01-04 15:58:42 [http-nio-8080-exec-9] DEBUG o.s.jdbc.datasource.DataSourceUtils - Fetching JDBC Connection from DataSource
2026-01-04 15:58:42 [http-nio-8080-exec-9] DEBUG o.s.jdbc.core.JdbcTemplate - Executing prepared SQL query
2026-01-04 15:58:42 [http-nio-8080-exec-9] DEBUG o.s.jdbc.core.JdbcTemplate - Executing prepared SQL statement [SELECT COUNT(*) FROM schedules WHERE doctor_id = ? AND work_day = ?]
2026-01-04 15:58:42 [http-nio-8080-exec-9] DEBUG o.s.jdbc.datasource.DataSourceUtils - Fetching JDBC Connection from DataSource
2026-01-04 15:58:42 [http-nio-8080-exec-9] DEBUG o.s.jdbc.core.JdbcTemplate - Executing prepared SQL query
2026-01-04 15:58:42 [http-nio-8080-exec-9] DEBUG o.s.jdbc.core.JdbcTemplate - Executing prepared SQL statement [SELECT COUNT(*) FROM schedules WHERE doctor_id = ? AND work_day = ?]
2026-01-04 15:58:42 [http-nio-8080-exec-9] DEBUG o.s.jdbc.datasource.DataSourceUtils - Fetching JDBC Connection from DataSource
2026-01-04 15:58:42 [http-nio-8080-exec-9] DEBUG o.s.jdbc.core.JdbcTemplate - Executing prepared SQL query
2026-01-04 15:58:42 [http-nio-8080-exec-9] DEBUG o.s.jdbc.core.JdbcTemplate - Executing prepared SQL statement [SELECT COUNT(*) FROM schedules WHERE doctor_id = ? AND work_day = ?]
2026-01-04 15:58:42 [http-nio-8080-exec-9] DEBUG o.s.jdbc.datasource.DataSourceUtils - Fetching JDBC Connection from DataSource
2026-01-04 15:58:42 [http-nio-8080-exec-9] DEBUG o.s.jdbc.core.JdbcTemplate - Executing prepared SQL query
2026-01-04 15:58:42 [http-nio-8080-exec-9] DEBUG o.s.jdbc.core.JdbcTemplate - Executing prepared SQL statement [SELECT COUNT(*) FROM schedules WHERE doctor_id = ? AND work_day = ?]
2026-01-04 15:58:42 [http-nio-8080-exec-9] DEBUG o.s.jdbc.datasource.DataSourceUtils - Fetching JDBC Connection from DataSource
2026-01-04 15:58:42 [http-nio-8080-exec-9] DEBUG org.hibernate.SQL - 
    select
        d1_0.dept_id,
        d1_0.dept_code,
        d1_0.dept_name,
        d1_0.dept_type,
        d1_0.director_id,
        d1_0.introduction 
    from
        departments d1_0 
    where
        d1_0.dept_id=?
2026-01-04 15:58:42 [http-nio-8080-exec-9] TRACE org.hibernate.orm.jdbc.bind - binding parameter (1:INTEGER) <- [20]
2026-01-04 15:58:42 [http-nio-8080-exec-9] DEBUG o.s.jdbc.core.JdbcTemplate - Executing prepared SQL query
2026-01-04 15:58:42 [http-nio-8080-exec-9] DEBUG o.s.jdbc.core.JdbcTemplate - Executing prepared SQL statement [SELECT COUNT(*) FROM schedules WHERE doctor_id = ? AND work_day = ?]
2026-01-04 15:58:42 [http-nio-8080-exec-9] DEBUG o.s.jdbc.datasource.DataSourceUtils - Fetching JDBC Connection from DataSource
2026-01-04 15:58:42 [http-nio-8080-exec-9] DEBUG o.s.jdbc.core.JdbcTemplate - Executing prepared SQL query
2026-01-04 15:58:42 [http-nio-8080-exec-9] DEBUG o.s.jdbc.core.JdbcTemplate - Executing prepared SQL statement [SELECT COUNT(*) FROM schedules WHERE doctor_id = ? AND work_day = ?]
2026-01-04 15:58:42 [http-nio-8080-exec-9] DEBUG o.s.jdbc.datasource.DataSourceUtils - Fetching JDBC Connection from DataSource
2026-01-04 15:58:42 [http-nio-8080-exec-9] DEBUG o.s.jdbc.core.JdbcTemplate - Executing prepared SQL query
2026-01-04 15:58:42 [http-nio-8080-exec-9] DEBUG o.s.jdbc.core.JdbcTemplate - Executing prepared SQL statement [SELECT COUNT(*) FROM schedules WHERE doctor_id = ? AND work_day = ?]
2026-01-04 15:58:42 [http-nio-8080-exec-9] DEBUG o.s.jdbc.datasource.DataSourceUtils - Fetching JDBC Connection from DataSource
2026-01-04 15:58:42 [http-nio-8080-exec-9] DEBUG o.s.jdbc.core.JdbcTemplate - Executing prepared SQL query
2026-01-04 15:58:42 [http-nio-8080-exec-9] DEBUG o.s.jdbc.core.JdbcTemplate - Executing prepared SQL statement [SELECT COUNT(*) FROM schedules WHERE doctor_id = ? AND work_day = ?]
2026-01-04 15:58:42 [http-nio-8080-exec-9] DEBUG o.s.jdbc.datasource.DataSourceUtils - Fetching JDBC Connection from DataSource
2026-01-04 15:58:42 [http-nio-8080-exec-9] DEBUG o.s.jdbc.core.JdbcTemplate - Executing prepared SQL query
2026-01-04 15:58:42 [http-nio-8080-exec-9] DEBUG o.s.jdbc.core.JdbcTemplate - Executing prepared SQL statement [SELECT COUNT(*) FROM schedules WHERE doctor_id = ? AND work_day = ?]
2026-01-04 15:58:42 [http-nio-8080-exec-9] DEBUG o.s.jdbc.datasource.DataSourceUtils - Fetching JDBC Connection from DataSource
2026-01-04 15:58:42 [http-nio-8080-exec-9] DEBUG o.s.jdbc.core.JdbcTemplate - Executing prepared SQL query
2026-01-04 15:58:42 [http-nio-8080-exec-9] DEBUG o.s.jdbc.core.JdbcTemplate - Executing prepared SQL statement [SELECT COUNT(*) FROM schedules WHERE doctor_id = ? AND work_day = ?]
2026-01-04 15:58:42 [http-nio-8080-exec-9] DEBUG o.s.jdbc.datasource.DataSourceUtils - Fetching JDBC Connection from DataSource
2026-01-04 15:58:42 [http-nio-8080-exec-9] DEBUG o.s.jdbc.core.JdbcTemplate - Executing prepared SQL query
2026-01-04 15:58:42 [http-nio-8080-exec-9] DEBUG o.s.jdbc.core.JdbcTemplate - Executing prepared SQL statement [SELECT COUNT(*) FROM schedules WHERE doctor_id = ? AND work_day = ?]
2026-01-04 15:58:42 [http-nio-8080-exec-9] DEBUG o.s.jdbc.datasource.DataSourceUtils - Fetching JDBC Connection from DataSource
2026-01-04 15:58:42 [http-nio-8080-exec-9] DEBUG o.s.jdbc.core.JdbcTemplate - Executing prepared SQL query
2026-01-04 15:58:42 [http-nio-8080-exec-9] DEBUG o.s.jdbc.core.JdbcTemplate - Executing prepared SQL statement [SELECT COUNT(*) FROM schedules WHERE doctor_id = ? AND work_day = ?]
2026-01-04 15:58:42 [http-nio-8080-exec-9] DEBUG o.s.jdbc.datasource.DataSourceUtils - Fetching JDBC Connection from DataSource
2026-01-04 15:58:42 [http-nio-8080-exec-9] DEBUG o.s.jdbc.core.JdbcTemplate - Executing prepared SQL query
2026-01-04 15:58:42 [http-nio-8080-exec-9] DEBUG o.s.jdbc.core.JdbcTemplate - Executing prepared SQL statement [SELECT COUNT(*) FROM schedules WHERE doctor_id = ? AND work_day = ?]
2026-01-04 15:58:42 [http-nio-8080-exec-9] DEBUG o.s.jdbc.datasource.DataSourceUtils - Fetching JDBC Connection from DataSource
2026-01-04 15:58:42 [http-nio-8080-exec-9] DEBUG o.s.jdbc.core.JdbcTemplate - Executing prepared SQL query
2026-01-04 15:58:42 [http-nio-8080-exec-9] DEBUG o.s.jdbc.core.JdbcTemplate - Executing prepared SQL statement [SELECT COUNT(*) FROM schedules WHERE doctor_id = ? AND work_day = ?]
2026-01-04 15:58:42 [http-nio-8080-exec-9] DEBUG o.s.jdbc.datasource.DataSourceUtils - Fetching JDBC Connection from DataSource
2026-01-04 15:58:42 [http-nio-8080-exec-9] DEBUG o.s.jdbc.core.JdbcTemplate - Executing prepared SQL query
2026-01-04 15:58:42 [http-nio-8080-exec-9] DEBUG o.s.jdbc.core.JdbcTemplate - Executing prepared SQL statement [SELECT COUNT(*) FROM schedules WHERE doctor_id = ? AND work_day = ?]
2026-01-04 15:58:42 [http-nio-8080-exec-9] DEBUG o.s.jdbc.datasource.DataSourceUtils - Fetching JDBC Connection from DataSource
2026-01-04 15:58:42 [http-nio-8080-exec-9] DEBUG o.s.jdbc.core.JdbcTemplate - Executing prepared SQL query
2026-01-04 15:58:42 [http-nio-8080-exec-9] DEBUG o.s.jdbc.core.JdbcTemplate - Executing prepared SQL statement [SELECT COUNT(*) FROM schedules WHERE doctor_id = ? AND work_day = ?]
2026-01-04 15:58:42 [http-nio-8080-exec-9] DEBUG o.s.jdbc.datasource.DataSourceUtils - Fetching JDBC Connection from DataSource
2026-01-04 15:58:42 [http-nio-8080-exec-9] DEBUG o.s.jdbc.core.JdbcTemplate - Executing prepared SQL query
2026-01-04 15:58:42 [http-nio-8080-exec-9] DEBUG o.s.jdbc.core.JdbcTemplate - Executing prepared SQL statement [SELECT COUNT(*) FROM schedules WHERE doctor_id = ? AND work_day = ?]
2026-01-04 15:58:42 [http-nio-8080-exec-9] DEBUG o.s.jdbc.datasource.DataSourceUtils - Fetching JDBC Connection from DataSource
2026-01-04 15:58:42 [http-nio-8080-exec-9] DEBUG o.s.jdbc.core.JdbcTemplate - Executing prepared SQL query
2026-01-04 15:58:42 [http-nio-8080-exec-9] DEBUG o.s.jdbc.core.JdbcTemplate - Executing prepared SQL statement [SELECT COUNT(*) FROM schedules WHERE doctor_id = ? AND work_day = ?]
2026-01-04 15:58:42 [http-nio-8080-exec-9] DEBUG o.s.jdbc.datasource.DataSourceUtils - Fetching JDBC Connection from DataSource
2026-01-04 15:58:42 [http-nio-8080-exec-9] DEBUG o.s.jdbc.core.JdbcTemplate - Executing prepared SQL query
2026-01-04 15:58:42 [http-nio-8080-exec-9] DEBUG o.s.jdbc.core.JdbcTemplate - Executing prepared SQL statement [SELECT COUNT(*) FROM schedules WHERE doctor_id = ? AND work_day = ?]
2026-01-04 15:58:42 [http-nio-8080-exec-9] DEBUG o.s.jdbc.datasource.DataSourceUtils - Fetching JDBC Connection from DataSource
2026-01-04 15:58:42 [http-nio-8080-exec-9] DEBUG org.hibernate.SQL - 
    select
        d1_0.dept_id,
        d1_0.dept_code,
        d1_0.dept_name,
        d1_0.dept_type,
        d1_0.director_id,
        d1_0.introduction 
    from
        departments d1_0 
    where
        d1_0.dept_id=?
2026-01-04 15:58:42 [http-nio-8080-exec-9] TRACE org.hibernate.orm.jdbc.bind - binding parameter (1:INTEGER) <- [21]
2026-01-04 15:58:42 [http-nio-8080-exec-9] DEBUG o.s.jdbc.core.JdbcTemplate - Executing prepared SQL query
2026-01-04 15:58:42 [http-nio-8080-exec-9] DEBUG o.s.jdbc.core.JdbcTemplate - Executing prepared SQL statement [SELECT COUNT(*) FROM schedules WHERE doctor_id = ? AND work_day = ?]
2026-01-04 15:58:42 [http-nio-8080-exec-9] DEBUG o.s.jdbc.datasource.DataSourceUtils - Fetching JDBC Connection from DataSource
2026-01-04 15:58:42 [http-nio-8080-exec-9] DEBUG o.s.jdbc.core.JdbcTemplate - Executing prepared SQL query
2026-01-04 15:58:42 [http-nio-8080-exec-9] DEBUG o.s.jdbc.core.JdbcTemplate - Executing prepared SQL statement [SELECT COUNT(*) FROM schedules WHERE doctor_id = ? AND work_day = ?]
2026-01-04 15:58:42 [http-nio-8080-exec-9] DEBUG o.s.jdbc.datasource.DataSourceUtils - Fetching JDBC Connection from DataSource
2026-01-04 15:58:42 [http-nio-8080-exec-9] DEBUG o.s.jdbc.core.JdbcTemplate - Executing prepared SQL query
2026-01-04 15:58:42 [http-nio-8080-exec-9] DEBUG o.s.jdbc.core.JdbcTemplate - Executing prepared SQL statement [SELECT COUNT(*) FROM schedules WHERE doctor_id = ? AND work_day = ?]
2026-01-04 15:58:42 [http-nio-8080-exec-9] DEBUG o.s.jdbc.datasource.DataSourceUtils - Fetching JDBC Connection from DataSource
2026-01-04 15:58:42 [http-nio-8080-exec-9] DEBUG o.s.jdbc.core.JdbcTemplate - Executing prepared SQL query
2026-01-04 15:58:42 [http-nio-8080-exec-9] DEBUG o.s.jdbc.core.JdbcTemplate - Executing prepared SQL statement [SELECT COUNT(*) FROM schedules WHERE doctor_id = ? AND work_day = ?]
2026-01-04 15:58:42 [http-nio-8080-exec-9] DEBUG o.s.jdbc.datasource.DataSourceUtils - Fetching JDBC Connection from DataSource
2026-01-04 15:58:42 [http-nio-8080-exec-9] DEBUG o.s.jdbc.core.JdbcTemplate - Executing prepared SQL query
2026-01-04 15:58:42 [http-nio-8080-exec-9] DEBUG o.s.jdbc.core.JdbcTemplate - Executing prepared SQL statement [SELECT COUNT(*) FROM schedules WHERE doctor_id = ? AND work_day = ?]
2026-01-04 15:58:42 [http-nio-8080-exec-9] DEBUG o.s.jdbc.datasource.DataSourceUtils - Fetching JDBC Connection from DataSource
2026-01-04 15:58:42 [http-nio-8080-exec-9] DEBUG o.s.jdbc.core.JdbcTemplate - Executing prepared SQL query
2026-01-04 15:58:42 [http-nio-8080-exec-9] DEBUG o.s.jdbc.core.JdbcTemplate - Executing prepared SQL statement [SELECT COUNT(*) FROM schedules WHERE doctor_id = ? AND work_day = ?]
2026-01-04 15:58:42 [http-nio-8080-exec-9] DEBUG o.s.jdbc.datasource.DataSourceUtils - Fetching JDBC Connection from DataSource
2026-01-04 15:58:42 [http-nio-8080-exec-9] DEBUG o.s.jdbc.core.JdbcTemplate - Executing prepared SQL query
2026-01-04 15:58:42 [http-nio-8080-exec-9] DEBUG o.s.jdbc.core.JdbcTemplate - Executing prepared SQL statement [SELECT COUNT(*) FROM schedules WHERE doctor_id = ? AND work_day = ?]
2026-01-04 15:58:42 [http-nio-8080-exec-9] DEBUG o.s.jdbc.datasource.DataSourceUtils - Fetching JDBC Connection from DataSource
2026-01-04 15:58:42 [http-nio-8080-exec-9] DEBUG o.s.jdbc.core.JdbcTemplate - Executing prepared SQL query
2026-01-04 15:58:42 [http-nio-8080-exec-9] DEBUG o.s.jdbc.core.JdbcTemplate - Executing prepared SQL statement [SELECT COUNT(*) FROM schedules WHERE doctor_id = ? AND work_day = ?]
2026-01-04 15:58:42 [http-nio-8080-exec-9] DEBUG o.s.jdbc.datasource.DataSourceUtils - Fetching JDBC Connection from DataSource
2026-01-04 15:58:42 [http-nio-8080-exec-9] DEBUG o.s.jdbc.core.JdbcTemplate - Executing prepared SQL query
2026-01-04 15:58:42 [http-nio-8080-exec-9] DEBUG o.s.jdbc.core.JdbcTemplate - Executing prepared SQL statement [SELECT COUNT(*) FROM schedules WHERE doctor_id = ? AND work_day = ?]
2026-01-04 15:58:42 [http-nio-8080-exec-9] DEBUG o.s.jdbc.datasource.DataSourceUtils - Fetching JDBC Connection from DataSource
2026-01-04 15:58:42 [http-nio-8080-exec-9] DEBUG o.s.jdbc.core.JdbcTemplate - Executing prepared SQL query
2026-01-04 15:58:42 [http-nio-8080-exec-9] DEBUG o.s.jdbc.core.JdbcTemplate - Executing prepared SQL statement [SELECT COUNT(*) FROM schedules WHERE doctor_id = ? AND work_day = ?]
2026-01-04 15:58:42 [http-nio-8080-exec-9] DEBUG o.s.jdbc.datasource.DataSourceUtils - Fetching JDBC Connection from DataSource
2026-01-04 15:58:42 [http-nio-8080-exec-9] DEBUG o.s.jdbc.core.JdbcTemplate - Executing prepared SQL query
2026-01-04 15:58:42 [http-nio-8080-exec-9] DEBUG o.s.jdbc.core.JdbcTemplate - Executing prepared SQL statement [SELECT COUNT(*) FROM schedules WHERE doctor_id = ? AND work_day = ?]
2026-01-04 15:58:42 [http-nio-8080-exec-9] DEBUG o.s.jdbc.datasource.DataSourceUtils - Fetching JDBC Connection from DataSource
2026-01-04 15:58:42 [http-nio-8080-exec-9] DEBUG o.s.jdbc.core.JdbcTemplate - Executing prepared SQL query
2026-01-04 15:58:42 [http-nio-8080-exec-9] DEBUG o.s.jdbc.core.JdbcTemplate - Executing prepared SQL statement [SELECT COUNT(*) FROM schedules WHERE doctor_id = ? AND work_day = ?]
2026-01-04 15:58:42 [http-nio-8080-exec-9] DEBUG o.s.jdbc.datasource.DataSourceUtils - Fetching JDBC Connection from DataSource
2026-01-04 15:58:42 [http-nio-8080-exec-9] DEBUG o.s.jdbc.core.JdbcTemplate - Executing prepared SQL query
2026-01-04 15:58:42 [http-nio-8080-exec-9] DEBUG o.s.jdbc.core.JdbcTemplate - Executing prepared SQL statement [SELECT COUNT(*) FROM schedules WHERE doctor_id = ? AND work_day = ?]
2026-01-04 15:58:42 [http-nio-8080-exec-9] DEBUG o.s.jdbc.datasource.DataSourceUtils - Fetching JDBC Connection from DataSource
2026-01-04 15:58:42 [http-nio-8080-exec-9] DEBUG o.s.jdbc.core.JdbcTemplate - Executing prepared SQL query
2026-01-04 15:58:42 [http-nio-8080-exec-9] DEBUG o.s.jdbc.core.JdbcTemplate - Executing prepared SQL statement [SELECT COUNT(*) FROM schedules WHERE doctor_id = ? AND work_day = ?]
2026-01-04 15:58:42 [http-nio-8080-exec-9] DEBUG o.s.jdbc.datasource.DataSourceUtils - Fetching JDBC Connection from DataSource
2026-01-04 15:58:42 [http-nio-8080-exec-9] DEBUG o.s.jdbc.core.JdbcTemplate - Executing prepared SQL query
2026-01-04 15:58:42 [http-nio-8080-exec-9] DEBUG o.s.jdbc.core.JdbcTemplate - Executing prepared SQL statement [SELECT COUNT(*) FROM schedules WHERE doctor_id = ? AND work_day = ?]
2026-01-04 15:58:42 [http-nio-8080-exec-9] DEBUG o.s.jdbc.datasource.DataSourceUtils - Fetching JDBC Connection from DataSource
2026-01-04 15:58:42 [http-nio-8080-exec-9] DEBUG o.s.jdbc.core.JdbcTemplate - Executing prepared SQL query
2026-01-04 15:58:42 [http-nio-8080-exec-9] DEBUG o.s.jdbc.core.JdbcTemplate - Executing prepared SQL statement [SELECT COUNT(*) FROM schedules WHERE doctor_id = ? AND work_day = ?]
2026-01-04 15:58:42 [http-nio-8080-exec-9] DEBUG o.s.jdbc.datasource.DataSourceUtils - Fetching JDBC Connection from DataSource
2026-01-04 15:58:42 [http-nio-8080-exec-9] DEBUG org.hibernate.SQL - 
    select
        d1_0.dept_id,
        d1_0.dept_code,
        d1_0.dept_name,
        d1_0.dept_type,
        d1_0.director_id,
        d1_0.introduction 
    from
        departments d1_0 
    where
        d1_0.dept_id=?
2026-01-04 15:58:42 [http-nio-8080-exec-9] TRACE org.hibernate.orm.jdbc.bind - binding parameter (1:INTEGER) <- [22]
2026-01-04 15:58:42 [http-nio-8080-exec-9] DEBUG o.s.jdbc.core.JdbcTemplate - Executing prepared SQL query
2026-01-04 15:58:42 [http-nio-8080-exec-9] DEBUG o.s.jdbc.core.JdbcTemplate - Executing prepared SQL statement [SELECT COUNT(*) FROM schedules WHERE doctor_id = ? AND work_day = ?]
2026-01-04 15:58:42 [http-nio-8080-exec-9] DEBUG o.s.jdbc.datasource.DataSourceUtils - Fetching JDBC Connection from DataSource
2026-01-04 15:58:42 [http-nio-8080-exec-9] DEBUG o.s.jdbc.core.JdbcTemplate - Executing prepared SQL query
2026-01-04 15:58:42 [http-nio-8080-exec-9] DEBUG o.s.jdbc.core.JdbcTemplate - Executing prepared SQL statement [SELECT COUNT(*) FROM schedules WHERE doctor_id = ? AND work_day = ?]
2026-01-04 15:58:42 [http-nio-8080-exec-9] DEBUG o.s.jdbc.datasource.DataSourceUtils - Fetching JDBC Connection from DataSource
2026-01-04 15:58:42 [http-nio-8080-exec-9] DEBUG o.s.jdbc.core.JdbcTemplate - Executing prepared SQL query
2026-01-04 15:58:42 [http-nio-8080-exec-9] DEBUG o.s.jdbc.core.JdbcTemplate - Executing prepared SQL statement [SELECT COUNT(*) FROM schedules WHERE doctor_id = ? AND work_day = ?]
2026-01-04 15:58:42 [http-nio-8080-exec-9] DEBUG o.s.jdbc.datasource.DataSourceUtils - Fetching JDBC Connection from DataSource
2026-01-04 15:58:42 [http-nio-8080-exec-9] DEBUG o.s.jdbc.core.JdbcTemplate - Executing prepared SQL query
2026-01-04 15:58:42 [http-nio-8080-exec-9] DEBUG o.s.jdbc.core.JdbcTemplate - Executing prepared SQL statement [SELECT COUNT(*) FROM schedules WHERE doctor_id = ? AND work_day = ?]
2026-01-04 15:58:42 [http-nio-8080-exec-9] DEBUG o.s.jdbc.datasource.DataSourceUtils - Fetching JDBC Connection from DataSource
2026-01-04 15:58:42 [http-nio-8080-exec-9] DEBUG o.s.jdbc.core.JdbcTemplate - Executing prepared SQL query
2026-01-04 15:58:42 [http-nio-8080-exec-9] DEBUG o.s.jdbc.core.JdbcTemplate - Executing prepared SQL statement [SELECT COUNT(*) FROM schedules WHERE doctor_id = ? AND work_day = ?]
2026-01-04 15:58:42 [http-nio-8080-exec-9] DEBUG o.s.jdbc.datasource.DataSourceUtils - Fetching JDBC Connection from DataSource
2026-01-04 15:58:42 [http-nio-8080-exec-9] DEBUG o.s.jdbc.core.JdbcTemplate - Executing prepared SQL query
2026-01-04 15:58:42 [http-nio-8080-exec-9] DEBUG o.s.jdbc.core.JdbcTemplate - Executing prepared SQL statement [SELECT COUNT(*) FROM schedules WHERE doctor_id = ? AND work_day = ?]
2026-01-04 15:58:42 [http-nio-8080-exec-9] DEBUG o.s.jdbc.datasource.DataSourceUtils - Fetching JDBC Connection from DataSource
2026-01-04 15:58:42 [http-nio-8080-exec-9] DEBUG o.s.jdbc.core.JdbcTemplate - Executing prepared SQL query
2026-01-04 15:58:42 [http-nio-8080-exec-9] DEBUG o.s.jdbc.core.JdbcTemplate - Executing prepared SQL statement [SELECT COUNT(*) FROM schedules WHERE doctor_id = ? AND work_day = ?]
2026-01-04 15:58:42 [http-nio-8080-exec-9] DEBUG o.s.jdbc.datasource.DataSourceUtils - Fetching JDBC Connection from DataSource
2026-01-04 15:58:42 [http-nio-8080-exec-9] DEBUG o.s.jdbc.core.JdbcTemplate - Executing prepared SQL query
2026-01-04 15:58:42 [http-nio-8080-exec-9] DEBUG o.s.jdbc.core.JdbcTemplate - Executing prepared SQL statement [SELECT COUNT(*) FROM schedules WHERE doctor_id = ? AND work_day = ?]
2026-01-04 15:58:42 [http-nio-8080-exec-9] DEBUG o.s.jdbc.datasource.DataSourceUtils - Fetching JDBC Connection from DataSource
2026-01-04 15:58:42 [http-nio-8080-exec-9] DEBUG o.s.jdbc.core.JdbcTemplate - Executing prepared SQL query
2026-01-04 15:58:42 [http-nio-8080-exec-9] DEBUG o.s.jdbc.core.JdbcTemplate - Executing prepared SQL statement [SELECT COUNT(*) FROM schedules WHERE doctor_id = ? AND work_day = ?]
2026-01-04 15:58:42 [http-nio-8080-exec-9] DEBUG o.s.jdbc.datasource.DataSourceUtils - Fetching JDBC Connection from DataSource
2026-01-04 15:58:42 [http-nio-8080-exec-9] DEBUG o.s.jdbc.core.JdbcTemplate - Executing prepared SQL query
2026-01-04 15:58:42 [http-nio-8080-exec-9] DEBUG o.s.jdbc.core.JdbcTemplate - Executing prepared SQL statement [SELECT COUNT(*) FROM schedules WHERE doctor_id = ? AND work_day = ?]
2026-01-04 15:58:42 [http-nio-8080-exec-9] DEBUG o.s.jdbc.datasource.DataSourceUtils - Fetching JDBC Connection from DataSource
2026-01-04 15:58:42 [http-nio-8080-exec-9] DEBUG o.s.jdbc.core.JdbcTemplate - Executing prepared SQL query
2026-01-04 15:58:42 [http-nio-8080-exec-9] DEBUG o.s.jdbc.core.JdbcTemplate - Executing prepared SQL statement [SELECT COUNT(*) FROM schedules WHERE doctor_id = ? AND work_day = ?]
2026-01-04 15:58:42 [http-nio-8080-exec-9] DEBUG o.s.jdbc.datasource.DataSourceUtils - Fetching JDBC Connection from DataSource
2026-01-04 15:58:42 [http-nio-8080-exec-9] DEBUG o.s.jdbc.core.JdbcTemplate - Executing prepared SQL query
2026-01-04 15:58:42 [http-nio-8080-exec-9] DEBUG o.s.jdbc.core.JdbcTemplate - Executing prepared SQL statement [SELECT COUNT(*) FROM schedules WHERE doctor_id = ? AND work_day = ?]
2026-01-04 15:58:42 [http-nio-8080-exec-9] DEBUG o.s.jdbc.datasource.DataSourceUtils - Fetching JDBC Connection from DataSource
2026-01-04 15:58:42 [http-nio-8080-exec-9] DEBUG o.s.jdbc.core.JdbcTemplate - Executing prepared SQL query
2026-01-04 15:58:42 [http-nio-8080-exec-9] DEBUG o.s.jdbc.core.JdbcTemplate - Executing prepared SQL statement [SELECT COUNT(*) FROM schedules WHERE doctor_id = ? AND work_day = ?]
2026-01-04 15:58:42 [http-nio-8080-exec-9] DEBUG o.s.jdbc.datasource.DataSourceUtils - Fetching JDBC Connection from DataSource
2026-01-04 15:58:42 [http-nio-8080-exec-9] DEBUG o.s.jdbc.core.JdbcTemplate - Executing prepared SQL query
2026-01-04 15:58:42 [http-nio-8080-exec-9] DEBUG o.s.jdbc.core.JdbcTemplate - Executing prepared SQL statement [SELECT COUNT(*) FROM schedules WHERE doctor_id = ? AND work_day = ?]
2026-01-04 15:58:42 [http-nio-8080-exec-9] DEBUG o.s.jdbc.datasource.DataSourceUtils - Fetching JDBC Connection from DataSource
2026-01-04 15:58:42 [http-nio-8080-exec-9] DEBUG o.s.jdbc.core.JdbcTemplate - Executing prepared SQL query
2026-01-04 15:58:42 [http-nio-8080-exec-9] DEBUG o.s.jdbc.core.JdbcTemplate - Executing prepared SQL statement [SELECT COUNT(*) FROM schedules WHERE doctor_id = ? AND work_day = ?]
2026-01-04 15:58:42 [http-nio-8080-exec-9] DEBUG o.s.jdbc.datasource.DataSourceUtils - Fetching JDBC Connection from DataSource
2026-01-04 15:58:42 [http-nio-8080-exec-9] DEBUG org.hibernate.SQL - 
    select
        d1_0.dept_id,
        d1_0.dept_code,
        d1_0.dept_name,
        d1_0.dept_type,
        d1_0.director_id,
        d1_0.introduction 
    from
        departments d1_0 
    where
        d1_0.dept_id=?
2026-01-04 15:58:42 [http-nio-8080-exec-9] TRACE org.hibernate.orm.jdbc.bind - binding parameter (1:INTEGER) <- [23]
2026-01-04 15:58:42 [http-nio-8080-exec-9] DEBUG o.s.jdbc.core.JdbcTemplate - Executing prepared SQL query
2026-01-04 15:58:42 [http-nio-8080-exec-9] DEBUG o.s.jdbc.core.JdbcTemplate - Executing prepared SQL statement [SELECT COUNT(*) FROM schedules WHERE doctor_id = ? AND work_day = ?]
2026-01-04 15:58:42 [http-nio-8080-exec-9] DEBUG o.s.jdbc.datasource.DataSourceUtils - Fetching JDBC Connection from DataSource
2026-01-04 15:58:42 [http-nio-8080-exec-9] DEBUG o.s.jdbc.core.JdbcTemplate - Executing prepared SQL query
2026-01-04 15:58:42 [http-nio-8080-exec-9] DEBUG o.s.jdbc.core.JdbcTemplate - Executing prepared SQL statement [SELECT COUNT(*) FROM schedules WHERE doctor_id = ? AND work_day = ?]
2026-01-04 15:58:42 [http-nio-8080-exec-9] DEBUG o.s.jdbc.datasource.DataSourceUtils - Fetching JDBC Connection from DataSource
2026-01-04 15:58:42 [http-nio-8080-exec-9] DEBUG o.s.jdbc.core.JdbcTemplate - Executing prepared SQL query
2026-01-04 15:58:42 [http-nio-8080-exec-9] DEBUG o.s.jdbc.core.JdbcTemplate - Executing prepared SQL statement [SELECT COUNT(*) FROM schedules WHERE doctor_id = ? AND work_day = ?]
2026-01-04 15:58:42 [http-nio-8080-exec-9] DEBUG o.s.jdbc.datasource.DataSourceUtils - Fetching JDBC Connection from DataSource
2026-01-04 15:58:42 [http-nio-8080-exec-9] DEBUG o.s.jdbc.core.JdbcTemplate - Executing prepared SQL query
2026-01-04 15:58:42 [http-nio-8080-exec-9] DEBUG o.s.jdbc.core.JdbcTemplate - Executing prepared SQL statement [SELECT COUNT(*) FROM schedules WHERE doctor_id = ? AND work_day = ?]
2026-01-04 15:58:42 [http-nio-8080-exec-9] DEBUG o.s.jdbc.datasource.DataSourceUtils - Fetching JDBC Connection from DataSource
2026-01-04 15:58:42 [http-nio-8080-exec-9] DEBUG o.s.jdbc.core.JdbcTemplate - Executing prepared SQL query
2026-01-04 15:58:42 [http-nio-8080-exec-9] DEBUG o.s.jdbc.core.JdbcTemplate - Executing prepared SQL statement [SELECT COUNT(*) FROM schedules WHERE doctor_id = ? AND work_day = ?]
2026-01-04 15:58:42 [http-nio-8080-exec-9] DEBUG o.s.jdbc.datasource.DataSourceUtils - Fetching JDBC Connection from DataSource
2026-01-04 15:58:42 [http-nio-8080-exec-9] DEBUG o.s.jdbc.core.JdbcTemplate - Executing prepared SQL query
2026-01-04 15:58:42 [http-nio-8080-exec-9] DEBUG o.s.jdbc.core.JdbcTemplate - Executing prepared SQL statement [SELECT COUNT(*) FROM schedules WHERE doctor_id = ? AND work_day = ?]
2026-01-04 15:58:42 [http-nio-8080-exec-9] DEBUG o.s.jdbc.datasource.DataSourceUtils - Fetching JDBC Connection from DataSource
2026-01-04 15:58:42 [http-nio-8080-exec-9] DEBUG o.s.jdbc.core.JdbcTemplate - Executing prepared SQL query
2026-01-04 15:58:42 [http-nio-8080-exec-9] DEBUG o.s.jdbc.core.JdbcTemplate - Executing prepared SQL statement [SELECT COUNT(*) FROM schedules WHERE doctor_id = ? AND work_day = ?]
2026-01-04 15:58:42 [http-nio-8080-exec-9] DEBUG o.s.jdbc.datasource.DataSourceUtils - Fetching JDBC Connection from DataSource
2026-01-04 15:58:42 [http-nio-8080-exec-9] DEBUG o.s.jdbc.core.JdbcTemplate - Executing prepared SQL query
2026-01-04 15:58:42 [http-nio-8080-exec-9] DEBUG o.s.jdbc.core.JdbcTemplate - Executing prepared SQL statement [SELECT COUNT(*) FROM schedules WHERE doctor_id = ? AND work_day = ?]
2026-01-04 15:58:42 [http-nio-8080-exec-9] DEBUG o.s.jdbc.datasource.DataSourceUtils - Fetching JDBC Connection from DataSource
2026-01-04 15:58:42 [http-nio-8080-exec-9] DEBUG o.s.jdbc.core.JdbcTemplate - Executing prepared SQL query
2026-01-04 15:58:42 [http-nio-8080-exec-9] DEBUG o.s.jdbc.core.JdbcTemplate - Executing prepared SQL statement [SELECT COUNT(*) FROM schedules WHERE doctor_id = ? AND work_day = ?]
2026-01-04 15:58:42 [http-nio-8080-exec-9] DEBUG o.s.jdbc.datasource.DataSourceUtils - Fetching JDBC Connection from DataSource
2026-01-04 15:58:42 [http-nio-8080-exec-9] DEBUG o.s.jdbc.core.JdbcTemplate - Executing prepared SQL query
2026-01-04 15:58:42 [http-nio-8080-exec-9] DEBUG o.s.jdbc.core.JdbcTemplate - Executing prepared SQL statement [SELECT COUNT(*) FROM schedules WHERE doctor_id = ? AND work_day = ?]
2026-01-04 15:58:42 [http-nio-8080-exec-9] DEBUG o.s.jdbc.datasource.DataSourceUtils - Fetching JDBC Connection from DataSource
2026-01-04 15:58:42 [http-nio-8080-exec-9] DEBUG o.s.jdbc.core.JdbcTemplate - Executing prepared SQL query
2026-01-04 15:58:42 [http-nio-8080-exec-9] DEBUG o.s.jdbc.core.JdbcTemplate - Executing prepared SQL statement [SELECT COUNT(*) FROM schedules WHERE doctor_id = ? AND work_day = ?]
2026-01-04 15:58:42 [http-nio-8080-exec-9] DEBUG o.s.jdbc.datasource.DataSourceUtils - Fetching JDBC Connection from DataSource
2026-01-04 15:58:42 [http-nio-8080-exec-9] DEBUG o.s.jdbc.core.JdbcTemplate - Executing prepared SQL query
2026-01-04 15:58:42 [http-nio-8080-exec-9] DEBUG o.s.jdbc.core.JdbcTemplate - Executing prepared SQL statement [SELECT COUNT(*) FROM schedules WHERE doctor_id = ? AND work_day = ?]
2026-01-04 15:58:42 [http-nio-8080-exec-9] DEBUG o.s.jdbc.datasource.DataSourceUtils - Fetching JDBC Connection from DataSource
2026-01-04 15:58:42 [http-nio-8080-exec-9] DEBUG o.s.jdbc.core.JdbcTemplate - Executing prepared SQL query
2026-01-04 15:58:42 [http-nio-8080-exec-9] DEBUG o.s.jdbc.core.JdbcTemplate - Executing prepared SQL statement [SELECT COUNT(*) FROM schedules WHERE doctor_id = ? AND work_day = ?]
2026-01-04 15:58:42 [http-nio-8080-exec-9] DEBUG o.s.jdbc.datasource.DataSourceUtils - Fetching JDBC Connection from DataSource
2026-01-04 15:58:42 [http-nio-8080-exec-9] DEBUG o.s.jdbc.core.JdbcTemplate - Executing prepared SQL query
2026-01-04 15:58:42 [http-nio-8080-exec-9] DEBUG o.s.jdbc.core.JdbcTemplate - Executing prepared SQL statement [SELECT COUNT(*) FROM schedules WHERE doctor_id = ? AND work_day = ?]
2026-01-04 15:58:42 [http-nio-8080-exec-9] DEBUG o.s.jdbc.datasource.DataSourceUtils - Fetching JDBC Connection from DataSource
2026-01-04 15:58:42 [http-nio-8080-exec-9] DEBUG o.s.jdbc.core.JdbcTemplate - Executing prepared SQL query
2026-01-04 15:58:42 [http-nio-8080-exec-9] DEBUG o.s.jdbc.core.JdbcTemplate - Executing prepared SQL statement [SELECT COUNT(*) FROM schedules WHERE doctor_id = ? AND work_day = ?]
2026-01-04 15:58:42 [http-nio-8080-exec-9] DEBUG o.s.jdbc.datasource.DataSourceUtils - Fetching JDBC Connection from DataSource
2026-01-04 15:58:42 [http-nio-8080-exec-9] DEBUG org.hibernate.SQL - 
    select
        d1_0.dept_id,
        d1_0.dept_code,
        d1_0.dept_name,
        d1_0.dept_type,
        d1_0.director_id,
        d1_0.introduction 
    from
        departments d1_0 
    where
        d1_0.dept_id=?
2026-01-04 15:58:42 [http-nio-8080-exec-9] TRACE org.hibernate.orm.jdbc.bind - binding parameter (1:INTEGER) <- [24]
2026-01-04 15:58:42 [http-nio-8080-exec-9] DEBUG o.s.jdbc.core.JdbcTemplate - Executing prepared SQL query
2026-01-04 15:58:42 [http-nio-8080-exec-9] DEBUG o.s.jdbc.core.JdbcTemplate - Executing prepared SQL statement [SELECT COUNT(*) FROM schedules WHERE doctor_id = ? AND work_day = ?]
2026-01-04 15:58:42 [http-nio-8080-exec-9] DEBUG o.s.jdbc.datasource.DataSourceUtils - Fetching JDBC Connection from DataSource
2026-01-04 15:58:42 [http-nio-8080-exec-9] DEBUG o.s.jdbc.core.JdbcTemplate - Executing prepared SQL query
2026-01-04 15:58:42 [http-nio-8080-exec-9] DEBUG o.s.jdbc.core.JdbcTemplate - Executing prepared SQL statement [SELECT COUNT(*) FROM schedules WHERE doctor_id = ? AND work_day = ?]
2026-01-04 15:58:42 [http-nio-8080-exec-9] DEBUG o.s.jdbc.datasource.DataSourceUtils - Fetching JDBC Connection from DataSource
2026-01-04 15:58:42 [http-nio-8080-exec-9] DEBUG o.s.jdbc.core.JdbcTemplate - Executing prepared SQL query
2026-01-04 15:58:42 [http-nio-8080-exec-9] DEBUG o.s.jdbc.core.JdbcTemplate - Executing prepared SQL statement [SELECT COUNT(*) FROM schedules WHERE doctor_id = ? AND work_day = ?]
2026-01-04 15:58:42 [http-nio-8080-exec-9] DEBUG o.s.jdbc.datasource.DataSourceUtils - Fetching JDBC Connection from DataSource
2026-01-04 15:58:42 [http-nio-8080-exec-9] DEBUG o.s.jdbc.core.JdbcTemplate - Executing prepared SQL query
2026-01-04 15:58:42 [http-nio-8080-exec-9] DEBUG o.s.jdbc.core.JdbcTemplate - Executing prepared SQL statement [SELECT COUNT(*) FROM schedules WHERE doctor_id = ? AND work_day = ?]
2026-01-04 15:58:42 [http-nio-8080-exec-9] DEBUG o.s.jdbc.datasource.DataSourceUtils - Fetching JDBC Connection from DataSource
2026-01-04 15:58:42 [http-nio-8080-exec-9] DEBUG o.s.jdbc.core.JdbcTemplate - Executing prepared SQL query
2026-01-04 15:58:42 [http-nio-8080-exec-9] DEBUG o.s.jdbc.core.JdbcTemplate - Executing prepared SQL statement [SELECT COUNT(*) FROM schedules WHERE doctor_id = ? AND work_day = ?]
2026-01-04 15:58:42 [http-nio-8080-exec-9] DEBUG o.s.jdbc.datasource.DataSourceUtils - Fetching JDBC Connection from DataSource
2026-01-04 15:58:42 [http-nio-8080-exec-9] DEBUG o.s.jdbc.core.JdbcTemplate - Executing prepared SQL query
2026-01-04 15:58:42 [http-nio-8080-exec-9] DEBUG o.s.jdbc.core.JdbcTemplate - Executing prepared SQL statement [SELECT COUNT(*) FROM schedules WHERE doctor_id = ? AND work_day = ?]
2026-01-04 15:58:42 [http-nio-8080-exec-9] DEBUG o.s.jdbc.datasource.DataSourceUtils - Fetching JDBC Connection from DataSource
2026-01-04 15:58:42 [http-nio-8080-exec-9] DEBUG o.s.jdbc.core.JdbcTemplate - Executing prepared SQL query
2026-01-04 15:58:42 [http-nio-8080-exec-9] DEBUG o.s.jdbc.core.JdbcTemplate - Executing prepared SQL statement [SELECT COUNT(*) FROM schedules WHERE doctor_id = ? AND work_day = ?]
2026-01-04 15:58:42 [http-nio-8080-exec-9] DEBUG o.s.jdbc.datasource.DataSourceUtils - Fetching JDBC Connection from DataSource
2026-01-04 15:58:42 [http-nio-8080-exec-9] DEBUG o.s.jdbc.core.JdbcTemplate - Executing prepared SQL query
2026-01-04 15:58:42 [http-nio-8080-exec-9] DEBUG o.s.jdbc.core.JdbcTemplate - Executing prepared SQL statement [SELECT COUNT(*) FROM schedules WHERE doctor_id = ? AND work_day = ?]
2026-01-04 15:58:42 [http-nio-8080-exec-9] DEBUG o.s.jdbc.datasource.DataSourceUtils - Fetching JDBC Connection from DataSource
2026-01-04 15:58:42 [http-nio-8080-exec-9] DEBUG o.s.jdbc.core.JdbcTemplate - Executing prepared SQL query
2026-01-04 15:58:42 [http-nio-8080-exec-9] DEBUG o.s.jdbc.core.JdbcTemplate - Executing prepared SQL statement [SELECT COUNT(*) FROM schedules WHERE doctor_id = ? AND work_day = ?]
2026-01-04 15:58:42 [http-nio-8080-exec-9] DEBUG o.s.jdbc.datasource.DataSourceUtils - Fetching JDBC Connection from DataSource
2026-01-04 15:58:42 [http-nio-8080-exec-9] DEBUG o.s.jdbc.core.JdbcTemplate - Executing prepared SQL query
2026-01-04 15:58:42 [http-nio-8080-exec-9] DEBUG o.s.jdbc.core.JdbcTemplate - Executing prepared SQL statement [SELECT COUNT(*) FROM schedules WHERE doctor_id = ? AND work_day = ?]
2026-01-04 15:58:42 [http-nio-8080-exec-9] DEBUG o.s.jdbc.datasource.DataSourceUtils - Fetching JDBC Connection from DataSource
2026-01-04 15:58:42 [http-nio-8080-exec-9] DEBUG o.s.jdbc.core.JdbcTemplate - Executing prepared SQL query
2026-01-04 15:58:42 [http-nio-8080-exec-9] DEBUG o.s.jdbc.core.JdbcTemplate - Executing prepared SQL statement [SELECT COUNT(*) FROM schedules WHERE doctor_id = ? AND work_day = ?]
2026-01-04 15:58:42 [http-nio-8080-exec-9] DEBUG o.s.jdbc.datasource.DataSourceUtils - Fetching JDBC Connection from DataSource
2026-01-04 15:58:42 [http-nio-8080-exec-9] DEBUG o.s.jdbc.core.JdbcTemplate - Executing prepared SQL query
2026-01-04 15:58:42 [http-nio-8080-exec-9] DEBUG o.s.jdbc.core.JdbcTemplate - Executing prepared SQL statement [SELECT COUNT(*) FROM schedules WHERE doctor_id = ? AND work_day = ?]
2026-01-04 15:58:42 [http-nio-8080-exec-9] DEBUG o.s.jdbc.datasource.DataSourceUtils - Fetching JDBC Connection from DataSource
2026-01-04 15:58:42 [http-nio-8080-exec-9] DEBUG o.s.jdbc.core.JdbcTemplate - Executing prepared SQL query
2026-01-04 15:58:42 [http-nio-8080-exec-9] DEBUG o.s.jdbc.core.JdbcTemplate - Executing prepared SQL statement [SELECT COUNT(*) FROM schedules WHERE doctor_id = ? AND work_day = ?]
2026-01-04 15:58:42 [http-nio-8080-exec-9] DEBUG o.s.jdbc.datasource.DataSourceUtils - Fetching JDBC Connection from DataSource
2026-01-04 15:58:42 [http-nio-8080-exec-9] DEBUG o.s.jdbc.core.JdbcTemplate - Executing prepared SQL query
2026-01-04 15:58:42 [http-nio-8080-exec-9] DEBUG o.s.jdbc.core.JdbcTemplate - Executing prepared SQL statement [SELECT COUNT(*) FROM schedules WHERE doctor_id = ? AND work_day = ?]
2026-01-04 15:58:42 [http-nio-8080-exec-9] DEBUG o.s.jdbc.datasource.DataSourceUtils - Fetching JDBC Connection from DataSource
2026-01-04 15:58:42 [http-nio-8080-exec-9] DEBUG o.s.jdbc.core.JdbcTemplate - Executing prepared SQL query
2026-01-04 15:58:42 [http-nio-8080-exec-9] DEBUG o.s.jdbc.core.JdbcTemplate - Executing prepared SQL statement [SELECT COUNT(*) FROM schedules WHERE doctor_id = ? AND work_day = ?]
2026-01-04 15:58:42 [http-nio-8080-exec-9] DEBUG o.s.jdbc.datasource.DataSourceUtils - Fetching JDBC Connection from DataSource
2026-01-04 15:58:42 [http-nio-8080-exec-9] DEBUG org.hibernate.SQL - 
    select
        d1_0.dept_id,
        d1_0.dept_code,
        d1_0.dept_name,
        d1_0.dept_type,
        d1_0.director_id,
        d1_0.introduction 
    from
        departments d1_0 
    where
        d1_0.dept_id=?
2026-01-04 15:58:42 [http-nio-8080-exec-9] TRACE org.hibernate.orm.jdbc.bind - binding parameter (1:INTEGER) <- [25]
2026-01-04 15:58:42 [http-nio-8080-exec-9] DEBUG o.s.jdbc.core.JdbcTemplate - Executing prepared SQL query
2026-01-04 15:58:42 [http-nio-8080-exec-9] DEBUG o.s.jdbc.core.JdbcTemplate - Executing prepared SQL statement [SELECT COUNT(*) FROM schedules WHERE doctor_id = ? AND work_day = ?]
2026-01-04 15:58:42 [http-nio-8080-exec-9] DEBUG o.s.jdbc.datasource.DataSourceUtils - Fetching JDBC Connection from DataSource
2026-01-04 15:58:42 [http-nio-8080-exec-9] DEBUG o.s.jdbc.core.JdbcTemplate - Executing prepared SQL query
2026-01-04 15:58:42 [http-nio-8080-exec-9] DEBUG o.s.jdbc.core.JdbcTemplate - Executing prepared SQL statement [SELECT COUNT(*) FROM schedules WHERE doctor_id = ? AND work_day = ?]
2026-01-04 15:58:42 [http-nio-8080-exec-9] DEBUG o.s.jdbc.datasource.DataSourceUtils - Fetching JDBC Connection from DataSource
2026-01-04 15:58:42 [http-nio-8080-exec-9] DEBUG o.s.jdbc.core.JdbcTemplate - Executing prepared SQL query
2026-01-04 15:58:42 [http-nio-8080-exec-9] DEBUG o.s.jdbc.core.JdbcTemplate - Executing prepared SQL statement [SELECT COUNT(*) FROM schedules WHERE doctor_id = ? AND work_day = ?]
2026-01-04 15:58:42 [http-nio-8080-exec-9] DEBUG o.s.jdbc.datasource.DataSourceUtils - Fetching JDBC Connection from DataSource
2026-01-04 15:58:42 [http-nio-8080-exec-9] DEBUG o.s.jdbc.core.JdbcTemplate - Executing prepared SQL query
2026-01-04 15:58:42 [http-nio-8080-exec-9] DEBUG o.s.jdbc.core.JdbcTemplate - Executing prepared SQL statement [SELECT COUNT(*) FROM schedules WHERE doctor_id = ? AND work_day = ?]
2026-01-04 15:58:42 [http-nio-8080-exec-9] DEBUG o.s.jdbc.datasource.DataSourceUtils - Fetching JDBC Connection from DataSource
2026-01-04 15:58:42 [http-nio-8080-exec-9] DEBUG o.s.jdbc.core.JdbcTemplate - Executing prepared SQL query
2026-01-04 15:58:42 [http-nio-8080-exec-9] DEBUG o.s.jdbc.core.JdbcTemplate - Executing prepared SQL statement [SELECT COUNT(*) FROM schedules WHERE doctor_id = ? AND work_day = ?]
2026-01-04 15:58:42 [http-nio-8080-exec-9] DEBUG o.s.jdbc.datasource.DataSourceUtils - Fetching JDBC Connection from DataSource
2026-01-04 15:58:42 [http-nio-8080-exec-9] DEBUG o.s.jdbc.core.JdbcTemplate - Executing prepared SQL query
2026-01-04 15:58:42 [http-nio-8080-exec-9] DEBUG o.s.jdbc.core.JdbcTemplate - Executing prepared SQL statement [SELECT COUNT(*) FROM schedules WHERE doctor_id = ? AND work_day = ?]
2026-01-04 15:58:42 [http-nio-8080-exec-9] DEBUG o.s.jdbc.datasource.DataSourceUtils - Fetching JDBC Connection from DataSource
2026-01-04 15:58:42 [http-nio-8080-exec-9] DEBUG o.s.jdbc.core.JdbcTemplate - Executing prepared SQL query
2026-01-04 15:58:42 [http-nio-8080-exec-9] DEBUG o.s.jdbc.core.JdbcTemplate - Executing prepared SQL statement [SELECT COUNT(*) FROM schedules WHERE doctor_id = ? AND work_day = ?]
2026-01-04 15:58:42 [http-nio-8080-exec-9] DEBUG o.s.jdbc.datasource.DataSourceUtils - Fetching JDBC Connection from DataSource
2026-01-04 15:58:42 [http-nio-8080-exec-9] DEBUG o.s.jdbc.core.JdbcTemplate - Executing prepared SQL query
2026-01-04 15:58:42 [http-nio-8080-exec-9] DEBUG o.s.jdbc.core.JdbcTemplate - Executing prepared SQL statement [SELECT COUNT(*) FROM schedules WHERE doctor_id = ? AND work_day = ?]
2026-01-04 15:58:42 [http-nio-8080-exec-9] DEBUG o.s.jdbc.datasource.DataSourceUtils - Fetching JDBC Connection from DataSource
2026-01-04 15:58:42 [http-nio-8080-exec-9] DEBUG o.s.jdbc.core.JdbcTemplate - Executing prepared SQL query
2026-01-04 15:58:42 [http-nio-8080-exec-9] DEBUG o.s.jdbc.core.JdbcTemplate - Executing prepared SQL statement [SELECT COUNT(*) FROM schedules WHERE doctor_id = ? AND work_day = ?]
2026-01-04 15:58:42 [http-nio-8080-exec-9] DEBUG o.s.jdbc.datasource.DataSourceUtils - Fetching JDBC Connection from DataSource
2026-01-04 15:58:42 [http-nio-8080-exec-9] DEBUG o.s.jdbc.core.JdbcTemplate - Executing prepared SQL query
2026-01-04 15:58:42 [http-nio-8080-exec-9] DEBUG o.s.jdbc.core.JdbcTemplate - Executing prepared SQL statement [SELECT COUNT(*) FROM schedules WHERE doctor_id = ? AND work_day = ?]
2026-01-04 15:58:42 [http-nio-8080-exec-9] DEBUG o.s.jdbc.datasource.DataSourceUtils - Fetching JDBC Connection from DataSource
2026-01-04 15:58:42 [http-nio-8080-exec-9] DEBUG o.s.jdbc.core.JdbcTemplate - Executing prepared SQL query
2026-01-04 15:58:42 [http-nio-8080-exec-9] DEBUG o.s.jdbc.core.JdbcTemplate - Executing prepared SQL statement [SELECT COUNT(*) FROM schedules WHERE doctor_id = ? AND work_day = ?]
2026-01-04 15:58:42 [http-nio-8080-exec-9] DEBUG o.s.jdbc.datasource.DataSourceUtils - Fetching JDBC Connection from DataSource
2026-01-04 15:58:42 [http-nio-8080-exec-9] DEBUG o.s.jdbc.core.JdbcTemplate - Executing prepared SQL query
2026-01-04 15:58:42 [http-nio-8080-exec-9] DEBUG o.s.jdbc.core.JdbcTemplate - Executing prepared SQL statement [SELECT COUNT(*) FROM schedules WHERE doctor_id = ? AND work_day = ?]
2026-01-04 15:58:42 [http-nio-8080-exec-9] DEBUG o.s.jdbc.datasource.DataSourceUtils - Fetching JDBC Connection from DataSource
2026-01-04 15:58:42 [http-nio-8080-exec-9] DEBUG o.s.jdbc.core.JdbcTemplate - Executing prepared SQL query
2026-01-04 15:58:42 [http-nio-8080-exec-9] DEBUG o.s.jdbc.core.JdbcTemplate - Executing prepared SQL statement [SELECT COUNT(*) FROM schedules WHERE doctor_id = ? AND work_day = ?]
2026-01-04 15:58:42 [http-nio-8080-exec-9] DEBUG o.s.jdbc.datasource.DataSourceUtils - Fetching JDBC Connection from DataSource
2026-01-04 15:58:42 [http-nio-8080-exec-9] DEBUG o.s.jdbc.core.JdbcTemplate - Executing prepared SQL query
2026-01-04 15:58:42 [http-nio-8080-exec-9] DEBUG o.s.jdbc.core.JdbcTemplate - Executing prepared SQL statement [SELECT COUNT(*) FROM schedules WHERE doctor_id = ? AND work_day = ?]
2026-01-04 15:58:42 [http-nio-8080-exec-9] DEBUG o.s.jdbc.datasource.DataSourceUtils - Fetching JDBC Connection from DataSource
2026-01-04 15:58:42 [http-nio-8080-exec-9] DEBUG o.s.jdbc.core.JdbcTemplate - Executing prepared SQL query
2026-01-04 15:58:42 [http-nio-8080-exec-9] DEBUG o.s.jdbc.core.JdbcTemplate - Executing prepared SQL statement [SELECT COUNT(*) FROM schedules WHERE doctor_id = ? AND work_day = ?]
2026-01-04 15:58:42 [http-nio-8080-exec-9] DEBUG o.s.jdbc.datasource.DataSourceUtils - Fetching JDBC Connection from DataSource
2026-01-04 15:58:42 [http-nio-8080-exec-9] DEBUG org.hibernate.SQL - 
    select
        d1_0.dept_id,
        d1_0.dept_code,
        d1_0.dept_name,
        d1_0.dept_type,
        d1_0.director_id,
        d1_0.introduction 
    from
        departments d1_0 
    where
        d1_0.dept_id=?
2026-01-04 15:58:42 [http-nio-8080-exec-9] TRACE org.hibernate.orm.jdbc.bind - binding parameter (1:INTEGER) <- [26]
2026-01-04 15:58:42 [http-nio-8080-exec-9] DEBUG o.s.jdbc.core.JdbcTemplate - Executing prepared SQL query
2026-01-04 15:58:42 [http-nio-8080-exec-9] DEBUG o.s.jdbc.core.JdbcTemplate - Executing prepared SQL statement [SELECT COUNT(*) FROM schedules WHERE doctor_id = ? AND work_day = ?]
2026-01-04 15:58:42 [http-nio-8080-exec-9] DEBUG o.s.jdbc.datasource.DataSourceUtils - Fetching JDBC Connection from DataSource
2026-01-04 15:58:42 [http-nio-8080-exec-9] DEBUG o.s.jdbc.core.JdbcTemplate - Executing prepared SQL query
2026-01-04 15:58:42 [http-nio-8080-exec-9] DEBUG o.s.jdbc.core.JdbcTemplate - Executing prepared SQL statement [SELECT COUNT(*) FROM schedules WHERE doctor_id = ? AND work_day = ?]
2026-01-04 15:58:42 [http-nio-8080-exec-9] DEBUG o.s.jdbc.datasource.DataSourceUtils - Fetching JDBC Connection from DataSource
2026-01-04 15:58:42 [http-nio-8080-exec-9] DEBUG o.s.jdbc.core.JdbcTemplate - Executing prepared SQL query
2026-01-04 15:58:42 [http-nio-8080-exec-9] DEBUG o.s.jdbc.core.JdbcTemplate - Executing prepared SQL statement [SELECT COUNT(*) FROM schedules WHERE doctor_id = ? AND work_day = ?]
2026-01-04 15:58:42 [http-nio-8080-exec-9] DEBUG o.s.jdbc.datasource.DataSourceUtils - Fetching JDBC Connection from DataSource
2026-01-04 15:58:42 [http-nio-8080-exec-9] DEBUG o.s.jdbc.core.JdbcTemplate - Executing prepared SQL query
2026-01-04 15:58:42 [http-nio-8080-exec-9] DEBUG o.s.jdbc.core.JdbcTemplate - Executing prepared SQL statement [SELECT COUNT(*) FROM schedules WHERE doctor_id = ? AND work_day = ?]
2026-01-04 15:58:42 [http-nio-8080-exec-9] DEBUG o.s.jdbc.datasource.DataSourceUtils - Fetching JDBC Connection from DataSource
2026-01-04 15:58:42 [http-nio-8080-exec-9] DEBUG o.s.jdbc.core.JdbcTemplate - Executing prepared SQL query
2026-01-04 15:58:42 [http-nio-8080-exec-9] DEBUG o.s.jdbc.core.JdbcTemplate - Executing prepared SQL statement [SELECT COUNT(*) FROM schedules WHERE doctor_id = ? AND work_day = ?]
2026-01-04 15:58:42 [http-nio-8080-exec-9] DEBUG o.s.jdbc.datasource.DataSourceUtils - Fetching JDBC Connection from DataSource
2026-01-04 15:58:42 [http-nio-8080-exec-9] DEBUG o.s.jdbc.core.JdbcTemplate - Executing prepared SQL query
2026-01-04 15:58:42 [http-nio-8080-exec-9] DEBUG o.s.jdbc.core.JdbcTemplate - Executing prepared SQL statement [SELECT COUNT(*) FROM schedules WHERE doctor_id = ? AND work_day = ?]
2026-01-04 15:58:42 [http-nio-8080-exec-9] DEBUG o.s.jdbc.datasource.DataSourceUtils - Fetching JDBC Connection from DataSource
2026-01-04 15:58:42 [http-nio-8080-exec-9] DEBUG o.s.jdbc.core.JdbcTemplate - Executing prepared SQL query
2026-01-04 15:58:42 [http-nio-8080-exec-9] DEBUG o.s.jdbc.core.JdbcTemplate - Executing prepared SQL statement [SELECT COUNT(*) FROM schedules WHERE doctor_id = ? AND work_day = ?]
2026-01-04 15:58:42 [http-nio-8080-exec-9] DEBUG o.s.jdbc.datasource.DataSourceUtils - Fetching JDBC Connection from DataSource
2026-01-04 15:58:42 [http-nio-8080-exec-9] DEBUG o.s.jdbc.core.JdbcTemplate - Executing prepared SQL query
2026-01-04 15:58:42 [http-nio-8080-exec-9] DEBUG o.s.jdbc.core.JdbcTemplate - Executing prepared SQL statement [SELECT COUNT(*) FROM schedules WHERE doctor_id = ? AND work_day = ?]
2026-01-04 15:58:42 [http-nio-8080-exec-9] DEBUG o.s.jdbc.datasource.DataSourceUtils - Fetching JDBC Connection from DataSource
2026-01-04 15:58:42 [http-nio-8080-exec-9] DEBUG o.s.jdbc.core.JdbcTemplate - Executing prepared SQL query
2026-01-04 15:58:42 [http-nio-8080-exec-9] DEBUG o.s.jdbc.core.JdbcTemplate - Executing prepared SQL statement [SELECT COUNT(*) FROM schedules WHERE doctor_id = ? AND work_day = ?]
2026-01-04 15:58:42 [http-nio-8080-exec-9] DEBUG o.s.jdbc.datasource.DataSourceUtils - Fetching JDBC Connection from DataSource
2026-01-04 15:58:42 [http-nio-8080-exec-9] DEBUG o.s.jdbc.core.JdbcTemplate - Executing prepared SQL query
2026-01-04 15:58:42 [http-nio-8080-exec-9] DEBUG o.s.jdbc.core.JdbcTemplate - Executing prepared SQL statement [SELECT COUNT(*) FROM schedules WHERE doctor_id = ? AND work_day = ?]
2026-01-04 15:58:42 [http-nio-8080-exec-9] DEBUG o.s.jdbc.datasource.DataSourceUtils - Fetching JDBC Connection from DataSource
2026-01-04 15:58:42 [http-nio-8080-exec-9] DEBUG o.s.jdbc.core.JdbcTemplate - Executing prepared SQL query
2026-01-04 15:58:42 [http-nio-8080-exec-9] DEBUG o.s.jdbc.core.JdbcTemplate - Executing prepared SQL statement [SELECT COUNT(*) FROM schedules WHERE doctor_id = ? AND work_day = ?]
2026-01-04 15:58:42 [http-nio-8080-exec-9] DEBUG o.s.jdbc.datasource.DataSourceUtils - Fetching JDBC Connection from DataSource
2026-01-04 15:58:42 [http-nio-8080-exec-9] DEBUG o.s.jdbc.core.JdbcTemplate - Executing prepared SQL query
2026-01-04 15:58:42 [http-nio-8080-exec-9] DEBUG o.s.jdbc.core.JdbcTemplate - Executing prepared SQL statement [SELECT COUNT(*) FROM schedules WHERE doctor_id = ? AND work_day = ?]
2026-01-04 15:58:42 [http-nio-8080-exec-9] DEBUG o.s.jdbc.datasource.DataSourceUtils - Fetching JDBC Connection from DataSource
2026-01-04 15:58:42 [http-nio-8080-exec-9] DEBUG o.s.jdbc.core.JdbcTemplate - Executing prepared SQL query
2026-01-04 15:58:42 [http-nio-8080-exec-9] DEBUG o.s.jdbc.core.JdbcTemplate - Executing prepared SQL statement [SELECT COUNT(*) FROM schedules WHERE doctor_id = ? AND work_day = ?]
2026-01-04 15:58:42 [http-nio-8080-exec-9] DEBUG o.s.jdbc.datasource.DataSourceUtils - Fetching JDBC Connection from DataSource
2026-01-04 15:58:42 [http-nio-8080-exec-9] DEBUG o.s.jdbc.core.JdbcTemplate - Executing prepared SQL query
2026-01-04 15:58:42 [http-nio-8080-exec-9] DEBUG o.s.jdbc.core.JdbcTemplate - Executing prepared SQL statement [SELECT COUNT(*) FROM schedules WHERE doctor_id = ? AND work_day = ?]
2026-01-04 15:58:42 [http-nio-8080-exec-9] DEBUG o.s.jdbc.datasource.DataSourceUtils - Fetching JDBC Connection from DataSource
2026-01-04 15:58:42 [http-nio-8080-exec-9] DEBUG o.s.jdbc.core.JdbcTemplate - Executing prepared SQL query
2026-01-04 15:58:42 [http-nio-8080-exec-9] DEBUG o.s.jdbc.core.JdbcTemplate - Executing prepared SQL statement [SELECT COUNT(*) FROM schedules WHERE doctor_id = ? AND work_day = ?]
2026-01-04 15:58:42 [http-nio-8080-exec-9] DEBUG o.s.jdbc.datasource.DataSourceUtils - Fetching JDBC Connection from DataSource
2026-01-04 15:58:42 [http-nio-8080-exec-9] DEBUG org.hibernate.SQL - 
    select
        d1_0.dept_id,
        d1_0.dept_code,
        d1_0.dept_name,
        d1_0.dept_type,
        d1_0.director_id,
        d1_0.introduction 
    from
        departments d1_0 
    where
        d1_0.dept_id=?
2026-01-04 15:58:42 [http-nio-8080-exec-9] TRACE org.hibernate.orm.jdbc.bind - binding parameter (1:INTEGER) <- [27]
2026-01-04 15:58:42 [http-nio-8080-exec-9] DEBUG o.s.jdbc.core.JdbcTemplate - Executing prepared SQL query
2026-01-04 15:58:42 [http-nio-8080-exec-9] DEBUG o.s.jdbc.core.JdbcTemplate - Executing prepared SQL statement [SELECT COUNT(*) FROM schedules WHERE doctor_id = ? AND work_day = ?]
2026-01-04 15:58:42 [http-nio-8080-exec-9] DEBUG o.s.jdbc.datasource.DataSourceUtils - Fetching JDBC Connection from DataSource
2026-01-04 15:58:42 [http-nio-8080-exec-9] DEBUG o.s.jdbc.core.JdbcTemplate - Executing prepared SQL query
2026-01-04 15:58:42 [http-nio-8080-exec-9] DEBUG o.s.jdbc.core.JdbcTemplate - Executing prepared SQL statement [SELECT COUNT(*) FROM schedules WHERE doctor_id = ? AND work_day = ?]
2026-01-04 15:58:42 [http-nio-8080-exec-9] DEBUG o.s.jdbc.datasource.DataSourceUtils - Fetching JDBC Connection from DataSource
2026-01-04 15:58:42 [http-nio-8080-exec-9] DEBUG o.s.jdbc.core.JdbcTemplate - Executing prepared SQL query
2026-01-04 15:58:42 [http-nio-8080-exec-9] DEBUG o.s.jdbc.core.JdbcTemplate - Executing prepared SQL statement [SELECT COUNT(*) FROM schedules WHERE doctor_id = ? AND work_day = ?]
2026-01-04 15:58:42 [http-nio-8080-exec-9] DEBUG o.s.jdbc.datasource.DataSourceUtils - Fetching JDBC Connection from DataSource
2026-01-04 15:58:42 [http-nio-8080-exec-9] DEBUG o.s.jdbc.core.JdbcTemplate - Executing prepared SQL query
2026-01-04 15:58:42 [http-nio-8080-exec-9] DEBUG o.s.jdbc.core.JdbcTemplate - Executing prepared SQL statement [SELECT COUNT(*) FROM schedules WHERE doctor_id = ? AND work_day = ?]
2026-01-04 15:58:42 [http-nio-8080-exec-9] DEBUG o.s.jdbc.datasource.DataSourceUtils - Fetching JDBC Connection from DataSource
2026-01-04 15:58:42 [http-nio-8080-exec-9] DEBUG o.s.jdbc.core.JdbcTemplate - Executing prepared SQL query
2026-01-04 15:58:42 [http-nio-8080-exec-9] DEBUG o.s.jdbc.core.JdbcTemplate - Executing prepared SQL statement [SELECT COUNT(*) FROM schedules WHERE doctor_id = ? AND work_day = ?]
2026-01-04 15:58:42 [http-nio-8080-exec-9] DEBUG o.s.jdbc.datasource.DataSourceUtils - Fetching JDBC Connection from DataSource
2026-01-04 15:58:42 [http-nio-8080-exec-9] DEBUG o.s.jdbc.core.JdbcTemplate - Executing prepared SQL query
2026-01-04 15:58:42 [http-nio-8080-exec-9] DEBUG o.s.jdbc.core.JdbcTemplate - Executing prepared SQL statement [SELECT COUNT(*) FROM schedules WHERE doctor_id = ? AND work_day = ?]
2026-01-04 15:58:42 [http-nio-8080-exec-9] DEBUG o.s.jdbc.datasource.DataSourceUtils - Fetching JDBC Connection from DataSource
2026-01-04 15:58:42 [http-nio-8080-exec-9] DEBUG o.s.jdbc.core.JdbcTemplate - Executing prepared SQL query
2026-01-04 15:58:42 [http-nio-8080-exec-9] DEBUG o.s.jdbc.core.JdbcTemplate - Executing prepared SQL statement [SELECT COUNT(*) FROM schedules WHERE doctor_id = ? AND work_day = ?]
2026-01-04 15:58:42 [http-nio-8080-exec-9] DEBUG o.s.jdbc.datasource.DataSourceUtils - Fetching JDBC Connection from DataSource
2026-01-04 15:58:42 [http-nio-8080-exec-9] DEBUG o.s.jdbc.core.JdbcTemplate - Executing prepared SQL query
2026-01-04 15:58:42 [http-nio-8080-exec-9] DEBUG o.s.jdbc.core.JdbcTemplate - Executing prepared SQL statement [SELECT COUNT(*) FROM schedules WHERE doctor_id = ? AND work_day = ?]
2026-01-04 15:58:42 [http-nio-8080-exec-9] DEBUG o.s.jdbc.datasource.DataSourceUtils - Fetching JDBC Connection from DataSource
2026-01-04 15:58:42 [http-nio-8080-exec-9] DEBUG o.s.jdbc.core.JdbcTemplate - Executing prepared SQL query
2026-01-04 15:58:42 [http-nio-8080-exec-9] DEBUG o.s.jdbc.core.JdbcTemplate - Executing prepared SQL statement [SELECT COUNT(*) FROM schedules WHERE doctor_id = ? AND work_day = ?]
2026-01-04 15:58:42 [http-nio-8080-exec-9] DEBUG o.s.jdbc.datasource.DataSourceUtils - Fetching JDBC Connection from DataSource
2026-01-04 15:58:42 [http-nio-8080-exec-9] DEBUG o.s.jdbc.core.JdbcTemplate - Executing prepared SQL query
2026-01-04 15:58:42 [http-nio-8080-exec-9] DEBUG o.s.jdbc.core.JdbcTemplate - Executing prepared SQL statement [SELECT COUNT(*) FROM schedules WHERE doctor_id = ? AND work_day = ?]
2026-01-04 15:58:42 [http-nio-8080-exec-9] DEBUG o.s.jdbc.datasource.DataSourceUtils - Fetching JDBC Connection from DataSource
2026-01-04 15:58:42 [http-nio-8080-exec-9] DEBUG o.s.jdbc.core.JdbcTemplate - Executing prepared SQL query
2026-01-04 15:58:42 [http-nio-8080-exec-9] DEBUG o.s.jdbc.core.JdbcTemplate - Executing prepared SQL statement [SELECT COUNT(*) FROM schedules WHERE doctor_id = ? AND work_day = ?]
2026-01-04 15:58:42 [http-nio-8080-exec-9] DEBUG o.s.jdbc.datasource.DataSourceUtils - Fetching JDBC Connection from DataSource
2026-01-04 15:58:42 [http-nio-8080-exec-9] DEBUG o.s.jdbc.core.JdbcTemplate - Executing prepared SQL query
2026-01-04 15:58:42 [http-nio-8080-exec-9] DEBUG o.s.jdbc.core.JdbcTemplate - Executing prepared SQL statement [SELECT COUNT(*) FROM schedules WHERE doctor_id = ? AND work_day = ?]
2026-01-04 15:58:42 [http-nio-8080-exec-9] DEBUG o.s.jdbc.datasource.DataSourceUtils - Fetching JDBC Connection from DataSource
2026-01-04 15:58:42 [http-nio-8080-exec-9] DEBUG o.s.jdbc.core.JdbcTemplate - Executing prepared SQL query
2026-01-04 15:58:42 [http-nio-8080-exec-9] DEBUG o.s.jdbc.core.JdbcTemplate - Executing prepared SQL statement [SELECT COUNT(*) FROM schedules WHERE doctor_id = ? AND work_day = ?]
2026-01-04 15:58:42 [http-nio-8080-exec-9] DEBUG o.s.jdbc.datasource.DataSourceUtils - Fetching JDBC Connection from DataSource
2026-01-04 15:58:42 [http-nio-8080-exec-9] DEBUG o.s.jdbc.core.JdbcTemplate - Executing prepared SQL query
2026-01-04 15:58:42 [http-nio-8080-exec-9] DEBUG o.s.jdbc.core.JdbcTemplate - Executing prepared SQL statement [SELECT COUNT(*) FROM schedules WHERE doctor_id = ? AND work_day = ?]
2026-01-04 15:58:42 [http-nio-8080-exec-9] DEBUG o.s.jdbc.datasource.DataSourceUtils - Fetching JDBC Connection from DataSource
2026-01-04 15:58:42 [http-nio-8080-exec-9] DEBUG o.s.jdbc.core.JdbcTemplate - Executing prepared SQL query
2026-01-04 15:58:42 [http-nio-8080-exec-9] DEBUG o.s.jdbc.core.JdbcTemplate - Executing prepared SQL statement [SELECT COUNT(*) FROM schedules WHERE doctor_id = ? AND work_day = ?]
2026-01-04 15:58:42 [http-nio-8080-exec-9] DEBUG o.s.jdbc.datasource.DataSourceUtils - Fetching JDBC Connection from DataSource
2026-01-04 15:58:42 [http-nio-8080-exec-9] DEBUG org.hibernate.SQL - 
    select
        d1_0.dept_id,
        d1_0.dept_code,
        d1_0.dept_name,
        d1_0.dept_type,
        d1_0.director_id,
        d1_0.introduction 
    from
        departments d1_0 
    where
        d1_0.dept_id=?
2026-01-04 15:58:42 [http-nio-8080-exec-9] TRACE org.hibernate.orm.jdbc.bind - binding parameter (1:INTEGER) <- [28]
2026-01-04 15:58:42 [http-nio-8080-exec-9] DEBUG o.s.jdbc.core.JdbcTemplate - Executing prepared SQL query
2026-01-04 15:58:42 [http-nio-8080-exec-9] DEBUG o.s.jdbc.core.JdbcTemplate - Executing prepared SQL statement [SELECT COUNT(*) FROM schedules WHERE doctor_id = ? AND work_day = ?]
2026-01-04 15:58:42 [http-nio-8080-exec-9] DEBUG o.s.jdbc.datasource.DataSourceUtils - Fetching JDBC Connection from DataSource
2026-01-04 15:58:42 [http-nio-8080-exec-9] DEBUG o.s.jdbc.core.JdbcTemplate - Executing prepared SQL query
2026-01-04 15:58:42 [http-nio-8080-exec-9] DEBUG o.s.jdbc.core.JdbcTemplate - Executing prepared SQL statement [SELECT COUNT(*) FROM schedules WHERE doctor_id = ? AND work_day = ?]
2026-01-04 15:58:42 [http-nio-8080-exec-9] DEBUG o.s.jdbc.datasource.DataSourceUtils - Fetching JDBC Connection from DataSource
2026-01-04 15:58:42 [http-nio-8080-exec-9] DEBUG o.s.jdbc.core.JdbcTemplate - Executing prepared SQL query
2026-01-04 15:58:42 [http-nio-8080-exec-9] DEBUG o.s.jdbc.core.JdbcTemplate - Executing prepared SQL statement [SELECT COUNT(*) FROM schedules WHERE doctor_id = ? AND work_day = ?]
2026-01-04 15:58:42 [http-nio-8080-exec-9] DEBUG o.s.jdbc.datasource.DataSourceUtils - Fetching JDBC Connection from DataSource
2026-01-04 15:58:42 [http-nio-8080-exec-9] DEBUG o.s.jdbc.core.JdbcTemplate - Executing prepared SQL query
2026-01-04 15:58:42 [http-nio-8080-exec-9] DEBUG o.s.jdbc.core.JdbcTemplate - Executing prepared SQL statement [SELECT COUNT(*) FROM schedules WHERE doctor_id = ? AND work_day = ?]
2026-01-04 15:58:42 [http-nio-8080-exec-9] DEBUG o.s.jdbc.datasource.DataSourceUtils - Fetching JDBC Connection from DataSource
2026-01-04 15:58:42 [http-nio-8080-exec-9] DEBUG o.s.jdbc.core.JdbcTemplate - Executing prepared SQL query
2026-01-04 15:58:42 [http-nio-8080-exec-9] DEBUG o.s.jdbc.core.JdbcTemplate - Executing prepared SQL statement [SELECT COUNT(*) FROM schedules WHERE doctor_id = ? AND work_day = ?]
2026-01-04 15:58:42 [http-nio-8080-exec-9] DEBUG o.s.jdbc.datasource.DataSourceUtils - Fetching JDBC Connection from DataSource
2026-01-04 15:58:42 [http-nio-8080-exec-9] DEBUG o.s.jdbc.core.JdbcTemplate - Executing prepared SQL query
2026-01-04 15:58:42 [http-nio-8080-exec-9] DEBUG o.s.jdbc.core.JdbcTemplate - Executing prepared SQL statement [SELECT COUNT(*) FROM schedules WHERE doctor_id = ? AND work_day = ?]
2026-01-04 15:58:42 [http-nio-8080-exec-9] DEBUG o.s.jdbc.datasource.DataSourceUtils - Fetching JDBC Connection from DataSource
2026-01-04 15:58:42 [http-nio-8080-exec-9] DEBUG o.s.jdbc.core.JdbcTemplate - Executing prepared SQL query
2026-01-04 15:58:42 [http-nio-8080-exec-9] DEBUG o.s.jdbc.core.JdbcTemplate - Executing prepared SQL statement [SELECT COUNT(*) FROM schedules WHERE doctor_id = ? AND work_day = ?]
2026-01-04 15:58:42 [http-nio-8080-exec-9] DEBUG o.s.jdbc.datasource.DataSourceUtils - Fetching JDBC Connection from DataSource
2026-01-04 15:58:42 [http-nio-8080-exec-9] DEBUG o.s.jdbc.core.JdbcTemplate - Executing prepared SQL query
2026-01-04 15:58:42 [http-nio-8080-exec-9] DEBUG o.s.jdbc.core.JdbcTemplate - Executing prepared SQL statement [SELECT COUNT(*) FROM schedules WHERE doctor_id = ? AND work_day = ?]
2026-01-04 15:58:42 [http-nio-8080-exec-9] DEBUG o.s.jdbc.datasource.DataSourceUtils - Fetching JDBC Connection from DataSource
2026-01-04 15:58:42 [http-nio-8080-exec-9] DEBUG o.s.jdbc.core.JdbcTemplate - Executing prepared SQL query
2026-01-04 15:58:42 [http-nio-8080-exec-9] DEBUG o.s.jdbc.core.JdbcTemplate - Executing prepared SQL statement [SELECT COUNT(*) FROM schedules WHERE doctor_id = ? AND work_day = ?]
2026-01-04 15:58:42 [http-nio-8080-exec-9] DEBUG o.s.jdbc.datasource.DataSourceUtils - Fetching JDBC Connection from DataSource
2026-01-04 15:58:42 [http-nio-8080-exec-9] DEBUG o.s.jdbc.core.JdbcTemplate - Executing prepared SQL query
2026-01-04 15:58:42 [http-nio-8080-exec-9] DEBUG o.s.jdbc.core.JdbcTemplate - Executing prepared SQL statement [SELECT COUNT(*) FROM schedules WHERE doctor_id = ? AND work_day = ?]
2026-01-04 15:58:42 [http-nio-8080-exec-9] DEBUG o.s.jdbc.datasource.DataSourceUtils - Fetching JDBC Connection from DataSource
2026-01-04 15:58:42 [http-nio-8080-exec-9] DEBUG o.s.jdbc.core.JdbcTemplate - Executing prepared SQL query
2026-01-04 15:58:42 [http-nio-8080-exec-9] DEBUG o.s.jdbc.core.JdbcTemplate - Executing prepared SQL statement [SELECT COUNT(*) FROM schedules WHERE doctor_id = ? AND work_day = ?]
2026-01-04 15:58:42 [http-nio-8080-exec-9] DEBUG o.s.jdbc.datasource.DataSourceUtils - Fetching JDBC Connection from DataSource
2026-01-04 15:58:42 [http-nio-8080-exec-9] DEBUG o.s.jdbc.core.JdbcTemplate - Executing prepared SQL query
2026-01-04 15:58:42 [http-nio-8080-exec-9] DEBUG o.s.jdbc.core.JdbcTemplate - Executing prepared SQL statement [SELECT COUNT(*) FROM schedules WHERE doctor_id = ? AND work_day = ?]
2026-01-04 15:58:42 [http-nio-8080-exec-9] DEBUG o.s.jdbc.datasource.DataSourceUtils - Fetching JDBC Connection from DataSource
2026-01-04 15:58:42 [http-nio-8080-exec-9] DEBUG o.s.jdbc.core.JdbcTemplate - Executing prepared SQL query
2026-01-04 15:58:42 [http-nio-8080-exec-9] DEBUG o.s.jdbc.core.JdbcTemplate - Executing prepared SQL statement [SELECT COUNT(*) FROM schedules WHERE doctor_id = ? AND work_day = ?]
2026-01-04 15:58:42 [http-nio-8080-exec-9] DEBUG o.s.jdbc.datasource.DataSourceUtils - Fetching JDBC Connection from DataSource
2026-01-04 15:58:42 [http-nio-8080-exec-9] DEBUG o.s.jdbc.core.JdbcTemplate - Executing prepared SQL query
2026-01-04 15:58:42 [http-nio-8080-exec-9] DEBUG o.s.jdbc.core.JdbcTemplate - Executing prepared SQL statement [SELECT COUNT(*) FROM schedules WHERE doctor_id = ? AND work_day = ?]
2026-01-04 15:58:42 [http-nio-8080-exec-9] DEBUG o.s.jdbc.datasource.DataSourceUtils - Fetching JDBC Connection from DataSource
2026-01-04 15:58:42 [http-nio-8080-exec-9] DEBUG o.s.jdbc.core.JdbcTemplate - Executing prepared SQL query
2026-01-04 15:58:42 [http-nio-8080-exec-9] DEBUG o.s.jdbc.core.JdbcTemplate - Executing prepared SQL statement [SELECT COUNT(*) FROM schedules WHERE doctor_id = ? AND work_day = ?]
2026-01-04 15:58:42 [http-nio-8080-exec-9] DEBUG o.s.jdbc.datasource.DataSourceUtils - Fetching JDBC Connection from DataSource
2026-01-04 15:58:42 [http-nio-8080-exec-9] DEBUG org.hibernate.SQL - 
    select
        d1_0.dept_id,
        d1_0.dept_code,
        d1_0.dept_name,
        d1_0.dept_type,
        d1_0.director_id,
        d1_0.introduction 
    from
        departments d1_0 
    where
        d1_0.dept_id=?
2026-01-04 15:58:42 [http-nio-8080-exec-9] TRACE org.hibernate.orm.jdbc.bind - binding parameter (1:INTEGER) <- [29]
2026-01-04 15:58:42 [http-nio-8080-exec-9] DEBUG o.s.jdbc.core.JdbcTemplate - Executing prepared SQL query
2026-01-04 15:58:42 [http-nio-8080-exec-9] DEBUG o.s.jdbc.core.JdbcTemplate - Executing prepared SQL statement [SELECT COUNT(*) FROM schedules WHERE doctor_id = ? AND work_day = ?]
2026-01-04 15:58:42 [http-nio-8080-exec-9] DEBUG o.s.jdbc.datasource.DataSourceUtils - Fetching JDBC Connection from DataSource
2026-01-04 15:58:42 [http-nio-8080-exec-9] DEBUG o.s.jdbc.core.JdbcTemplate - Executing prepared SQL query
2026-01-04 15:58:42 [http-nio-8080-exec-9] DEBUG o.s.jdbc.core.JdbcTemplate - Executing prepared SQL statement [SELECT COUNT(*) FROM schedules WHERE doctor_id = ? AND work_day = ?]
2026-01-04 15:58:42 [http-nio-8080-exec-9] DEBUG o.s.jdbc.datasource.DataSourceUtils - Fetching JDBC Connection from DataSource
2026-01-04 15:58:42 [http-nio-8080-exec-9] DEBUG o.s.jdbc.core.JdbcTemplate - Executing prepared SQL query
2026-01-04 15:58:42 [http-nio-8080-exec-9] DEBUG o.s.jdbc.core.JdbcTemplate - Executing prepared SQL statement [SELECT COUNT(*) FROM schedules WHERE doctor_id = ? AND work_day = ?]
2026-01-04 15:58:42 [http-nio-8080-exec-9] DEBUG o.s.jdbc.datasource.DataSourceUtils - Fetching JDBC Connection from DataSource
2026-01-04 15:58:42 [http-nio-8080-exec-9] DEBUG o.s.jdbc.core.JdbcTemplate - Executing prepared SQL query
2026-01-04 15:58:42 [http-nio-8080-exec-9] DEBUG o.s.jdbc.core.JdbcTemplate - Executing prepared SQL statement [SELECT COUNT(*) FROM schedules WHERE doctor_id = ? AND work_day = ?]
2026-01-04 15:58:42 [http-nio-8080-exec-9] DEBUG o.s.jdbc.datasource.DataSourceUtils - Fetching JDBC Connection from DataSource
2026-01-04 15:58:42 [http-nio-8080-exec-9] DEBUG o.s.jdbc.core.JdbcTemplate - Executing prepared SQL query
2026-01-04 15:58:42 [http-nio-8080-exec-9] DEBUG o.s.jdbc.core.JdbcTemplate - Executing prepared SQL statement [SELECT COUNT(*) FROM schedules WHERE doctor_id = ? AND work_day = ?]
2026-01-04 15:58:42 [http-nio-8080-exec-9] DEBUG o.s.jdbc.datasource.DataSourceUtils - Fetching JDBC Connection from DataSource
2026-01-04 15:58:42 [http-nio-8080-exec-9] DEBUG o.s.jdbc.core.JdbcTemplate - Executing prepared SQL query
2026-01-04 15:58:42 [http-nio-8080-exec-9] DEBUG o.s.jdbc.core.JdbcTemplate - Executing prepared SQL statement [SELECT COUNT(*) FROM schedules WHERE doctor_id = ? AND work_day = ?]
2026-01-04 15:58:42 [http-nio-8080-exec-9] DEBUG o.s.jdbc.datasource.DataSourceUtils - Fetching JDBC Connection from DataSource
2026-01-04 15:58:42 [http-nio-8080-exec-9] DEBUG o.s.jdbc.core.JdbcTemplate - Executing prepared SQL query
2026-01-04 15:58:42 [http-nio-8080-exec-9] DEBUG o.s.jdbc.core.JdbcTemplate - Executing prepared SQL statement [SELECT COUNT(*) FROM schedules WHERE doctor_id = ? AND work_day = ?]
2026-01-04 15:58:42 [http-nio-8080-exec-9] DEBUG o.s.jdbc.datasource.DataSourceUtils - Fetching JDBC Connection from DataSource
2026-01-04 15:58:42 [http-nio-8080-exec-9] DEBUG o.s.jdbc.core.JdbcTemplate - Executing prepared SQL query
2026-01-04 15:58:42 [http-nio-8080-exec-9] DEBUG o.s.jdbc.core.JdbcTemplate - Executing prepared SQL statement [SELECT COUNT(*) FROM schedules WHERE doctor_id = ? AND work_day = ?]
2026-01-04 15:58:42 [http-nio-8080-exec-9] DEBUG o.s.jdbc.datasource.DataSourceUtils - Fetching JDBC Connection from DataSource
2026-01-04 15:58:42 [http-nio-8080-exec-9] DEBUG o.s.jdbc.core.JdbcTemplate - Executing prepared SQL query
2026-01-04 15:58:42 [http-nio-8080-exec-9] DEBUG o.s.jdbc.core.JdbcTemplate - Executing prepared SQL statement [SELECT COUNT(*) FROM schedules WHERE doctor_id = ? AND work_day = ?]
2026-01-04 15:58:42 [http-nio-8080-exec-9] DEBUG o.s.jdbc.datasource.DataSourceUtils - Fetching JDBC Connection from DataSource
2026-01-04 15:58:42 [http-nio-8080-exec-9] DEBUG o.s.jdbc.core.JdbcTemplate - Executing prepared SQL query
2026-01-04 15:58:42 [http-nio-8080-exec-9] DEBUG o.s.jdbc.core.JdbcTemplate - Executing prepared SQL statement [SELECT COUNT(*) FROM schedules WHERE doctor_id = ? AND work_day = ?]
2026-01-04 15:58:42 [http-nio-8080-exec-9] DEBUG o.s.jdbc.datasource.DataSourceUtils - Fetching JDBC Connection from DataSource
2026-01-04 15:58:42 [http-nio-8080-exec-9] DEBUG o.s.jdbc.core.JdbcTemplate - Executing prepared SQL query
2026-01-04 15:58:42 [http-nio-8080-exec-9] DEBUG o.s.jdbc.core.JdbcTemplate - Executing prepared SQL statement [SELECT COUNT(*) FROM schedules WHERE doctor_id = ? AND work_day = ?]
2026-01-04 15:58:42 [http-nio-8080-exec-9] DEBUG o.s.jdbc.datasource.DataSourceUtils - Fetching JDBC Connection from DataSource
2026-01-04 15:58:42 [http-nio-8080-exec-9] DEBUG o.s.jdbc.core.JdbcTemplate - Executing prepared SQL query
2026-01-04 15:58:42 [http-nio-8080-exec-9] DEBUG o.s.jdbc.core.JdbcTemplate - Executing prepared SQL statement [SELECT COUNT(*) FROM schedules WHERE doctor_id = ? AND work_day = ?]
2026-01-04 15:58:42 [http-nio-8080-exec-9] DEBUG o.s.jdbc.datasource.DataSourceUtils - Fetching JDBC Connection from DataSource
2026-01-04 15:58:42 [http-nio-8080-exec-9] DEBUG o.s.jdbc.core.JdbcTemplate - Executing prepared SQL query
2026-01-04 15:58:42 [http-nio-8080-exec-9] DEBUG o.s.jdbc.core.JdbcTemplate - Executing prepared SQL statement [SELECT COUNT(*) FROM schedules WHERE doctor_id = ? AND work_day = ?]
2026-01-04 15:58:42 [http-nio-8080-exec-9] DEBUG o.s.jdbc.datasource.DataSourceUtils - Fetching JDBC Connection from DataSource
2026-01-04 15:58:42 [http-nio-8080-exec-9] DEBUG o.s.jdbc.core.JdbcTemplate - Executing prepared SQL query
2026-01-04 15:58:42 [http-nio-8080-exec-9] DEBUG o.s.jdbc.core.JdbcTemplate - Executing prepared SQL statement [SELECT COUNT(*) FROM schedules WHERE doctor_id = ? AND work_day = ?]
2026-01-04 15:58:42 [http-nio-8080-exec-9] DEBUG o.s.jdbc.datasource.DataSourceUtils - Fetching JDBC Connection from DataSource
2026-01-04 15:58:42 [http-nio-8080-exec-9] DEBUG o.s.jdbc.core.JdbcTemplate - Executing prepared SQL query
2026-01-04 15:58:42 [http-nio-8080-exec-9] DEBUG o.s.jdbc.core.JdbcTemplate - Executing prepared SQL statement [SELECT COUNT(*) FROM schedules WHERE doctor_id = ? AND work_day = ?]
2026-01-04 15:58:42 [http-nio-8080-exec-9] DEBUG o.s.jdbc.datasource.DataSourceUtils - Fetching JDBC Connection from DataSource
2026-01-04 15:58:42 [http-nio-8080-exec-9] DEBUG org.hibernate.SQL - 
    select
        d1_0.dept_id,
        d1_0.dept_code,
        d1_0.dept_name,
        d1_0.dept_type,
        d1_0.director_id,
        d1_0.introduction 
    from
        departments d1_0 
    where
        d1_0.dept_id=?
2026-01-04 15:58:42 [http-nio-8080-exec-9] TRACE org.hibernate.orm.jdbc.bind - binding parameter (1:INTEGER) <- [30]
2026-01-04 15:58:42 [http-nio-8080-exec-9] DEBUG o.s.jdbc.core.JdbcTemplate - Executing prepared SQL query
2026-01-04 15:58:42 [http-nio-8080-exec-9] DEBUG o.s.jdbc.core.JdbcTemplate - Executing prepared SQL statement [SELECT COUNT(*) FROM schedules WHERE doctor_id = ? AND work_day = ?]
2026-01-04 15:58:42 [http-nio-8080-exec-9] DEBUG o.s.jdbc.datasource.DataSourceUtils - Fetching JDBC Connection from DataSource
2026-01-04 15:58:42 [http-nio-8080-exec-9] DEBUG o.s.jdbc.core.JdbcTemplate - Executing prepared SQL query
2026-01-04 15:58:42 [http-nio-8080-exec-9] DEBUG o.s.jdbc.core.JdbcTemplate - Executing prepared SQL statement [SELECT COUNT(*) FROM schedules WHERE doctor_id = ? AND work_day = ?]
2026-01-04 15:58:42 [http-nio-8080-exec-9] DEBUG o.s.jdbc.datasource.DataSourceUtils - Fetching JDBC Connection from DataSource
2026-01-04 15:58:42 [http-nio-8080-exec-9] DEBUG o.s.jdbc.core.JdbcTemplate - Executing prepared SQL query
2026-01-04 15:58:42 [http-nio-8080-exec-9] DEBUG o.s.jdbc.core.JdbcTemplate - Executing prepared SQL statement [SELECT COUNT(*) FROM schedules WHERE doctor_id = ? AND work_day = ?]
2026-01-04 15:58:42 [http-nio-8080-exec-9] DEBUG o.s.jdbc.datasource.DataSourceUtils - Fetching JDBC Connection from DataSource
2026-01-04 15:58:42 [http-nio-8080-exec-9] DEBUG o.s.jdbc.core.JdbcTemplate - Executing prepared SQL query
2026-01-04 15:58:42 [http-nio-8080-exec-9] DEBUG o.s.jdbc.core.JdbcTemplate - Executing prepared SQL statement [SELECT COUNT(*) FROM schedules WHERE doctor_id = ? AND work_day = ?]
2026-01-04 15:58:42 [http-nio-8080-exec-9] DEBUG o.s.jdbc.datasource.DataSourceUtils - Fetching JDBC Connection from DataSource
2026-01-04 15:58:42 [http-nio-8080-exec-9] DEBUG o.s.jdbc.core.JdbcTemplate - Executing prepared SQL query
2026-01-04 15:58:42 [http-nio-8080-exec-9] DEBUG o.s.jdbc.core.JdbcTemplate - Executing prepared SQL statement [SELECT COUNT(*) FROM schedules WHERE doctor_id = ? AND work_day = ?]
2026-01-04 15:58:42 [http-nio-8080-exec-9] DEBUG o.s.jdbc.datasource.DataSourceUtils - Fetching JDBC Connection from DataSource
2026-01-04 15:58:42 [http-nio-8080-exec-9] DEBUG o.s.jdbc.core.JdbcTemplate - Executing prepared SQL query
2026-01-04 15:58:42 [http-nio-8080-exec-9] DEBUG o.s.jdbc.core.JdbcTemplate - Executing prepared SQL statement [SELECT COUNT(*) FROM schedules WHERE doctor_id = ? AND work_day = ?]
2026-01-04 15:58:42 [http-nio-8080-exec-9] DEBUG o.s.jdbc.datasource.DataSourceUtils - Fetching JDBC Connection from DataSource
2026-01-04 15:58:42 [http-nio-8080-exec-9] DEBUG o.s.jdbc.core.JdbcTemplate - Executing prepared SQL query
2026-01-04 15:58:42 [http-nio-8080-exec-9] DEBUG o.s.jdbc.core.JdbcTemplate - Executing prepared SQL statement [SELECT COUNT(*) FROM schedules WHERE doctor_id = ? AND work_day = ?]
2026-01-04 15:58:42 [http-nio-8080-exec-9] DEBUG o.s.jdbc.datasource.DataSourceUtils - Fetching JDBC Connection from DataSource
2026-01-04 15:58:42 [http-nio-8080-exec-9] DEBUG o.s.jdbc.core.JdbcTemplate - Executing prepared SQL query
2026-01-04 15:58:42 [http-nio-8080-exec-9] DEBUG o.s.jdbc.core.JdbcTemplate - Executing prepared SQL statement [SELECT COUNT(*) FROM schedules WHERE doctor_id = ? AND work_day = ?]
2026-01-04 15:58:42 [http-nio-8080-exec-9] DEBUG o.s.jdbc.datasource.DataSourceUtils - Fetching JDBC Connection from DataSource
2026-01-04 15:58:42 [http-nio-8080-exec-9] DEBUG o.s.jdbc.core.JdbcTemplate - Executing prepared SQL query
2026-01-04 15:58:42 [http-nio-8080-exec-9] DEBUG o.s.jdbc.core.JdbcTemplate - Executing prepared SQL statement [SELECT COUNT(*) FROM schedules WHERE doctor_id = ? AND work_day = ?]
2026-01-04 15:58:42 [http-nio-8080-exec-9] DEBUG o.s.jdbc.datasource.DataSourceUtils - Fetching JDBC Connection from DataSource
2026-01-04 15:58:42 [http-nio-8080-exec-9] DEBUG o.s.jdbc.core.JdbcTemplate - Executing prepared SQL query
2026-01-04 15:58:42 [http-nio-8080-exec-9] DEBUG o.s.jdbc.core.JdbcTemplate - Executing prepared SQL statement [SELECT COUNT(*) FROM schedules WHERE doctor_id = ? AND work_day = ?]
2026-01-04 15:58:42 [http-nio-8080-exec-9] DEBUG o.s.jdbc.datasource.DataSourceUtils - Fetching JDBC Connection from DataSource
2026-01-04 15:58:42 [http-nio-8080-exec-9] DEBUG o.s.jdbc.core.JdbcTemplate - Executing prepared SQL query
2026-01-04 15:58:42 [http-nio-8080-exec-9] DEBUG o.s.jdbc.core.JdbcTemplate - Executing prepared SQL statement [SELECT COUNT(*) FROM schedules WHERE doctor_id = ? AND work_day = ?]
2026-01-04 15:58:42 [http-nio-8080-exec-9] DEBUG o.s.jdbc.datasource.DataSourceUtils - Fetching JDBC Connection from DataSource
2026-01-04 15:58:42 [http-nio-8080-exec-9] DEBUG o.s.jdbc.core.JdbcTemplate - Executing prepared SQL query
2026-01-04 15:58:42 [http-nio-8080-exec-9] DEBUG o.s.jdbc.core.JdbcTemplate - Executing prepared SQL statement [SELECT COUNT(*) FROM schedules WHERE doctor_id = ? AND work_day = ?]
2026-01-04 15:58:42 [http-nio-8080-exec-9] DEBUG o.s.jdbc.datasource.DataSourceUtils - Fetching JDBC Connection from DataSource
2026-01-04 15:58:42 [http-nio-8080-exec-9] DEBUG o.s.jdbc.core.JdbcTemplate - Executing prepared SQL query
2026-01-04 15:58:42 [http-nio-8080-exec-9] DEBUG o.s.jdbc.core.JdbcTemplate - Executing prepared SQL statement [SELECT COUNT(*) FROM schedules WHERE doctor_id = ? AND work_day = ?]
2026-01-04 15:58:42 [http-nio-8080-exec-9] DEBUG o.s.jdbc.datasource.DataSourceUtils - Fetching JDBC Connection from DataSource
2026-01-04 15:58:42 [http-nio-8080-exec-9] DEBUG o.s.jdbc.core.JdbcTemplate - Executing prepared SQL query
2026-01-04 15:58:42 [http-nio-8080-exec-9] DEBUG o.s.jdbc.core.JdbcTemplate - Executing prepared SQL statement [SELECT COUNT(*) FROM schedules WHERE doctor_id = ? AND work_day = ?]
2026-01-04 15:58:42 [http-nio-8080-exec-9] DEBUG o.s.jdbc.datasource.DataSourceUtils - Fetching JDBC Connection from DataSource
2026-01-04 15:58:42 [http-nio-8080-exec-9] DEBUG o.s.jdbc.core.JdbcTemplate - Executing prepared SQL query
2026-01-04 15:58:42 [http-nio-8080-exec-9] DEBUG o.s.jdbc.core.JdbcTemplate - Executing prepared SQL statement [SELECT COUNT(*) FROM schedules WHERE doctor_id = ? AND work_day = ?]
2026-01-04 15:58:42 [http-nio-8080-exec-9] DEBUG o.s.jdbc.datasource.DataSourceUtils - Fetching JDBC Connection from DataSource
2026-01-04 15:58:42 [http-nio-8080-exec-9] DEBUG o.s.w.s.m.m.a.HttpEntityMethodProcessor - Using 'application/json', given [*/*] and supported [application/json, application/*+json]
2026-01-04 15:58:42 [http-nio-8080-exec-9] DEBUG o.s.w.s.m.m.a.HttpEntityMethodProcessor - Writing [PageResultDTO(data=[DoctorDTO(doctorId=3, doctorCode=YS017, name=陈文静, deptId=1, deptCode=KS001, dept (truncated)...]
2026-01-04 15:58:42 [http-nio-8080-exec-9] DEBUG o.s.o.j.s.OpenEntityManagerInViewInterceptor - Closing JPA EntityManager in OpenEntityManagerInViewInterceptor
2026-01-04 15:58:42 [http-nio-8080-exec-9] DEBUG o.s.web.servlet.DispatcherServlet - Completed 200 OK
2026-01-04 15:58:45 [http-nio-8080-exec-8] DEBUG o.s.web.servlet.DispatcherServlet - GET "/login", parameters={}
2026-01-04 15:58:45 [http-nio-8080-exec-8] DEBUG o.s.w.s.m.m.a.RequestMappingHandlerMapping - Mapped to com.example.aihealthcheck.controller.HomeController#login()
2026-01-04 15:58:45 [http-nio-8080-exec-8] DEBUG o.s.o.j.s.OpenEntityManagerInViewInterceptor - Opening JPA EntityManager in OpenEntityManagerInViewInterceptor
2026-01-04 15:58:45 [http-nio-8080-exec-8] DEBUG o.s.w.s.v.ContentNegotiatingViewResolver - Selected 'text/html' given [text/html, application/xhtml+xml, image/avif, image/webp, image/apng, application/xml;q=0.9, */*;q=0.8, application/signed-exchange;v=b3;q=0.7]
2026-01-04 15:58:45 [http-nio-8080-exec-8] DEBUG o.s.o.j.s.OpenEntityManagerInViewInterceptor - Closing JPA EntityManager in OpenEntityManagerInViewInterceptor
2026-01-04 15:58:45 [http-nio-8080-exec-8] DEBUG o.s.web.servlet.DispatcherServlet - Completed 200 OK
2026-01-04 15:58:46 [http-nio-8080-exec-10] DEBUG o.s.web.servlet.DispatcherServlet - GET "/css/common.css", parameters={}
2026-01-04 15:58:46 [http-nio-8080-exec-10] DEBUG o.s.w.s.h.SimpleUrlHandlerMapping - Mapped to ResourceHttpRequestHandler [classpath [META-INF/resources/], classpath [resources/], classpath [static/], classpath [public/], ServletContext [/]]
2026-01-04 15:58:46 [http-nio-8080-exec-10] DEBUG o.s.o.j.s.OpenEntityManagerInViewInterceptor - Opening JPA EntityManager in OpenEntityManagerInViewInterceptor
2026-01-04 15:58:46 [http-nio-8080-exec-1] DEBUG o.s.web.servlet.DispatcherServlet - GET "/css/login.css", parameters={}
2026-01-04 15:58:46 [http-nio-8080-exec-1] DEBUG o.s.w.s.h.SimpleUrlHandlerMapping - Mapped to ResourceHttpRequestHandler [classpath [META-INF/resources/], classpath [resources/], classpath [static/], classpath [public/], ServletContext [/]]
2026-01-04 15:58:46 [http-nio-8080-exec-6] DEBUG o.s.web.servlet.DispatcherServlet - GET "/js/login.js", parameters={}
2026-01-04 15:58:46 [http-nio-8080-exec-1] DEBUG o.s.o.j.s.OpenEntityManagerInViewInterceptor - Opening JPA EntityManager in OpenEntityManagerInViewInterceptor
2026-01-04 15:58:46 [http-nio-8080-exec-6] DEBUG o.s.w.s.h.SimpleUrlHandlerMapping - Mapped to ResourceHttpRequestHandler [classpath [META-INF/resources/], classpath [resources/], classpath [static/], classpath [public/], ServletContext [/]]
2026-01-04 15:58:46 [http-nio-8080-exec-6] DEBUG o.s.o.j.s.OpenEntityManagerInViewInterceptor - Opening JPA EntityManager in OpenEntityManagerInViewInterceptor
2026-01-04 15:58:46 [http-nio-8080-exec-2] DEBUG o.s.web.servlet.DispatcherServlet - GET "/js/common.js", parameters={}
2026-01-04 15:58:46 [http-nio-8080-exec-2] DEBUG o.s.w.s.h.SimpleUrlHandlerMapping - Mapped to ResourceHttpRequestHandler [classpath [META-INF/resources/], classpath [resources/], classpath [static/], classpath [public/], ServletContext [/]]
2026-01-04 15:58:46 [http-nio-8080-exec-2] DEBUG o.s.o.j.s.OpenEntityManagerInViewInterceptor - Opening JPA EntityManager in OpenEntityManagerInViewInterceptor
2026-01-04 15:58:46 [http-nio-8080-exec-10] DEBUG o.s.o.j.s.OpenEntityManagerInViewInterceptor - Closing JPA EntityManager in OpenEntityManagerInViewInterceptor
2026-01-04 15:58:46 [http-nio-8080-exec-10] DEBUG o.s.web.servlet.DispatcherServlet - Completed 200 OK
2026-01-04 15:58:46 [http-nio-8080-exec-6] DEBUG o.s.o.j.s.OpenEntityManagerInViewInterceptor - Closing JPA EntityManager in OpenEntityManagerInViewInterceptor
2026-01-04 15:58:46 [http-nio-8080-exec-6] DEBUG o.s.web.servlet.DispatcherServlet - Completed 200 OK
2026-01-04 15:58:46 [http-nio-8080-exec-1] DEBUG o.s.o.j.s.OpenEntityManagerInViewInterceptor - Closing JPA EntityManager in OpenEntityManagerInViewInterceptor
2026-01-04 15:58:46 [http-nio-8080-exec-1] DEBUG o.s.web.servlet.DispatcherServlet - Completed 200 OK
2026-01-04 15:58:46 [http-nio-8080-exec-2] DEBUG o.s.o.j.s.OpenEntityManagerInViewInterceptor - Closing JPA EntityManager in OpenEntityManagerInViewInterceptor
2026-01-04 15:58:46 [http-nio-8080-exec-2] DEBUG o.s.web.servlet.DispatcherServlet - Completed 200 OK
2026-01-04 15:58:49 [http-nio-8080-exec-3] DEBUG o.s.web.servlet.DispatcherServlet - GET "/login", parameters={}
2026-01-04 15:58:49 [http-nio-8080-exec-3] DEBUG o.s.w.s.m.m.a.RequestMappingHandlerMapping - Mapped to com.example.aihealthcheck.controller.HomeController#login()
2026-01-04 15:58:49 [http-nio-8080-exec-3] DEBUG o.s.o.j.s.OpenEntityManagerInViewInterceptor - Opening JPA EntityManager in OpenEntityManagerInViewInterceptor
2026-01-04 15:58:49 [http-nio-8080-exec-3] DEBUG o.s.w.s.v.ContentNegotiatingViewResolver - Selected 'text/html' given [text/html, application/xhtml+xml, image/avif, image/webp, image/apng, application/xml;q=0.9, */*;q=0.8, application/signed-exchange;v=b3;q=0.7]
2026-01-04 15:58:49 [http-nio-8080-exec-3] DEBUG o.s.o.j.s.OpenEntityManagerInViewInterceptor - Closing JPA EntityManager in OpenEntityManagerInViewInterceptor
2026-01-04 15:58:49 [http-nio-8080-exec-3] DEBUG o.s.web.servlet.DispatcherServlet - Completed 200 OK
2026-01-04 15:58:49 [http-nio-8080-exec-7] DEBUG o.s.web.servlet.DispatcherServlet - GET "/css/common.css", parameters={}
2026-01-04 15:58:49 [http-nio-8080-exec-5] DEBUG o.s.web.servlet.DispatcherServlet - GET "/css/login.css", parameters={}
2026-01-04 15:58:49 [http-nio-8080-exec-7] DEBUG o.s.w.s.h.SimpleUrlHandlerMapping - Mapped to ResourceHttpRequestHandler [classpath [META-INF/resources/], classpath [resources/], classpath [static/], classpath [public/], ServletContext [/]]
2026-01-04 15:58:49 [http-nio-8080-exec-7] DEBUG o.s.o.j.s.OpenEntityManagerInViewInterceptor - Opening JPA EntityManager in OpenEntityManagerInViewInterceptor
2026-01-04 15:58:49 [http-nio-8080-exec-5] DEBUG o.s.w.s.h.SimpleUrlHandlerMapping - Mapped to ResourceHttpRequestHandler [classpath [META-INF/resources/], classpath [resources/], classpath [static/], classpath [public/], ServletContext [/]]
2026-01-04 15:58:49 [http-nio-8080-exec-5] DEBUG o.s.o.j.s.OpenEntityManagerInViewInterceptor - Opening JPA EntityManager in OpenEntityManagerInViewInterceptor
2026-01-04 15:58:49 [http-nio-8080-exec-4] DEBUG o.s.web.servlet.DispatcherServlet - GET "/js/common.js", parameters={}
2026-01-04 15:58:49 [http-nio-8080-exec-9] DEBUG o.s.web.servlet.DispatcherServlet - GET "/js/login.js", parameters={}
2026-01-04 15:58:49 [http-nio-8080-exec-4] DEBUG o.s.w.s.h.SimpleUrlHandlerMapping - Mapped to ResourceHttpRequestHandler [classpath [META-INF/resources/], classpath [resources/], classpath [static/], classpath [public/], ServletContext [/]]
2026-01-04 15:58:49 [http-nio-8080-exec-4] DEBUG o.s.o.j.s.OpenEntityManagerInViewInterceptor - Opening JPA EntityManager in OpenEntityManagerInViewInterceptor
2026-01-04 15:58:49 [http-nio-8080-exec-9] DEBUG o.s.w.s.h.SimpleUrlHandlerMapping - Mapped to ResourceHttpRequestHandler [classpath [META-INF/resources/], classpath [resources/], classpath [static/], classpath [public/], ServletContext [/]]
2026-01-04 15:58:49 [http-nio-8080-exec-9] DEBUG o.s.o.j.s.OpenEntityManagerInViewInterceptor - Opening JPA EntityManager in OpenEntityManagerInViewInterceptor
2026-01-04 15:58:49 [http-nio-8080-exec-5] DEBUG o.s.o.j.s.OpenEntityManagerInViewInterceptor - Closing JPA EntityManager in OpenEntityManagerInViewInterceptor
2026-01-04 15:58:49 [http-nio-8080-exec-7] DEBUG o.s.o.j.s.OpenEntityManagerInViewInterceptor - Closing JPA EntityManager in OpenEntityManagerInViewInterceptor
2026-01-04 15:58:49 [http-nio-8080-exec-5] DEBUG o.s.web.servlet.DispatcherServlet - Completed 200 OK
2026-01-04 15:58:49 [http-nio-8080-exec-7] DEBUG o.s.web.servlet.DispatcherServlet - Completed 200 OK
2026-01-04 15:58:49 [http-nio-8080-exec-4] DEBUG o.s.o.j.s.OpenEntityManagerInViewInterceptor - Closing JPA EntityManager in OpenEntityManagerInViewInterceptor
2026-01-04 15:58:49 [http-nio-8080-exec-4] DEBUG o.s.web.servlet.DispatcherServlet - Completed 200 OK
2026-01-04 15:58:49 [http-nio-8080-exec-9] DEBUG o.s.o.j.s.OpenEntityManagerInViewInterceptor - Closing JPA EntityManager in OpenEntityManagerInViewInterceptor
2026-01-04 15:58:49 [http-nio-8080-exec-9] DEBUG o.s.web.servlet.DispatcherServlet - Completed 200 OK
2026-01-04 15:58:49 [http-nio-8080-exec-8] DEBUG o.s.web.servlet.DispatcherServlet - GET "/login", parameters={}
2026-01-04 15:58:49 [http-nio-8080-exec-8] DEBUG o.s.w.s.m.m.a.RequestMappingHandlerMapping - Mapped to com.example.aihealthcheck.controller.HomeController#login()
2026-01-04 15:58:49 [http-nio-8080-exec-8] DEBUG o.s.o.j.s.OpenEntityManagerInViewInterceptor - Opening JPA EntityManager in OpenEntityManagerInViewInterceptor
2026-01-04 15:58:49 [http-nio-8080-exec-8] DEBUG o.s.w.s.v.ContentNegotiatingViewResolver - Selected 'text/html' given [text/html, application/xhtml+xml, image/avif, image/webp, image/apng, application/xml;q=0.9, */*;q=0.8, application/signed-exchange;v=b3;q=0.7]
2026-01-04 15:58:49 [http-nio-8080-exec-8] DEBUG o.s.o.j.s.OpenEntityManagerInViewInterceptor - Closing JPA EntityManager in OpenEntityManagerInViewInterceptor
2026-01-04 15:58:49 [http-nio-8080-exec-8] DEBUG o.s.web.servlet.DispatcherServlet - Completed 200 OK
2026-01-04 15:58:49 [http-nio-8080-exec-10] DEBUG o.s.web.servlet.DispatcherServlet - GET "/css/common.css", parameters={}
2026-01-04 15:58:49 [http-nio-8080-exec-6] DEBUG o.s.web.servlet.DispatcherServlet - GET "/css/login.css", parameters={}
2026-01-04 15:58:49 [http-nio-8080-exec-1] DEBUG o.s.web.servlet.DispatcherServlet - GET "/js/common.js", parameters={}
2026-01-04 15:58:49 [http-nio-8080-exec-1] DEBUG o.s.w.s.h.SimpleUrlHandlerMapping - Mapped to ResourceHttpRequestHandler [classpath [META-INF/resources/], classpath [resources/], classpath [static/], classpath [public/], ServletContext [/]]
2026-01-04 15:58:49 [http-nio-8080-exec-10] DEBUG o.s.w.s.h.SimpleUrlHandlerMapping - Mapped to ResourceHttpRequestHandler [classpath [META-INF/resources/], classpath [resources/], classpath [static/], classpath [public/], ServletContext [/]]
2026-01-04 15:58:49 [http-nio-8080-exec-6] DEBUG o.s.w.s.h.SimpleUrlHandlerMapping - Mapped to ResourceHttpRequestHandler [classpath [META-INF/resources/], classpath [resources/], classpath [static/], classpath [public/], ServletContext [/]]
2026-01-04 15:58:49 [http-nio-8080-exec-1] DEBUG o.s.o.j.s.OpenEntityManagerInViewInterceptor - Opening JPA EntityManager in OpenEntityManagerInViewInterceptor
2026-01-04 15:58:49 [http-nio-8080-exec-10] DEBUG o.s.o.j.s.OpenEntityManagerInViewInterceptor - Opening JPA EntityManager in OpenEntityManagerInViewInterceptor
2026-01-04 15:58:49 [http-nio-8080-exec-2] DEBUG o.s.web.servlet.DispatcherServlet - GET "/js/login.js", parameters={}
2026-01-04 15:58:49 [http-nio-8080-exec-6] DEBUG o.s.o.j.s.OpenEntityManagerInViewInterceptor - Opening JPA EntityManager in OpenEntityManagerInViewInterceptor
2026-01-04 15:58:49 [http-nio-8080-exec-2] DEBUG o.s.w.s.h.SimpleUrlHandlerMapping - Mapped to ResourceHttpRequestHandler [classpath [META-INF/resources/], classpath [resources/], classpath [static/], classpath [public/], ServletContext [/]]
2026-01-04 15:58:49 [http-nio-8080-exec-2] DEBUG o.s.o.j.s.OpenEntityManagerInViewInterceptor - Opening JPA EntityManager in OpenEntityManagerInViewInterceptor
2026-01-04 15:58:49 [http-nio-8080-exec-6] DEBUG o.s.o.j.s.OpenEntityManagerInViewInterceptor - Closing JPA EntityManager in OpenEntityManagerInViewInterceptor
2026-01-04 15:58:49 [http-nio-8080-exec-10] DEBUG o.s.o.j.s.OpenEntityManagerInViewInterceptor - Closing JPA EntityManager in OpenEntityManagerInViewInterceptor
2026-01-04 15:58:49 [http-nio-8080-exec-6] DEBUG o.s.web.servlet.DispatcherServlet - Completed 200 OK
2026-01-04 15:58:49 [http-nio-8080-exec-10] DEBUG o.s.web.servlet.DispatcherServlet - Completed 200 OK
2026-01-04 15:58:49 [http-nio-8080-exec-1] DEBUG o.s.o.j.s.OpenEntityManagerInViewInterceptor - Closing JPA EntityManager in OpenEntityManagerInViewInterceptor
2026-01-04 15:58:49 [http-nio-8080-exec-1] DEBUG o.s.web.servlet.DispatcherServlet - Completed 200 OK
2026-01-04 15:58:49 [http-nio-8080-exec-2] DEBUG o.s.o.j.s.OpenEntityManagerInViewInterceptor - Closing JPA EntityManager in OpenEntityManagerInViewInterceptor
2026-01-04 15:58:49 [http-nio-8080-exec-2] DEBUG o.s.web.servlet.DispatcherServlet - Completed 200 OK
